entry_time,exit_time,direction,entry_price,exit_price,exit_reason,points,pnl_pct,score,pillars_fired
2025-06-09 09:30:00+05:30,2025-06-09 15:25:00+05:30,long,25091.45,25103.1,eod,11.649999999997817,0.04643015848027044,5.0,"['sr_alignment', 'fib_alignment', 'fvg_overlap', 'multi_tf_confluence']"
2025-06-10 10:15:00+05:30,2025-06-10 15:25:00+05:30,short,25158.8,25091.5,eod,67.29999999999927,0.2675008346979954,4.0,"['sr_alignment', 'fib_alignment', 'multi_tf_confluence']"
2025-06-10 11:00:00+05:30,2025-06-10 15:25:00+05:30,short,25116.8,25091.5,eod,25.299999999999272,0.10072939227926835,4.0,"['sr_alignment', 'volume_node_alignment', 'fvg_overlap', 'multi_tf_confluence']"
2025-06-11 09:30:00+05:30,2025-06-11 12:20:00+05:30,short,25141.85,25217.275549999995,sl,-75.42554999999629,-0.2999999999999853,4.0,"['sr_alignment', 'volume_node_alignment', 'multi_tf_confluence']"
2025-06-11 13:50:00+05:30,2025-06-11 15:25:00+05:30,long,25108.85,25126.8,eod,17.950000000000728,0.07148873803460026,4.0,"['sr_alignment', 'volume_node_alignment', 'multi_tf_confluence']"
2025-06-12 10:15:00+05:30,2025-06-12 12:00:00+05:30,short,25090.7,25015.427900000002,tp,75.27209999999832,0.29999999999999327,4.0,"['sr_alignment', 'volume_node_alignment', 'fib_alignment', 'fvg_overlap', 'multi_tf_confluence']"
2025-06-16 09:45:00+05:30,2025-06-16 10:15:00+05:30,long,24713.25,24787.38975,tp,74.13974999999846,0.29999999999999377,5.0,"['sr_alignment', 'volume_node_alignment', 'fvg_overlap', 'multi_tf_confluence']"
2025-06-16 10:40:00+05:30,2025-06-16 12:35:00+05:30,long,24869.7,24944.3091,tp,74.60909999999785,0.2999999999999914,4.0,"['sr_alignment', 'volume_node_alignment', 'fvg_overlap', 'multi_tf_confluence']"
2025-06-16 11:15:00+05:30,2025-06-16 15:25:00+05:30,long,24905.85,24940.95,eod,35.10000000000218,0.14093074518638063,4.0,"['volume_node_alignment', 'fib_alignment', 'fvg_overlap', 'multi_tf_confluence']"
2025-06-17 11:15:00+05:30,2025-06-17 15:25:00+05:30,long,24870.55,24841.5,eod,-29.049999999999272,-0.11680481533379548,5.0,"['sr_alignment', 'volume_node_alignment', 'fvg_overlap', 'multi_tf_confluence']"
2025-06-17 11:45:00+05:30,2025-06-17 15:25:00+05:30,long,24885.9,24841.5,eod,-44.400000000001455,-0.17841428278664406,5.0,"['sr_alignment', 'volume_node_alignment', 'fvg_overlap', 'multi_tf_confluence']"
2025-06-18 10:20:00+05:30,2025-06-18 11:30:00+05:30,long,24878.7,24804.0639,sl,-74.63609999999971,-0.2999999999999988,5.0,"['sr_alignment', 'volume_node_alignment', 'fib_alignment', 'fvg_overlap', 'multi_tf_confluence']"
2025-06-19 12:05:00+05:30,2025-06-19 15:25:00+05:30,short,24815.9,24744.7,eod,71.20000000000073,0.2869128260510428,4.0,"['sr_alignment', 'volume_node_alignment', 'fvg_overlap', 'multi_tf_confluence']"
2025-06-19 14:00:00+05:30,2025-06-19 15:25:00+05:30,short,24827.3,24744.7,eod,82.59999999999854,0.3326982797162742,4.0,"['sr_alignment', 'volume_node_alignment', 'fvg_overlap', 'multi_tf_confluence']"
2025-06-20 09:30:00+05:30,2025-06-20 10:10:00+05:30,short,24832.0,24906.495999999996,sl,-74.49599999999555,-0.29999999999998206,4.0,"['sr_alignment', 'volume_node_alignment', 'fib_alignment', 'fvg_overlap', 'multi_tf_confluence']"
2025-06-20 10:00:00+05:30,2025-06-20 10:15:00+05:30,short,24876.6,24951.229799999997,sl,-74.6297999999988,-0.2999999999999952,4.0,"['sr_alignment', 'volume_node_alignment', 'fib_alignment', 'multi_tf_confluence']"
2025-06-23 13:30:00+05:30,2025-06-23 15:25:00+05:30,long,25031.15,24958.9,eod,-72.25,-0.288640354118768,4.0,"['sr_alignment', 'fvg_overlap', 'multi_tf_confluence']"
2025-06-24 09:55:00+05:30,2025-06-24 11:05:00+05:30,short,25193.0,25268.578999999998,sl,-75.5789999999979,-0.29999999999999166,4.0,"['fib_alignment', 'fvg_overlap', 'multi_tf_confluence']"
2025-06-25 09:30:00+05:30,2025-06-25 13:25:00+05:30,short,25179.4,25254.9382,sl,-75.53819999999905,-0.2999999999999962,4.0,"['sr_alignment', 'fib_alignment', 'fvg_overlap', 'multi_tf_confluence']"
2025-06-25 12:15:00+05:30,2025-06-25 13:25:00+05:30,short,25182.65,25258.197949999998,sl,-75.54794999999649,-0.29999999999998606,4.0,"['sr_alignment', 'fvg_overlap', 'multi_tf_confluence']"
2025-06-26 14:20:00+05:30,2025-06-26 15:25:00+05:30,long,25512.55,25530.4,eod,17.850000000002183,0.06996556596656228,4.0,"['fib_alignment', 'fvg_overlap', 'multi_tf_confluence']"
2025-06-30 13:00:00+05:30,2025-06-30 15:25:00+05:30,long,25512.05,25507.45,eod,-4.599999999998545,-0.01803069529888247,4.0,"['sr_alignment', 'fvg_overlap', 'multi_tf_confluence']"
2025-07-01 09:50:00+05:30,2025-07-01 15:25:00+05:30,long,25560.7,25533.0,eod,-27.700000000000728,-0.10836948909850172,4.0,"['sr_alignment', 'volume_node_alignment', 'fvg_overlap', 'multi_tf_confluence']"
2025-07-02 12:15:00+05:30,2025-07-02 13:25:00+05:30,long,25492.05,25415.57385,sl,-76.4761499999986,-0.2999999999999945,4.0,"['sr_alignment', 'volume_node_alignment', 'multi_tf_confluence']"
2025-07-02 13:25:00+05:30,2025-07-02 15:25:00+05:30,short,25405.35,25442.85,eod,-37.5,-0.1476067048869628,4.0,"['approach_volume_match', 'fvg_overlap', 'multi_tf_confluence']"
2025-07-03 12:40:00+05:30,2025-07-03 14:30:00+05:30,short,25518.4,25441.844800000003,tp,76.55519999999888,0.2999999999999956,4.0,"['sr_alignment', 'volume_node_alignment', 'multi_tf_confluence']"
2025-07-03 13:45:00+05:30,2025-07-03 14:30:00+05:30,long,25512.5,25435.9625,sl,-76.53749999999854,-0.29999999999999427,4.0,"['sr_alignment', 'volume_node_alignment', 'fvg_overlap', 'multi_tf_confluence']"
2025-07-07 09:40:00+05:30,2025-07-07 15:25:00+05:30,long,25451.9,25454.95,eod,3.0499999999992724,0.011983388273564143,4.0,"['sr_alignment', 'fvg_overlap', 'multi_tf_confluence']"
2025-07-08 10:00:00+05:30,2025-07-08 15:10:00+05:30,long,25455.85,25532.217549999998,tp,76.36754999999903,0.2999999999999962,4.0,"['sr_alignment', 'volume_node_alignment', 'multi_tf_confluence']"
2025-07-08 10:30:00+05:30,2025-07-08 15:05:00+05:30,long,25448.4,25524.745199999998,tp,76.34519999999611,0.2999999999999847,4.0,"['sr_alignment', 'volume_node_alignment', 'multi_tf_confluence']"
2025-07-08 12:15:00+05:30,2025-07-08 15:05:00+05:30,long,25453.3,25529.659899999995,tp,76.35989999999583,0.2999999999999836,4.0,"['sr_alignment', 'volume_node_alignment', 'multi_tf_confluence']"
2025-07-09 13:05:00+05:30,2025-07-09 14:50:00+05:30,long,25515.05,25438.504849999998,sl,-76.54515000000174,-0.3000000000000068,4.0,"['sr_alignment', 'approach_volume_match', 'multi_tf_confluence']"
2025-07-15 11:20:00+05:30,2025-07-15 15:25:00+05:30,long,25217.4,25219.65,eod,2.25,0.008922410716410097,4.0,"['fib_alignment', 'fvg_overlap', 'multi_tf_confluence']"
2025-07-16 09:30:00+05:30,2025-07-16 14:10:00+05:30,long,25158.15,25233.62445,tp,75.47444999999789,0.2999999999999916,4.0,"['sr_alignment', 'volume_node_alignment', 'fvg_overlap', 'multi_tf_confluence']"
2025-07-16 10:00:00+05:30,2025-07-16 12:45:00+05:30,long,25152.75,25228.208249999996,tp,75.45824999999604,0.2999999999999843,4.0,"['sr_alignment', 'volume_node_alignment', 'multi_tf_confluence']"
2025-07-16 11:20:00+05:30,2025-07-16 12:45:00+05:30,long,25141.1,25216.523299999997,tp,75.42329999999856,0.29999999999999427,4.0,"['sr_alignment', 'volume_node_alignment', 'multi_tf_confluence']"
2025-07-16 12:00:00+05:30,2025-07-16 15:25:00+05:30,long,25180.4,25198.55,eod,18.149999999997817,0.07207987164619234,4.0,"['sr_alignment', 'volume_node_alignment', 'fvg_overlap', 'multi_tf_confluence']"
2025-07-21 10:20:00+05:30,2025-07-21 15:25:00+05:30,long,25036.65,25093.3,eod,56.64999999999782,0.22626829068584578,4.0,"['sr_alignment', 'fib_alignment', 'fvg_overlap', 'multi_tf_confluence']"
2025-07-22 09:30:00+05:30,2025-07-22 11:50:00+05:30,long,25119.05,25043.69285,sl,-75.35714999999982,-0.29999999999999927,5.0,"['sr_alignment', 'fib_alignment', 'fvg_overlap', 'multi_tf_confluence']"
2025-07-22 10:00:00+05:30,2025-07-22 15:25:00+05:30,long,25095.45,25064.9,eod,-30.549999999999272,-0.12173521494932059,4.0,"['sr_alignment', 'fvg_overlap', 'multi_tf_confluence']"
2025-07-25 09:30:00+05:30,2025-07-25 10:15:00+05:30,short,24950.0,24875.15,tp,74.84999999999854,0.29999999999999416,4.0,"['sr_alignment', 'volume_node_alignment', 'fib_alignment', 'fvg_overlap', 'multi_tf_confluence']"
2025-07-28 13:45:00+05:30,2025-07-28 15:25:00+05:30,short,24682.8,24673.95,eod,8.849999999998545,0.03585492731780246,4.0,"['fib_alignment', 'fvg_overlap', 'multi_tf_confluence']"
2025-07-29 11:20:00+05:30,2025-07-29 13:45:00+05:30,short,24697.5,24771.5925,sl,-74.09249999999884,-0.29999999999999527,4.0,"['sr_alignment', 'fvg_overlap', 'multi_tf_confluence']"
2025-07-30 09:45:00+05:30,2025-07-30 15:25:00+05:30,long,24832.45,24844.55,eod,12.099999999998545,0.04872656544158367,5.0,"['sr_alignment', 'volume_node_alignment', 'fvg_overlap', 'multi_tf_confluence']"
2025-07-30 13:55:00+05:30,2025-07-30 15:25:00+05:30,short,24866.95,24844.55,eod,22.400000000001455,0.09007940258053945,4.0,"['sr_alignment', 'volume_node_alignment', 'multi_tf_confluence']"
2025-07-31 09:30:00+05:30,2025-07-31 11:20:00+05:30,short,24711.55,24785.684649999996,sl,-74.13464999999633,-0.2999999999999851,5.0,"['sr_alignment', 'volume_node_alignment', 'fib_alignment', 'fvg_overlap', 'multi_tf_confluence']"
2025-07-31 11:55:00+05:30,2025-07-31 12:35:00+05:30,long,24798.65,24873.04595,tp,74.39594999999827,0.299999999999993,4.0,"['sr_alignment', 'volume_node_alignment', 'fib_alignment', 'fvg_overlap']"
2025-08-01 10:00:00+05:30,2025-08-01 11:40:00+05:30,short,24728.1,24653.915699999998,tp,74.1843000000008,0.30000000000000326,4.0,"['sr_alignment', 'fvg_overlap', 'multi_tf_confluence']"
2025-08-01 11:50:00+05:30,2025-08-01 15:05:00+05:30,short,24665.55,24591.55335,tp,73.99665000000095,0.3000000000000039,4.0,"['sr_alignment', 'volume_node_alignment', 'fib_alignment', 'fvg_overlap', 'multi_tf_confluence']"
2025-08-04 09:30:00+05:30,2025-08-04 09:45:00+05:30,short,24656.55,24582.58035,tp,73.96964999999909,0.2999999999999963,4.0,"['sr_alignment', 'volume_node_alignment', 'fvg_overlap', 'multi_tf_confluence']"
2025-08-05 11:15:00+05:30,2025-08-05 15:25:00+05:30,long,24640.55,24649.5,eod,8.950000000000728,0.03632224118374277,4.0,"['sr_alignment', 'volume_node_alignment', 'fvg_overlap', 'multi_tf_confluence']"
2025-08-05 12:10:00+05:30,2025-08-05 15:25:00+05:30,long,24658.1,24649.5,eod,-8.599999999998545,-0.034876977544898206,4.0,"['sr_alignment', 'volume_node_alignment', 'fvg_overlap', 'multi_tf_confluence']"
2025-08-05 12:40:00+05:30,2025-08-05 15:25:00+05:30,long,24649.95,24649.5,eod,-0.4500000000007276,-0.0018255615122981085,4.0,"['sr_alignment', 'volume_node_alignment', 'fvg_overlap', 'multi_tf_confluence']"
2025-08-06 09:30:00+05:30,2025-08-06 10:35:00+05:30,long,24644.35,24570.41695,sl,-73.93304999999964,-0.29999999999999855,4.0,"['sr_alignment', 'volume_node_alignment', 'fvg_overlap', 'multi_tf_confluence']"
2025-08-06 12:20:00+05:30,2025-08-06 15:25:00+05:30,long,24612.7,24569.6,eod,-43.10000000000218,-0.1751128482450206,4.0,"['sr_alignment', 'volume_node_alignment', 'fvg_overlap', 'multi_tf_confluence']"
2025-08-06 13:00:00+05:30,2025-08-06 15:25:00+05:30,long,24612.6,24569.6,eod,-43.0,-0.17470726375921278,4.0,"['sr_alignment', 'volume_node_alignment', 'multi_tf_confluence']"
2025-08-08 09:30:00+05:30,2025-08-08 10:30:00+05:30,long,24509.25,24435.72225,sl,-73.5277500000011,-0.30000000000000454,4.0,"['sr_alignment', 'fib_alignment', 'fvg_overlap', 'multi_tf_confluence']"
2025-08-12 10:45:00+05:30,2025-08-12 14:40:00+05:30,short,24582.35,24508.602949999997,tp,73.74705000000176,0.3000000000000072,4.0,"['sr_alignment', 'volume_node_alignment', 'fib_alignment', 'fvg_overlap']"
2025-08-12 13:15:00+05:30,2025-08-12 14:40:00+05:30,long,24576.75,24503.01975,sl,-73.73025000000052,-0.30000000000000215,4.0,"['sr_alignment', 'volume_node_alignment', 'fvg_overlap', 'multi_tf_confluence']"
2025-08-13 09:45:00+05:30,2025-08-13 15:25:00+05:30,short,24590.95,24630.4,eod,-39.45000000000073,-0.16042487175160264,4.0,"['sr_alignment', 'volume_node_alignment', 'multi_tf_confluence']"
2025-08-13 10:25:00+05:30,2025-08-13 15:25:00+05:30,short,24592.0,24630.4,eod,-38.400000000001455,-0.1561483409238836,4.0,"['sr_alignment', 'volume_node_alignment', 'multi_tf_confluence']"
2025-08-13 12:20:00+05:30,2025-08-13 15:25:00+05:30,short,24592.7,24630.4,eod,-37.70000000000073,-0.15329752324877188,4.0,"['sr_alignment', 'volume_node_alignment', 'multi_tf_confluence']"
2025-08-18 13:25:00+05:30,2025-08-18 15:25:00+05:30,long,24928.85,24884.05,eod,-44.79999999999927,-0.17971145881177542,4.0,"['sr_alignment', 'fvg_overlap', 'multi_tf_confluence']"
2025-08-18 13:55:00+05:30,2025-08-18 15:25:00+05:30,long,24919.7,24884.05,eod,-35.650000000001455,-0.14305950713692964,4.0,"['sr_alignment', 'fvg_overlap', 'multi_tf_confluence']"
2025-08-22 09:30:00+05:30,2025-08-22 14:30:00+05:30,short,24964.5,24889.6065,tp,74.89349999999831,0.2999999999999932,4.0,"['sr_alignment', 'volume_node_alignment', 'fvg_overlap', 'multi_tf_confluence']"
2025-08-22 10:00:00+05:30,2025-08-22 14:30:00+05:30,short,24959.35,24884.47195,tp,74.87804999999935,0.2999999999999974,4.0,"['sr_alignment', 'volume_node_alignment', 'fvg_overlap', 'multi_tf_confluence']"
2025-08-22 11:55:00+05:30,2025-08-22 14:30:00+05:30,short,24950.75,24875.89775,tp,74.85224999999991,0.29999999999999966,4.0,"['sr_alignment', 'volume_node_alignment', 'fvg_overlap', 'multi_tf_confluence']"
2025-08-25 09:30:00+05:30,2025-08-25 15:25:00+05:30,short,24957.3,24978.55,eod,-21.25,-0.08514542839169302,4.0,"['sr_alignment', 'volume_node_alignment', 'fvg_overlap', 'multi_tf_confluence']"
2025-08-25 10:50:00+05:30,2025-08-25 15:25:00+05:30,short,24954.8,24978.55,eod,-23.75,-0.09517207110455704,4.0,"['sr_alignment', 'volume_node_alignment', 'fvg_overlap', 'multi_tf_confluence']"
2025-08-26 09:55:00+05:30,2025-08-26 15:00:00+05:30,short,24795.7,24721.3129,tp,74.38709999999992,0.29999999999999966,4.0,"['sr_alignment', 'fib_alignment', 'fvg_overlap', 'multi_tf_confluence']"
2025-08-26 10:25:00+05:30,2025-08-26 15:00:00+05:30,short,24797.1,24722.7087,tp,74.39129999999932,0.29999999999999727,4.0,"['sr_alignment', 'fib_alignment', 'fvg_overlap', 'multi_tf_confluence']"
2025-08-28 09:45:00+05:30,2025-08-28 10:45:00+05:30,short,24559.3,24632.977899999998,sl,-73.67789999999877,-0.299999999999995,4.0,"['fib_alignment', 'fvg_overlap', 'multi_tf_confluence']"
