expiry,spot_entry,spot_exit,spot_move,atm,ce_entry,ce_exit,pe_entry,pe_exit,ce_only_qty,pe_only_qty,straddle_qty,ce_only_pnl,pe_only_pnl,perfect_pick,perfect_pnl,straddle_pnl,capture_pct
10_OCT_24,25008.45,25011.35,2.9,25000,12.2,0.1,4.34,1.3,1625,4550,1170,-19885.0,-14347.0,PE,-14347.0,-18068.0,0.0
17_OCT_24,24743.0,24751.65,8.65,24750,5.5,0.6,6.6,0.05,3575,2990,1625,-17935.0,-19944.0,CE,-17935.0,-19051.0,0.0
24_OCT_24,24397.45,24406.9,9.45,24400,3.7,0.3,5.6,0.25,5395,3510,2145,-18942.0,-19189.0,CE,-18942.0,-19318.0,0.0
31_OCT_24,24207.6,24210.1,2.5,24200,9.65,4.05,5.95,0.1,2015,3315,1235,-11546.0,-19784.0,CE,-11546.0,-14508.0,0.0
07_NOV_24,24184.6,24209.6,25.0,24200,3.75,0.25,8.69,0.3,5330,2275,1560,-19248.0,-19375.0,CE,-19248.0,-18980.0,0.0
21_NOV_24,23335.85,23356.1,20.25,23350,2.2,0.15,13.75,0.35,9035,1430,1235,-19485.0,-19365.0,PE,-19365.0,-19448.0,0.0
28_NOV_24,23926.05,23956.65,30.6,23950,15.7,0.35,42.1,35.7,1235,455,325,-19141.0,-3017.0,PE,-3017.0,-7254.0,0.0
12_DEC_24,24548.05,24559.5,11.45,24550,8.25,0.05,4.9,0.7,2405,4030,1495,-20022.0,-17389.0,PE,-17389.0,-18957.0,0.0
02_SEP_25,24595.75,24576.4,-19.35,24600,19.2,0.05,20.95,19.05,1040,910,455,-20080.0,-1880.0,PE,-1880.0,-9789.0,0.0
09_SEP_25,24860.85,24879.15,18.3,24850,13.6,19.15,10.05,0.05,1430,1950,845,7733.0,-19755.0,CE,7733.0,-4049.0,-52.4
16_SEP_25,25197.45,25251.75,54.3,25200,11.55,38.8,7.6,0.05,1690,2600,1040,45824.0,-19950.0,CE,45824.0,20160.0,44.0
23_SEP_25,25200.1,25170.15,-29.95,25200,14.25,0.05,11.5,30.05,1365,1690,715,-19580.0,31120.0,PE,31120.0,2847.0,9.1
30_SEP_25,24620.65,24617.5,-3.15,24600,31.25,12.0,7.7,0.05,585,2535,455,-11380.0,-19706.0,CE,-11380.0,-12450.0,0.0
07_OCT_25,25159.05,25107.9,-51.15,25150,11.65,0.05,9.85,42.2,1690,2015,910,-19833.0,64924.0,PE,64924.0,18580.0,28.6
14_OCT_25,25165.8,25126.95,-38.85,25150,20.4,0.05,6.9,4.0,975,2860,715,-19999.0,-8640.0,PE,-8640.0,-16887.0,0.0
28_OCT_25,25816.1,25961.35,145.25,25800,35.35,137.1,9.0,0.05,520,2210,390,52798.0,-20060.0,CE,52798.0,35994.0,68.2
04_NOV_25,25592.2,25600.3,8.1,25600,18.65,0.55,15.55,2.25,1040,1235,520,-18988.0,-16609.0,PE,-16609.0,-16552.0,0.0
11_NOV_25,25678.0,25708.65,30.65,25700,5.25,0.1,28.9,5.4,3770,650,585,-19852.0,-15400.0,PE,-15400.0,-16997.0,0.0
18_NOV_25,25951.35,25894.05,-57.3,25950,11.9,0.05,13.7,39.4,1625,1430,780,-19479.0,36548.0,PE,36548.0,10527.0,28.8
25_NOV_25,25951.7,25871.3,-80.4,25950,9.6,0.05,22.1,65.7,2080,845,585,-20132.0,36698.0,PE,36698.0,19682.0,53.6
02_DEC_25,26018.05,26055.0,36.95,26000,24.25,32.5,6.4,0.05,780,3120,650,6297.0,-20184.0,CE,6297.0,985.0,15.6
09_DEC_25,25823.4,25835.25,11.85,25800,23.85,39.0,7.5,0.05,780,2665,585,11679.0,-20181.0,CE,11679.0,4267.0,36.5
16_DEC_25,25872.35,25854.2,-18.15,25850,31.35,11.35,2.8,0.05,585,7085,585,-11818.0,-20252.0,CE,-11818.0,-13546.0,0.0
23_DEC_25,26169.4,26170.85,1.45,26150,26.9,27.5,3.4,0.05,715,5850,650,298.0,-20242.0,CE,298.0,-2037.0,-684.9
30_DEC_25,25951.85,25948.55,-3.3,25950,16.75,0.1,8.85,11.4,1170,2210,780,-19658.0,5354.0,PE,5354.0,-11274.0,-210.6
06_JAN_26,26168.95,26180.95,12.0,26150,24.0,28.85,2.45,0.05,780,8125,715,3645.0,-20372.0,CE,3645.0,1489.0,40.8
13_JAN_26,25698.45,25729.8,31.35,25700,18.14,32.4,12.8,0.1,1040,1560,585,14666.0,-20028.0,CE,14666.0,676.0,4.6
20_JAN_26,25348.75,25185.6,-163.15,25350,13.9,0.2,15.7,121.0,1430,1235,650,-19794.0,129862.0,PE,129862.0,59290.0,45.7
27_JAN_26,25122.3,25242.4,120.1,25100,50.1,76.85,11.1,0.05,390,1755,325,10334.0,-19628.0,CE,10334.0,4917.0,47.6
03_FEB_26,25760.8,25719.95,-40.85,25750,31.5,0.05,21.9,22.9,585,910,325,-18517.0,759.0,PE,759.0,-10081.0,-1328.2
10_FEB_26,25927.0,25910.9,-16.1,25950,4.2,0.05,27.65,16.1,4745,715,585,-20226.0,-8390.0,PE,-8390.0,-9422.0,0.0
17_FEB_26,25708.05,25724.65,16.6,25700,21.6,26.25,9.2,0.05,910,2145,585,4080.0,-19901.0,CE,4080.0,-2870.0,-70.3
24_FEB_26,25409.7,25440.1,30.4,25400,25.6,25.2,12.0,0.05,780,1625,520,-450.0,-19641.0,CE,-450.0,-6646.0,0.0
10_MAR_26,24261.45,24294.4,32.95,24250,41.05,12.6,15.35,0.1,455,1300,325,-13050.0,-20015.0,CE,-13050.0,-14388.0,0.0
17_MAR_26,23611.85,23558.2,-53.65,23600,31.0,0.05,18.75,19.1,585,1040,390,-18224.0,200.0,PE,200.0,-12132.0,-6066.0
30_MAR_26,22371.7,22370.5,-1.2,22350,48.1,0.1,18.75,19.8,390,1040,260,-18819.0,928.0,PE,928.0,-12379.0,-1333.9
07_APR_26,23056.8,23138.1,81.3,23050,35.4,73.15,18.05,0.05,520,1105,325,19518.0,-20060.0,CE,19518.0,6234.0,31.9
21_APR_26,24558.75,24573.55,14.8,24550,20.5,26.75,7.15,0.05,975,2795,715,5936.0,-20184.0,CE,5936.0,-871.0,-14.7
