decision,vix_min,vix_max,vix_chg,tp,sl,trail_be,n,wins,win_rate,total,avg,dd
10:00,12,18,0.5,30,30,15,77,34,44.2,41330,536,31728
10:00,12,18,0.5,30,30,20,77,39,50.6,59985,779,31485
10:00,12,18,0.5,40,25,15,77,25,32.5,3369,43,35954
10:00,12,18,0.5,40,25,20,77,28,36.4,14614,189,33131
10:00,12,18,0.5,25,30,15,77,36,46.8,4151,53,34110
10:00,12,18,0.5,25,30,20,77,41,53.2,16819,218,29779
10:00,12,18,0.5,50,30,15,77,24,31.2,31555,409,39742
10:00,12,18,0.5,50,30,20,77,28,36.4,58153,755,40195
10:00,12,18,1.0,30,30,15,62,25,40.3,-2031,-32,41715
10:00,12,18,1.0,30,30,20,62,28,45.2,10409,167,34240
10:00,12,18,1.0,40,25,15,62,18,29.0,-18558,-299,54279
10:00,12,18,1.0,40,25,20,62,19,30.6,-15538,-250,54279
10:00,12,18,1.0,25,30,15,62,27,43.5,-16577,-267,44914
10:00,12,18,1.0,25,30,20,62,30,48.4,-8433,-136,40326
10:00,12,18,1.0,50,30,15,62,16,25.8,-23376,-377,59220
10:00,12,18,1.0,50,30,20,62,18,29.0,-7005,-112,42910
10:00,12,18,1.5,30,30,15,51,21,41.2,-227,-4,36891
10:00,12,18,1.5,30,30,20,51,23,45.1,10419,204,34935
10:00,12,18,1.5,40,25,15,51,16,31.4,-15515,-304,45145
10:00,12,18,1.5,40,25,20,51,16,31.4,-18444,-361,47996
10:00,12,18,1.5,25,30,15,51,22,43.1,-18348,-359,45457
10:00,12,18,1.5,25,30,20,51,24,47.1,-10841,-212,40201
10:00,12,18,1.5,50,30,15,51,14,27.5,-19950,-391,50732
10:00,12,18,1.5,50,30,20,51,15,29.4,-9527,-186,43583
10:00,13,18,0.5,30,30,15,54,26,48.1,61566,1140,26048
10:00,13,18,0.5,30,30,20,54,30,55.6,71827,1330,31485
10:00,13,18,0.5,40,25,15,54,18,33.3,26440,489,21352
10:00,13,18,0.5,40,25,20,54,21,38.9,37685,697,27777
10:00,13,18,0.5,25,30,15,54,28,51.9,36514,676,23351
10:00,13,18,0.5,25,30,20,54,32,59.3,43927,813,28788
10:00,13,18,0.5,50,30,15,54,17,31.5,46991,870,33188
10:00,13,18,0.5,50,30,20,54,20,37.0,59711,1105,40195
10:00,13,18,1.0,30,30,15,44,21,47.7,35695,811,29462
10:00,13,18,1.0,30,30,20,44,23,52.3,39741,903,34240
10:00,13,18,1.0,40,25,15,44,14,31.8,21105,479,25502
10:00,13,18,1.0,40,25,20,44,15,34.1,24125,548,29623
10:00,13,18,1.0,25,30,15,44,23,52.3,29122,661,26489
10:00,13,18,1.0,25,30,20,44,25,56.8,32012,727,31266
10:00,13,18,1.0,50,30,15,44,12,27.3,12696,288,38479
10:00,13,18,1.0,50,30,20,44,13,29.5,15189,345,42600
10:00,13,18,1.5,30,30,15,34,17,50.0,32727,962,31490
10:00,13,18,1.5,30,30,20,34,18,52.9,34979,1028,31490
10:00,13,18,1.5,40,25,15,34,12,35.3,20272,596,24053
10:00,13,18,1.5,40,25,20,34,12,35.3,17344,510,24053
10:00,13,18,1.5,25,30,15,34,18,52.9,22579,664,32605
10:00,13,18,1.5,25,30,20,34,19,55.9,24831,730,32605
10:00,13,18,1.5,50,30,15,34,10,29.4,11349,333,37030
10:00,13,18,1.5,50,30,20,34,10,29.4,7895,232,37030
10:00,15,18,0.5,30,30,15,17,8,47.1,22818,1342,11823
10:00,15,18,0.5,30,30,20,17,9,52.9,20784,1222,16600
10:00,15,18,0.5,40,25,15,17,5,29.4,10569,621,10474
10:00,15,18,0.5,40,25,20,17,5,29.4,3409,200,15251
10:00,15,18,0.5,25,30,15,17,9,52.9,18849,1108,11685
10:00,15,18,0.5,25,30,20,17,10,58.8,16814,989,16462
10:00,15,18,0.5,50,30,15,17,4,23.5,10289,605,11823
10:00,15,18,0.5,50,30,20,17,4,23.5,2548,149,16600
10:00,15,18,1.0,30,30,15,16,8,50.0,23206,1450,6712
10:00,15,18,1.0,30,30,20,16,9,56.2,24058,1503,11490
10:00,15,18,1.0,40,25,15,16,5,31.2,10957,684,6574
10:00,15,18,1.0,40,25,20,16,5,31.2,6102,381,10238
10:00,15,18,1.0,25,30,15,16,9,56.2,19237,1202,6574
10:00,15,18,1.0,25,30,20,16,10,62.5,20088,1255,11352
10:00,15,18,1.0,50,30,15,16,4,25.0,10678,667,10430
10:00,15,18,1.0,50,30,20,16,4,25.0,5822,363,11490
10:00,15,18,1.5,30,30,15,12,7,58.3,24967,2080,6157
10:00,15,18,1.5,30,30,20,12,8,66.7,30596,2549,6157
10:00,15,18,1.5,40,25,15,12,5,41.7,17262,1438,6376
10:00,15,18,1.5,40,25,20,12,5,41.7,17184,1432,6376
10:00,15,18,1.5,25,30,15,12,7,58.3,16318,1359,6507
10:00,15,18,1.5,25,30,20,12,8,66.7,21947,1828,6507
10:00,15,18,1.5,50,30,15,12,4,33.3,17314,1442,10045
10:00,15,18,1.5,50,30,20,12,4,33.3,17236,1436,10045
10:00,12,20,0.5,30,30,15,80,36,45.0,42245,528,31728
10:00,12,20,0.5,30,30,20,80,41,51.2,60900,761,31485
10:00,12,20,0.5,40,25,15,80,27,33.8,7372,92,35954
10:00,12,20,0.5,40,25,20,80,30,37.5,18617,232,33131
10:00,12,20,0.5,25,30,15,80,38,47.5,4143,51,34110
10:00,12,20,0.5,25,30,20,80,43,53.8,16811,210,29779
10:00,12,20,0.5,50,30,15,80,25,31.2,29265,365,39742
10:00,12,20,0.5,50,30,20,80,29,36.2,55863,698,40195
10:00,12,20,1.0,30,30,15,64,26,40.6,-5017,-78,41715
10:00,12,20,1.0,30,30,20,64,29,45.3,7423,115,34240
10:00,12,20,1.0,40,25,15,64,19,29.7,-19549,-305,54279
10:00,12,20,1.0,40,25,20,64,20,31.2,-16529,-258,54279
10:00,12,20,1.0,25,30,15,64,28,43.8,-19986,-312,44914
10:00,12,20,1.0,25,30,20,64,31,48.4,-11842,-185,40326
10:00,12,20,1.0,50,30,15,64,17,26.6,-25569,-399,59220
10:00,12,20,1.0,50,30,20,64,19,29.7,-9199,-143,42910
10:00,12,20,1.5,30,30,15,52,22,42.3,2891,55,36891
10:00,12,20,1.5,30,30,20,52,24,46.2,13538,260,34935
10:00,12,20,1.5,40,25,15,52,17,32.7,-11363,-218,45145
10:00,12,20,1.5,40,25,20,52,17,32.7,-14292,-274,47996
10:00,12,20,1.5,25,30,15,52,23,44.2,-15652,-301,45457
10:00,12,20,1.5,25,30,20,52,25,48.1,-8145,-156,40201
10:00,12,20,1.5,50,30,15,52,15,28.8,-16038,-308,50732
10:00,12,20,1.5,50,30,20,52,16,30.8,-5616,-108,43583
10:00,15,20,0.5,30,30,15,20,10,50.0,23734,1186,11823
10:00,15,20,0.5,30,30,20,20,11,55.0,21699,1084,16600
10:00,15,20,0.5,40,25,15,20,7,35.0,14572,728,10474
10:00,15,20,0.5,40,25,20,20,7,35.0,7412,370,15251
10:00,15,20,0.5,25,30,15,20,11,55.0,18841,942,11685
10:00,15,20,0.5,25,30,20,20,12,60.0,16806,840,16462
10:00,15,20,0.5,50,30,15,20,5,25.0,8000,400,11823
10:00,15,20,0.5,50,30,20,20,5,25.0,259,12,16600
10:00,15,20,1.0,30,30,15,18,9,50.0,20220,1123,6788
10:00,15,20,1.0,30,30,20,18,10,55.6,21071,1170,11490
10:00,15,20,1.0,40,25,15,18,6,33.3,9966,553,6574
10:00,15,20,1.0,40,25,20,18,6,33.3,5111,283,10238
10:00,15,20,1.0,25,30,15,18,10,55.6,15828,879,6788
10:00,15,20,1.0,25,30,20,18,11,61.1,16679,926,11352
10:00,15,20,1.0,50,30,15,18,5,27.8,8484,471,10430
10:00,15,20,1.0,50,30,20,18,5,27.8,3629,201,11490
10:00,15,20,1.5,30,30,15,13,8,61.5,28086,2160,6157
10:00,15,20,1.5,30,30,20,13,9,69.2,33715,2593,6157
10:00,15,20,1.5,40,25,15,13,6,46.2,21414,1647,6376
10:00,15,20,1.5,40,25,20,13,6,46.2,21336,1641,6376
10:00,15,20,1.5,25,30,15,13,8,61.5,19014,1462,6507
10:00,15,20,1.5,25,30,20,13,9,69.2,24643,1895,6507
10:00,15,20,1.5,50,30,15,13,5,38.5,21225,1632,10045
10:00,15,20,1.5,50,30,20,13,5,38.5,21147,1626,10045
10:30,12,18,0.5,30,30,15,73,26,35.6,-13807,-189,50423
10:30,12,18,0.5,30,30,20,73,28,38.4,-25699,-352,62315
10:30,12,18,0.5,40,25,15,73,22,30.1,-5311,-72,49959
10:30,12,18,0.5,40,25,20,73,24,32.9,-5324,-72,52793
10:30,12,18,0.5,25,30,15,73,28,38.4,-22309,-305,52275
10:30,12,18,0.5,25,30,20,73,31,42.5,-31663,-433,61628
10:30,12,18,0.5,50,30,15,73,18,24.7,-21028,-288,55211
10:30,12,18,0.5,50,30,20,73,20,27.4,-27060,-370,60586
10:30,12,18,1.0,30,30,15,59,23,39.0,16773,284,32220
10:30,12,18,1.0,30,30,20,59,25,42.4,4881,82,45133
10:30,12,18,1.0,40,25,15,59,19,32.2,15207,257,45539
10:30,12,18,1.0,40,25,20,59,21,35.6,15194,257,52800
10:30,12,18,1.0,25,30,15,59,25,42.4,12219,207,27157
10:30,12,18,1.0,25,30,20,59,28,47.5,2866,48,39210
10:30,12,18,1.0,50,30,15,59,15,25.4,-1848,-31,45525
10:30,12,18,1.0,50,30,20,59,17,28.8,-7880,-133,56953
10:30,12,18,1.5,30,30,15,52,21,40.4,23537,452,27157
10:30,12,18,1.5,30,30,20,52,22,42.3,7751,149,36265
10:30,12,18,1.5,40,25,15,52,18,34.6,31168,599,31527
10:30,12,18,1.5,40,25,20,52,19,36.5,25942,498,42904
10:30,12,18,1.5,25,30,15,52,23,44.2,19230,369,27157
10:30,12,18,1.5,25,30,20,52,25,48.1,6312,121,33967
10:30,12,18,1.5,50,30,15,52,14,26.9,4323,83,32690
10:30,12,18,1.5,50,30,20,52,15,28.8,-8126,-156,46986
10:30,13,18,0.5,30,30,15,47,17,36.2,-13065,-277,39736
10:30,13,18,0.5,30,30,20,47,18,38.3,-18672,-397,45342
10:30,13,18,0.5,40,25,15,47,14,29.8,-2769,-58,32703
10:30,13,18,0.5,40,25,20,47,15,31.9,-5388,-114,35537
10:30,13,18,0.5,25,30,15,47,17,36.2,-23465,-499,44968
10:30,13,18,0.5,25,30,20,47,19,40.4,-25448,-541,46950
10:30,13,18,0.5,50,30,15,47,11,23.4,-17394,-370,49360
10:30,13,18,0.5,50,30,20,47,12,25.5,-20475,-435,52440
10:30,13,18,1.0,30,30,15,39,17,43.6,25013,641,19885
10:30,13,18,1.0,30,30,20,39,18,46.2,19407,497,25706
10:30,13,18,1.0,40,25,15,39,14,35.9,30184,773,27038
10:30,13,18,1.0,40,25,20,39,15,38.5,27565,706,29872
10:30,13,18,1.0,25,30,15,39,17,43.6,14613,374,19885
10:30,13,18,1.0,25,30,20,39,19,48.7,12630,323,26034
10:30,13,18,1.0,50,30,15,39,11,28.2,20684,530,28322
10:30,13,18,1.0,50,30,20,39,12,30.8,17603,451,31618
10:30,13,18,1.5,30,30,15,35,15,42.9,15581,445,19695
10:30,13,18,1.5,30,30,20,35,15,42.9,6081,173,29409
10:30,13,18,1.5,40,25,15,35,13,37.1,31227,892,26848
10:30,13,18,1.5,40,25,20,35,13,37.1,23394,668,34895
10:30,13,18,1.5,25,30,15,35,15,42.9,5428,155,19695
10:30,13,18,1.5,25,30,20,35,16,45.7,-119,-3,29409
10:30,13,18,1.5,50,30,15,35,10,28.6,10661,304,28132
10:30,13,18,1.5,50,30,20,35,10,28.6,1161,33,37846
10:30,15,18,0.5,30,30,15,14,6,42.9,6510,465,12133
10:30,15,18,0.5,30,30,20,14,6,42.9,1778,127,16267
10:30,15,18,0.5,40,25,15,14,5,35.7,9651,689,10849
10:30,15,18,0.5,40,25,20,14,5,35.7,5718,408,14543
10:30,15,18,0.5,25,30,15,14,6,42.9,4060,290,12133
10:30,15,18,0.5,25,30,20,14,7,50.0,3280,234,16267
10:30,15,18,0.5,50,30,15,14,5,35.7,8497,606,12947
10:30,15,18,0.5,50,30,20,14,5,35.7,3765,268,17894
10:30,15,18,1.0,30,30,15,11,6,54.5,25277,2297,5071
10:30,15,18,1.0,30,30,20,11,6,54.5,20545,1867,9203
10:30,15,18,1.0,40,25,15,11,5,45.5,25444,2313,5022
10:30,15,18,1.0,40,25,20,11,5,45.5,21511,1955,9169
10:30,15,18,1.0,25,30,15,11,6,54.5,22827,2075,5071
10:30,15,18,1.0,25,30,20,11,7,63.6,22047,2004,9203
10:30,15,18,1.0,50,30,15,11,5,45.5,27264,2478,5883
10:30,15,18,1.0,50,30,20,11,5,45.5,22532,2048,10830
10:30,15,18,1.5,30,30,15,11,6,54.5,25277,2297,5071
10:30,15,18,1.5,30,30,20,11,6,54.5,20545,1867,9203
10:30,15,18,1.5,40,25,15,11,5,45.5,25444,2313,5022
10:30,15,18,1.5,40,25,20,11,5,45.5,21511,1955,9169
10:30,15,18,1.5,25,30,15,11,6,54.5,22827,2075,5071
10:30,15,18,1.5,25,30,20,11,7,63.6,22047,2004,9203
10:30,15,18,1.5,50,30,15,11,5,45.5,27264,2478,5883
10:30,15,18,1.5,50,30,20,11,5,45.5,22532,2048,10830
10:30,12,20,0.5,30,30,15,75,26,34.7,-18116,-241,50423
10:30,12,20,0.5,30,30,20,75,28,37.3,-34916,-465,64506
10:30,12,20,0.5,40,25,15,75,22,29.3,-8960,-119,49959
10:30,12,20,0.5,40,25,20,75,24,32.0,-12828,-171,52793
10:30,12,20,0.5,25,30,15,75,28,37.3,-26618,-354,52275
10:30,12,20,0.5,25,30,20,75,31,41.3,-40879,-545,64626
10:30,12,20,0.5,50,30,15,75,18,24.0,-25337,-337,55211
10:30,12,20,0.5,50,30,20,75,20,26.7,-36277,-483,60586
10:30,12,20,1.0,30,30,15,59,23,39.0,16773,284,32220
10:30,12,20,1.0,30,30,20,59,25,42.4,4881,82,45133
10:30,12,20,1.0,40,25,15,59,19,32.2,15207,257,45539
10:30,12,20,1.0,40,25,20,59,21,35.6,15194,257,52800
10:30,12,20,1.0,25,30,15,59,25,42.4,12219,207,27157
10:30,12,20,1.0,25,30,20,59,28,47.5,2866,48,39210
10:30,12,20,1.0,50,30,15,59,15,25.4,-1848,-31,45525
10:30,12,20,1.0,50,30,20,59,17,28.8,-7880,-133,56953
10:30,12,20,1.5,30,30,15,52,21,40.4,23537,452,27157
10:30,12,20,1.5,30,30,20,52,22,42.3,7751,149,36265
10:30,12,20,1.5,40,25,15,52,18,34.6,31168,599,31527
10:30,12,20,1.5,40,25,20,52,19,36.5,25942,498,42904
10:30,12,20,1.5,25,30,15,52,23,44.2,19230,369,27157
10:30,12,20,1.5,25,30,20,52,25,48.1,6312,121,33967
10:30,12,20,1.5,50,30,15,52,14,26.9,4323,83,32690
10:30,12,20,1.5,50,30,20,52,15,28.8,-8126,-156,46986
10:30,15,20,0.5,30,30,15,16,6,37.5,2201,137,12133
10:30,15,20,0.5,30,30,20,16,6,37.5,-7437,-464,16267
10:30,15,20,0.5,40,25,15,16,5,31.2,6001,375,10849
10:30,15,20,0.5,40,25,20,16,5,31.2,-1785,-111,14543
10:30,15,20,0.5,25,30,15,16,6,37.5,-248,-15,12133
10:30,15,20,0.5,25,30,20,16,7,43.8,-5936,-371,16267
10:30,15,20,0.5,50,30,15,16,5,31.2,4188,261,12947
10:30,15,20,0.5,50,30,20,16,5,31.2,-5451,-340,18164
10:30,15,20,1.0,30,30,15,11,6,54.5,25277,2297,5071
10:30,15,20,1.0,30,30,20,11,6,54.5,20545,1867,9203
10:30,15,20,1.0,40,25,15,11,5,45.5,25444,2313,5022
10:30,15,20,1.0,40,25,20,11,5,45.5,21511,1955,9169
10:30,15,20,1.0,25,30,15,11,6,54.5,22827,2075,5071
10:30,15,20,1.0,25,30,20,11,7,63.6,22047,2004,9203
10:30,15,20,1.0,50,30,15,11,5,45.5,27264,2478,5883
10:30,15,20,1.0,50,30,20,11,5,45.5,22532,2048,10830
10:30,15,20,1.5,30,30,15,11,6,54.5,25277,2297,5071
10:30,15,20,1.5,30,30,20,11,6,54.5,20545,1867,9203
10:30,15,20,1.5,40,25,15,11,5,45.5,25444,2313,5022
10:30,15,20,1.5,40,25,20,11,5,45.5,21511,1955,9169
10:30,15,20,1.5,25,30,15,11,6,54.5,22827,2075,5071
10:30,15,20,1.5,25,30,20,11,7,63.6,22047,2004,9203
10:30,15,20,1.5,50,30,15,11,5,45.5,27264,2478,5883
10:30,15,20,1.5,50,30,20,11,5,45.5,22532,2048,10830
11:00,12,18,0.5,30,30,15,80,26,32.5,-33737,-421,61759
11:00,12,18,0.5,30,30,20,80,31,38.8,-19321,-241,73169
11:00,12,18,0.5,40,25,15,80,20,25.0,-31152,-389,66392
11:00,12,18,0.5,40,25,20,80,24,30.0,-17998,-224,73273
11:00,12,18,0.5,25,30,15,80,29,36.2,-30118,-376,55678
11:00,12,18,0.5,25,30,20,80,34,42.5,-19736,-246,67088
11:00,12,18,0.5,50,30,15,80,18,22.5,-20407,-255,67614
11:00,12,18,0.5,50,30,20,80,23,28.7,5571,69,75125
11:00,12,18,1.0,30,30,15,63,22,34.9,-30845,-489,64240
11:00,12,18,1.0,30,30,20,63,24,38.1,-34188,-542,75650
11:00,12,18,1.0,40,25,15,63,17,27.0,-19063,-302,57405
11:00,12,18,1.0,40,25,20,63,18,28.6,-29508,-468,67538
11:00,12,18,1.0,25,30,15,63,24,38.1,-31377,-498,56742
11:00,12,18,1.0,25,30,20,63,26,41.3,-35279,-559,68152
11:00,12,18,1.0,50,30,15,63,16,25.4,-14408,-228,60579
11:00,12,18,1.0,50,30,20,63,18,28.6,-15834,-251,72080
11:00,12,18,1.5,30,30,15,51,18,35.3,-21092,-413,58599
11:00,12,18,1.5,30,30,20,51,20,39.2,-13970,-273,59544
11:00,12,18,1.5,40,25,15,51,14,27.5,-7735,-151,45430
11:00,12,18,1.5,40,25,20,51,15,29.4,-8992,-176,46375
11:00,12,18,1.5,25,30,15,51,19,37.3,-23744,-465,53993
11:00,12,18,1.5,25,30,20,51,21,41.2,-17181,-336,54938
11:00,12,18,1.5,50,30,15,51,13,25.5,-9184,-180,52866
11:00,12,18,1.5,50,30,20,51,15,29.4,-145,-2,53811
11:00,13,18,0.5,30,30,15,52,16,30.8,-29004,-557,39168
11:00,13,18,0.5,30,30,20,52,20,38.5,-10584,-203,30927
11:00,13,18,0.5,40,25,15,52,11,21.2,-30889,-594,43454
11:00,13,18,0.5,40,25,20,52,14,26.9,-18421,-354,33369
11:00,13,18,0.5,25,30,15,52,18,34.6,-24958,-479,36565
11:00,13,18,0.5,25,30,20,52,22,42.3,-10571,-203,27134
11:00,13,18,0.5,50,30,15,52,9,17.3,-32546,-625,45666
11:00,13,18,0.5,50,30,20,52,13,25.0,-5976,-114,33162
11:00,13,18,1.0,30,30,15,44,15,34.1,-24591,-558,38000
11:00,13,18,1.0,30,30,20,44,17,38.6,-18149,-412,35365
11:00,13,18,1.0,40,25,15,44,10,22.7,-25196,-572,41419
11:00,13,18,1.0,40,25,20,44,11,25.0,-27133,-616,43264
11:00,13,18,1.0,25,30,15,44,16,36.4,-26736,-607,35397
11:00,13,18,1.0,25,30,20,44,18,40.9,-20853,-473,31572
11:00,13,18,1.0,50,30,15,44,9,20.5,-23584,-536,38077
11:00,13,18,1.0,50,30,20,44,11,25.0,-15224,-346,35168
11:00,13,18,1.5,30,30,15,38,13,34.2,-18836,-495,40482
11:00,13,18,1.5,30,30,20,38,15,39.5,-11715,-308,37167
11:00,13,18,1.5,40,25,15,38,9,23.7,-13923,-366,35873
11:00,13,18,1.5,40,25,20,38,10,26.3,-15180,-399,37039
11:00,13,18,1.5,25,30,15,38,13,34.2,-25694,-676,42591
11:00,13,18,1.5,25,30,20,38,15,39.5,-19131,-503,38087
11:00,13,18,1.5,50,30,15,38,8,21.1,-15440,-406,34892
11:00,13,18,1.5,50,30,20,38,10,26.3,-6401,-168,31213
11:00,15,18,0.5,30,30,15,13,5,38.5,-10317,-793,24221
11:00,15,18,0.5,30,30,20,13,6,46.2,-6917,-532,20731
11:00,15,18,0.5,40,25,15,13,4,30.8,144,11,18859
11:00,15,18,0.5,40,25,20,13,5,38.5,3303,254,15609
11:00,15,18,0.5,25,30,15,13,5,38.5,-11841,-910,24221
11:00,15,18,0.5,25,30,20,13,6,46.2,-9001,-692,21290
11:00,15,18,0.5,50,30,15,13,4,30.8,-687,-52,24221
11:00,15,18,0.5,50,30,20,13,5,38.5,2471,190,20971
11:00,15,18,1.0,30,30,15,13,5,38.5,-10317,-793,24221
11:00,15,18,1.0,30,30,20,13,6,46.2,-6917,-532,20731
11:00,15,18,1.0,40,25,15,13,4,30.8,144,11,18859
11:00,15,18,1.0,40,25,20,13,5,38.5,3303,254,15609
11:00,15,18,1.0,25,30,15,13,5,38.5,-11841,-910,24221
11:00,15,18,1.0,25,30,20,13,6,46.2,-9001,-692,21290
11:00,15,18,1.0,50,30,15,13,4,30.8,-687,-52,24221
11:00,15,18,1.0,50,30,20,13,5,38.5,2471,190,20971
11:00,15,18,1.5,30,30,15,12,4,33.3,-14976,-1248,24221
11:00,15,18,1.5,30,30,20,12,5,41.7,-11576,-964,20731
11:00,15,18,1.5,40,25,15,12,4,33.3,451,37,18859
11:00,15,18,1.5,40,25,20,12,5,41.7,3610,300,15609
11:00,15,18,1.5,25,30,15,12,4,33.3,-16500,-1375,24221
11:00,15,18,1.5,25,30,20,12,5,41.7,-13660,-1138,21290
11:00,15,18,1.5,50,30,15,12,4,33.3,-380,-31,24221
11:00,15,18,1.5,50,30,20,12,5,41.7,2778,231,20971
11:00,12,20,0.5,30,30,15,81,26,32.1,-33927,-418,61759
11:00,12,20,0.5,30,30,20,81,31,38.3,-19511,-240,73169
11:00,12,20,0.5,40,25,15,81,20,24.7,-31342,-386,66392
11:00,12,20,0.5,40,25,20,81,24,29.6,-18188,-224,73273
11:00,12,20,0.5,25,30,15,81,29,35.8,-30308,-374,55678
11:00,12,20,0.5,25,30,20,81,34,42.0,-19926,-246,67088
11:00,12,20,0.5,50,30,15,81,18,22.2,-20597,-254,67614
11:00,12,20,0.5,50,30,20,81,23,28.4,5381,66,75125
11:00,12,20,1.0,30,30,15,63,22,34.9,-30845,-489,64240
11:00,12,20,1.0,30,30,20,63,24,38.1,-34188,-542,75650
11:00,12,20,1.0,40,25,15,63,17,27.0,-19063,-302,57405
11:00,12,20,1.0,40,25,20,63,18,28.6,-29508,-468,67538
11:00,12,20,1.0,25,30,15,63,24,38.1,-31377,-498,56742
11:00,12,20,1.0,25,30,20,63,26,41.3,-35279,-559,68152
11:00,12,20,1.0,50,30,15,63,16,25.4,-14408,-228,60579
11:00,12,20,1.0,50,30,20,63,18,28.6,-15834,-251,72080
11:00,12,20,1.5,30,30,15,51,18,35.3,-21092,-413,58599
11:00,12,20,1.5,30,30,20,51,20,39.2,-13970,-273,59544
11:00,12,20,1.5,40,25,15,51,14,27.5,-7735,-151,45430
11:00,12,20,1.5,40,25,20,51,15,29.4,-8992,-176,46375
11:00,12,20,1.5,25,30,15,51,19,37.3,-23744,-465,53993
11:00,12,20,1.5,25,30,20,51,21,41.2,-17181,-336,54938
11:00,12,20,1.5,50,30,15,51,13,25.5,-9184,-180,52866
11:00,12,20,1.5,50,30,20,51,15,29.4,-145,-2,53811
11:00,15,20,0.5,30,30,15,14,5,35.7,-10507,-750,24411
11:00,15,20,0.5,30,30,20,14,6,42.9,-7107,-507,20921
11:00,15,20,0.5,40,25,15,14,4,28.6,-45,-3,19049
11:00,15,20,0.5,40,25,20,14,5,35.7,3113,222,15799
11:00,15,20,0.5,25,30,15,14,5,35.7,-12031,-859,24411
11:00,15,20,0.5,25,30,20,14,6,42.9,-9191,-656,21480
11:00,15,20,0.5,50,30,15,14,4,28.6,-877,-62,24411
11:00,15,20,0.5,50,30,20,14,5,35.7,2281,162,21161
11:00,15,20,1.0,30,30,15,13,5,38.5,-10317,-793,24221
11:00,15,20,1.0,30,30,20,13,6,46.2,-6917,-532,20731
11:00,15,20,1.0,40,25,15,13,4,30.8,144,11,18859
11:00,15,20,1.0,40,25,20,13,5,38.5,3303,254,15609
11:00,15,20,1.0,25,30,15,13,5,38.5,-11841,-910,24221
11:00,15,20,1.0,25,30,20,13,6,46.2,-9001,-692,21290
11:00,15,20,1.0,50,30,15,13,4,30.8,-687,-52,24221
11:00,15,20,1.0,50,30,20,13,5,38.5,2471,190,20971
11:00,15,20,1.5,30,30,15,12,4,33.3,-14976,-1248,24221
11:00,15,20,1.5,30,30,20,12,5,41.7,-11576,-964,20731
11:00,15,20,1.5,40,25,15,12,4,33.3,451,37,18859
11:00,15,20,1.5,40,25,20,12,5,41.7,3610,300,15609
11:00,15,20,1.5,25,30,15,12,4,33.3,-16500,-1375,24221
11:00,15,20,1.5,25,30,20,12,5,41.7,-13660,-1138,21290
11:00,15,20,1.5,50,30,15,12,4,33.3,-380,-31,24221
11:00,15,20,1.5,50,30,20,12,5,41.7,2778,231,20971
