trade_date,expiry,dte,entry_ts,sr_kind,side,strike,spot_at_entry,entry_premium,lots,qty,candle_pattern,vix_pct_change,exit_ts,exit_premium,exit_reason,minutes_held,net_pnl,return_pct
2024-09-23,03_OCT_24,10,2024-09-23T09:48:00+05:30,resistance,PE,26000,25902.75,244.35,1,65,,0.0,2024-09-23T15:25:00+05:30,225.55,EOD,337,-1288.5,-7.73
2024-09-24,03_OCT_24,9,2024-09-24T09:45:00+05:30,support,CE,25850,25958.3,286.89,1,65,,0.0,2024-09-24T15:25:00+05:30,267.05,EOD,340,-1356.1,-6.95
2024-09-25,03_OCT_24,8,2024-09-25T09:45:00+05:30,support,CE,25850,25940.3,254.5,1,65,,0.0,2024-09-25T15:25:00+05:30,271.39,EOD,340,1031.35,6.6
2024-09-26,03_OCT_24,7,2024-09-26T09:45:00+05:30,support,CE,25950,26031.55,233.75,1,65,,0.0,2024-09-26T15:25:00+05:30,295.25,EOD,340,3931.0,26.26
2024-09-27,03_OCT_24,6,2024-09-27T09:49:00+05:30,resistance,PE,26350,26260.85,179.1,1,65,,0.0,2024-09-27T15:25:00+05:30,190.55,EOD,336,677.75,6.34
2024-10-01,03_OCT_24,2,2024-10-01T09:47:00+05:30,resistance,PE,25950,25865.75,132.0,2,130,,0.0,2024-10-01T10:32:00+05:30,208.5,TP,45,9872.0,57.86
2024-10-01,03_OCT_24,2,2024-10-01T11:02:00+05:30,support,CE,25700,25785.85,156.0,1,65,,0.0,2024-10-01T12:33:00+05:30,150.44,BE_STOP,91,-427.9,-3.63
2024-10-01,03_OCT_24,2,2024-10-01T13:09:00+05:30,support,CE,25700,25780.3,153.19,2,130,,0.0,2024-10-01T15:25:00+05:30,147.9,EOD,136,-760.7,-3.52
2024-10-04,10_OCT_24,6,2024-10-04T09:45:00+05:30,support,CE,25100,25195.45,294.14,1,65,,0.0,2024-10-04T12:03:00+05:30,441.45,TP,138,9508.65,50.04
2024-10-04,10_OCT_24,6,2024-10-04T12:36:00+05:30,resistance,PE,25500,25382.15,223.15,1,65,,0.0,2024-10-04T12:47:00+05:30,351.35,TP,11,8266.5,57.39
2024-10-07,10_OCT_24,3,2024-10-07T10:50:00+05:30,support,CE,24850,24926.1,255.95,1,65,,0.0,2024-10-07T11:04:00+05:30,206.75,BREAK_SR,14,-3264.5,-19.26
2024-10-07,10_OCT_24,3,2024-10-07T11:34:00+05:30,support,CE,24850,24966.9,283.2,1,65,,0.0,2024-10-07T12:48:00+05:30,203.0,BREAK_SR,74,-5279.5,-28.35
2024-10-08,10_OCT_24,2,2024-10-08T09:51:00+05:30,resistance,PE,24950,24869.75,201.3,1,65,,0.0,2024-10-08T10:26:00+05:30,194.05,BE_STOP,35,-537.75,-3.65
2024-10-08,10_OCT_24,2,2024-10-08T10:57:00+05:30,resistance,PE,25000,24895.8,215.55,1,65,,0.0,2024-10-08T11:30:00+05:30,145.94,SL,33,-4591.15,-32.33
2024-10-08,10_OCT_24,2,2024-10-08T12:00:00+05:30,resistance,PE,25000,24921.95,187.5,1,65,,0.0,2024-10-08T13:39:00+05:30,130.05,BREAK_SR,99,-3800.75,-30.69
2024-10-09,10_OCT_24,1,2024-10-09T09:47:00+05:30,resistance,PE,25200,25105.45,205.0,1,65,,0.0,2024-10-09T10:08:00+05:30,143.44,SL,21,-4067.9,-30.07
2024-10-09,10_OCT_24,1,2024-10-09T11:44:00+05:30,resistance,PE,25250,25164.7,158.75,1,65,,0.0,2024-10-09T12:32:00+05:30,158.55,BE_STOP,48,-79.5,-0.19
2024-10-09,10_OCT_24,1,2024-10-09T13:03:00+05:30,resistance,PE,25200,25121.25,146.65,2,130,,0.0,2024-10-09T14:01:00+05:30,135.6,BE_STOP,58,-1509.5,-7.6
2024-10-10,10_OCT_24,0,2024-10-10T09:52:00+05:30,support,CE,24900,25002.1,108.0,2,130,,0.0,2024-10-10T09:57:00+05:30,166.3,TP,5,7506.0,53.86
2024-10-10,10_OCT_24,0,2024-10-10T10:29:00+05:30,resistance,PE,25200,25090.5,142.4,2,130,,0.0,2024-10-10T11:34:00+05:30,214.35,TP,65,9280.5,50.44
2024-10-10,10_OCT_24,0,2024-10-10T12:05:00+05:30,resistance,PE,25150,25043.2,135.15,2,130,,0.0,2024-10-10T15:25:00+05:30,151.15,EOD,200,2007.0,11.76
2024-10-11,17_OCT_24,6,2024-10-11T09:45:00+05:30,support,CE,24900,25003.4,238.0,1,65,,0.0,2024-10-11T15:25:00+05:30,181.6,EOD,340,-3732.5,-23.73
2024-10-15,17_OCT_24,2,2024-10-15T09:45:00+05:30,resistance,PE,25250,25149.6,148.44,2,130,,0.0,2024-10-15T10:01:00+05:30,241.15,TP,16,11979.3,62.37
2024-10-15,17_OCT_24,2,2024-10-15T10:35:00+05:30,support,CE,24950,25047.8,160.75,1,65,,0.0,2024-10-15T11:24:00+05:30,157.19,BE_STOP,49,-297.9,-2.28
2024-10-15,17_OCT_24,2,2024-10-15T11:56:00+05:30,support,CE,24950,25071.75,167.85,1,65,,0.0,2024-10-15T13:02:00+05:30,136.75,BREAK_SR,66,-2088.0,-18.58
2024-10-15,17_OCT_24,2,2024-10-15T13:32:00+05:30,support,CE,24950,25051.15,145.1,2,130,,0.0,2024-10-15T13:57:00+05:30,141.44,BREAK_SR,25,-548.8,-2.59
2024-10-15,17_OCT_24,2,2024-10-15T14:27:00+05:30,support,CE,24950,25060.1,150.69,2,130,,0.0,2024-10-15T14:37:00+05:30,135.35,BREAK_SR,10,-2067.2,-10.24
2024-10-16,17_OCT_24,1,2024-10-16T09:45:00+05:30,resistance,PE,25150,25071.0,123.85,2,130,,0.0,2024-10-16T11:15:00+05:30,192.6,TP,90,8864.5,55.41
2024-10-16,17_OCT_24,1,2024-10-16T11:57:00+05:30,support,CE,24850,24955.4,137.1,2,130,,0.0,2024-10-16T12:03:00+05:30,130.5,BREAK_SR,6,-931.0,-4.89
2024-10-16,17_OCT_24,1,2024-10-16T12:44:00+05:30,support,CE,24850,24951.2,133.0,2,130,,0.0,2024-10-16T12:46:00+05:30,128.8,BREAK_SR,2,-619.0,-3.23
2024-10-16,17_OCT_24,1,2024-10-16T13:17:00+05:30,support,CE,24850,24974.3,145.55,2,130,,0.0,2024-10-16T14:26:00+05:30,221.45,TP,69,9794.0,52.06
2024-10-18,24_OCT_24,6,2024-10-18T09:45:00+05:30,support,CE,24550,24654.75,248.2,1,65,,0.0,2024-10-18T12:25:00+05:30,373.45,TP,160,8074.75,50.41
2024-10-18,24_OCT_24,6,2024-10-18T12:57:00+05:30,resistance,PE,24950,24845.45,174.25,1,65,,0.0,2024-10-18T15:25:00+05:30,154.55,EOD,148,-1347.0,-11.36
2024-10-21,24_OCT_24,3,2024-10-21T09:46:00+05:30,support,CE,24650,24765.1,193.55,1,65,,0.0,2024-10-21T09:51:00+05:30,158.25,BREAK_SR,5,-2361.0,-18.29
2024-10-21,24_OCT_24,3,2024-10-21T10:21:00+05:30,support,CE,24700,24812.8,190.35,1,65,,0.0,2024-10-21T12:04:00+05:30,133.1,SL,103,-3787.75,-30.12
2024-10-21,24_OCT_24,3,2024-10-21T12:34:00+05:30,support,CE,24650,24759.65,168.25,1,65,,0.0,2024-10-21T14:00:00+05:30,263.7,TP,86,6137.75,56.65
2024-10-21,24_OCT_24,3,2024-10-21T14:30:00+05:30,support,CE,24750,24857.35,175.85,1,65,,0.0,2024-10-21T15:02:00+05:30,120.15,SL,32,-3687.0,-31.72
2024-10-22,24_OCT_24,2,2024-10-22T09:47:00+05:30,resistance,PE,24950,24855.7,149.6,2,130,,0.0,2024-10-22T10:13:00+05:30,227.2,TP,26,10015.0,51.79
2024-10-22,24_OCT_24,2,2024-10-22T10:46:00+05:30,support,CE,24550,24660.8,189.75,1,65,,0.0,2024-10-22T11:42:00+05:30,189.65,BE_STOP,56,-73.0,-0.11
2024-10-22,24_OCT_24,2,2024-10-22T12:13:00+05:30,support,CE,24550,24664.95,195.8,1,65,,0.0,2024-10-22T13:03:00+05:30,150.55,BREAK_SR,50,-3007.75,-23.16
2024-10-22,24_OCT_24,2,2024-10-22T13:48:00+05:30,support,CE,24500,24606.5,182.55,1,65,,0.0,2024-10-22T14:04:00+05:30,163.65,BREAK_SR,16,-1295.0,-10.41
2024-10-23,24_OCT_24,1,2024-10-23T10:19:00+05:30,resistance,PE,24650,24545.5,154.3,1,65,,0.0,2024-10-23T10:51:00+05:30,151.35,BE_STOP,32,-258.25,-1.98
2024-10-23,24_OCT_24,1,2024-10-23T11:22:00+05:30,resistance,PE,24650,24565.65,134.19,2,130,,0.0,2024-10-23T12:41:00+05:30,133.25,BE_STOP,79,-195.2,-0.77
2024-10-23,24_OCT_24,1,2024-10-23T13:11:00+05:30,resistance,PE,24650,24543.65,149.05,2,130,,0.0,2024-10-23T14:23:00+05:30,240.75,TP,72,11848.0,61.44
2024-10-24,24_OCT_24,0,2024-10-24T10:07:00+05:30,support,CE,24350,24427.2,79.15,3,195,,0.0,2024-10-24T10:36:00+05:30,74.84,BE_STOP,29,-919.95,-5.57
2024-10-25,31_OCT_24,6,2024-10-25T09:45:00+05:30,support,CE,24250,24363.9,230.05,1,65,,0.0,2024-10-25T09:48:00+05:30,211.4,BREAK_SR,3,-1278.75,-8.15
2024-10-28,31_OCT_24,3,2024-10-28T09:46:00+05:30,support,CE,24100,24188.05,202.55,1,65,,0.0,2024-10-28T10:18:00+05:30,313.3,TP,32,7132.25,54.62
2024-10-28,31_OCT_24,3,2024-10-28T11:10:00+05:30,resistance,PE,24450,24364.2,174.4,1,65,,0.0,2024-10-28T11:12:00+05:30,167.65,BREAK_SR,2,-505.25,-3.93
2024-10-29,31_OCT_24,2,2024-10-29T09:45:00+05:30,support,CE,24150,24239.3,186.75,1,65,,0.0,2024-10-29T09:48:00+05:30,163.4,BREAK_SR,3,-1584.25,-12.55
2024-10-29,31_OCT_24,2,2024-10-29T10:27:00+05:30,support,CE,24150,24237.7,188.7,1,65,,0.0,2024-10-29T10:30:00+05:30,170.4,BREAK_SR,3,-1256.0,-9.75
2024-10-29,31_OCT_24,2,2024-10-29T11:39:00+05:30,support,CE,24150,24226.5,175.1,1,65,,0.0,2024-10-29T14:02:00+05:30,265.1,TP,143,5783.5,51.33
2024-10-30,31_OCT_24,1,2024-10-30T09:47:00+05:30,support,CE,24300,24391.8,162.44,1,65,,0.0,2024-10-30T13:15:00+05:30,162.35,BE_STOP,208,-72.35,-0.12
2024-10-30,31_OCT_24,1,2024-10-30T13:45:00+05:30,support,CE,24250,24370.25,172.2,1,65,,0.0,2024-10-30T15:25:00+05:30,157.35,EOD,100,-1031.75,-8.68
2024-10-31,31_OCT_24,0,2024-10-31T09:45:00+05:30,support,CE,24200,24284.25,107.5,2,130,,0.0,2024-10-31T10:44:00+05:30,69.8,SL,59,-4974.0,-35.15
2024-10-31,31_OCT_24,0,2024-10-31T11:15:00+05:30,support,CE,24150,24254.3,96.75,3,195,,0.0,2024-10-31T11:40:00+05:30,85.8,BREAK_SR,25,-2214.75,-11.42
2024-11-05,07_NOV_24,2,2024-11-05T11:46:00+05:30,support,CE,23800,23875.1,240.25,1,65,,0.0,2024-11-05T13:53:00+05:30,366.3,TP,127,8126.75,52.41
2024-11-05,07_NOV_24,2,2024-11-05T14:23:00+05:30,resistance,PE,24250,24170.4,222.8,1,65,,0.0,2024-11-05T14:26:00+05:30,208.2,BREAK_SR,3,-1015.5,-6.6
2024-11-06,07_NOV_24,1,2024-11-06T09:57:00+05:30,resistance,PE,24450,24346.8,182.75,1,65,,0.0,2024-11-06T10:00:00+05:30,164.35,BREAK_SR,3,-1262.5,-10.12
2024-11-06,07_NOV_24,1,2024-11-06T10:30:00+05:30,resistance,PE,24400,24290.1,186.55,1,65,,0.0,2024-11-06T10:53:00+05:30,129.6,SL,23,-3768.25,-30.57
2024-11-06,07_NOV_24,1,2024-11-06T11:29:00+05:30,resistance,PE,24450,24361.95,170.0,1,65,,0.0,2024-11-06T11:30:00+05:30,169.3,BREAK_SR,1,-112.0,-0.47
2024-11-07,07_NOV_24,0,2024-11-07T09:46:00+05:30,support,CE,24250,24357.45,116.5,2,130,,0.0,2024-11-07T09:54:00+05:30,102.4,BREAK_SR,8,-1906.0,-12.18
2024-11-08,14_NOV_24,6,2024-11-08T09:47:00+05:30,resistance,PE,24350,24263.1,207.2,1,65,,0.0,2024-11-08T15:25:00+05:30,269.85,EOD,338,4005.75,30.18
2024-11-11,14_NOV_24,3,2024-11-11T09:46:00+05:30,resistance,PE,24250,24132.25,200.9,1,65,,0.0,2024-11-11T10:29:00+05:30,137.05,SL,43,-4216.75,-31.82
2024-11-11,14_NOV_24,3,2024-11-11T12:22:00+05:30,resistance,PE,24300,24210.4,174.45,1,65,,0.0,2024-11-11T12:28:00+05:30,158.65,BREAK_SR,6,-1093.5,-9.11
2024-11-11,14_NOV_24,3,2024-11-11T13:12:00+05:30,resistance,PE,24300,24214.05,168.45,1,65,,0.0,2024-11-11T14:17:00+05:30,254.6,TP,65,5533.25,51.07
2024-11-12,14_NOV_24,2,2024-11-12T09:45:00+05:30,resistance,PE,24250,24149.9,177.35,1,65,,0.0,2024-11-12T09:59:00+05:30,117.8,SL,14,-3937.25,-33.62
2024-11-12,14_NOV_24,2,2024-11-12T10:31:00+05:30,resistance,PE,24300,24185.35,176.0,1,65,,0.0,2024-11-12T12:41:00+05:30,273.39,TP,130,6263.85,55.26
2024-11-12,14_NOV_24,2,2024-11-12T13:11:00+05:30,support,CE,23900,24011.3,181.6,1,65,,0.0,2024-11-12T13:16:00+05:30,158.9,BREAK_SR,5,-1542.0,-12.55
2024-11-13,14_NOV_24,1,2024-11-13T09:46:00+05:30,support,CE,23650,23753.1,184.7,1,65,,0.0,2024-11-13T11:43:00+05:30,125.45,SL,117,-3917.75,-32.12
2024-11-13,14_NOV_24,1,2024-11-13T12:14:00+05:30,support,CE,23600,23684.2,145.8,2,130,,0.0,2024-11-13T12:47:00+05:30,132.19,BREAK_SR,33,-1842.3,-9.4
2024-11-13,14_NOV_24,1,2024-11-13T13:45:00+05:30,support,CE,23600,23701.95,156.5,1,65,,0.0,2024-11-13T14:09:00+05:30,136.05,BREAK_SR,24,-1395.75,-13.13
2024-11-14,14_NOV_24,0,2024-11-14T10:04:00+05:30,resistance,PE,23750,23653.6,139.75,2,130,,0.0,2024-11-14T10:53:00+05:30,215.0,TP,49,9709.5,53.76
2024-11-18,21_NOV_24,3,2024-11-18T10:04:00+05:30,support,CE,23350,23471.35,208.45,1,65,,0.0,2024-11-18T10:15:00+05:30,186.35,BREAK_SR,11,-1503.0,-10.65
2024-11-18,21_NOV_24,3,2024-11-18T12:00:00+05:30,support,CE,23350,23457.7,196.15,1,65,,0.0,2024-11-18T13:18:00+05:30,195.0,BE_STOP,78,-141.25,-0.64
2024-11-18,21_NOV_24,3,2024-11-18T13:49:00+05:30,support,CE,23350,23473.9,200.85,1,65,,0.0,2024-11-18T14:28:00+05:30,176.85,BREAK_SR,39,-1626.5,-12.0
2024-11-21,21_NOV_24,0,2024-11-21T10:04:00+05:30,support,CE,23250,23345.8,73.65,4,260,,0.0,2024-11-21T10:08:00+05:30,72.84,BE_STOP,4,-296.6,-1.23
2024-11-21,21_NOV_24,0,2024-11-21T10:54:00+05:30,support,CE,23250,23333.8,79.9,3,195,,0.0,2024-11-21T10:58:00+05:30,71.65,BREAK_SR,4,-1688.25,-10.44
2024-11-21,21_NOV_24,0,2024-11-21T11:28:00+05:30,support,CE,23250,23339.6,80.9,3,195,,0.0,2024-11-21T12:48:00+05:30,74.4,BE_STOP,80,-1347.0,-8.15
2024-11-21,21_NOV_24,0,2024-11-21T13:19:00+05:30,support,CE,23250,23343.25,83.2,3,195,,0.0,2024-11-21T14:47:00+05:30,82.2,BREAK_SR,88,-274.5,-1.32
2024-11-22,28_NOV_24,6,2024-11-22T09:47:00+05:30,resistance,PE,23550,23438.35,225.45,1,65,,0.0,2024-11-22T09:55:00+05:30,214.1,BREAK_SR,8,-804.25,-5.08
2024-11-26,28_NOV_24,2,2024-11-26T09:45:00+05:30,resistance,PE,24350,24255.3,181.8,1,65,,0.0,2024-11-26T14:36:00+05:30,179.95,BE_STOP,291,-186.75,-1.07
2024-11-27,28_NOV_24,1,2024-11-27T09:45:00+05:30,support,CE,24100,24181.75,148.0,2,130,,0.0,2024-11-27T10:03:00+05:30,144.25,BE_STOP,18,-560.5,-2.6
2024-11-27,28_NOV_24,1,2024-11-27T10:33:00+05:30,support,CE,24100,24190.9,144.85,2,130,,0.0,2024-11-27T12:33:00+05:30,243.4,TP,120,12738.5,67.94
2024-11-28,28_NOV_24,0,2024-11-28T09:45:00+05:30,resistance,PE,24350,24268.9,120.8,2,130,,0.0,2024-11-28T10:01:00+05:30,82.0,SL,16,-5117.0,-32.19
2024-11-28,28_NOV_24,0,2024-11-28T10:33:00+05:30,resistance,PE,24300,24215.55,133.15,2,130,,0.0,2024-11-28T10:38:00+05:30,227.5,TP,5,12192.5,70.76
2024-11-29,05_DEC_24,6,2024-11-29T09:48:00+05:30,resistance,PE,24100,24015.55,211.7,1,65,,0.0,2024-11-29T11:23:00+05:30,146.65,SL,95,-4294.75,-30.77
2024-11-29,05_DEC_24,6,2024-11-29T11:53:00+05:30,resistance,PE,24200,24078.95,215.45,1,65,,0.0,2024-11-29T13:24:00+05:30,165.5,BREAK_SR,91,-3313.25,-23.23
2024-11-29,05_DEC_24,6,2024-11-29T13:54:00+05:30,resistance,PE,24250,24136.0,190.05,1,65,,0.0,2024-11-29T14:00:00+05:30,176.0,BREAK_SR,6,-979.75,-7.44
2024-12-02,05_DEC_24,3,2024-12-02T09:46:00+05:30,resistance,PE,24250,24134.75,197.75,1,65,,0.0,2024-12-02T14:05:00+05:30,135.5,BREAK_SR,259,-4112.75,-31.52
2024-12-03,05_DEC_24,2,2024-12-03T09:45:00+05:30,resistance,PE,24400,24308.45,197.55,1,65,,0.0,2024-12-03T10:29:00+05:30,136.0,SL,44,-4067.25,-31.2
2024-12-03,05_DEC_24,2,2024-12-03T11:10:00+05:30,resistance,PE,24500,24412.55,169.45,1,65,,0.0,2024-12-03T11:15:00+05:30,163.55,BREAK_SR,5,-450.0,-3.54
2024-12-03,05_DEC_24,2,2024-12-03T11:54:00+05:30,resistance,PE,24500,24403.35,176.65,1,65,,0.0,2024-12-03T11:56:00+05:30,170.2,BREAK_SR,2,-485.75,-3.71
2024-12-03,05_DEC_24,2,2024-12-03T12:27:00+05:30,resistance,PE,24500,24394.25,184.2,1,65,,0.0,2024-12-03T12:35:00+05:30,175.85,BREAK_SR,8,-609.25,-4.59
2024-12-03,05_DEC_24,2,2024-12-03T13:11:00+05:30,resistance,PE,24500,24414.15,176.0,1,65,,0.0,2024-12-03T13:19:00+05:30,173.8,BREAK_SR,8,-209.5,-1.31
2024-12-04,05_DEC_24,1,2024-12-04T10:21:00+05:30,resistance,PE,24600,24514.35,169.3,1,65,,0.0,2024-12-04T11:57:00+05:30,295.05,TP,96,8107.25,74.2
2024-12-04,05_DEC_24,1,2024-12-04T12:30:00+05:30,resistance,PE,24600,24479.75,196.1,1,65,,0.0,2024-12-04T15:25:00+05:30,200.0,EOD,175,187.0,1.94
2024-12-05,05_DEC_24,0,2024-12-05T09:46:00+05:30,resistance,PE,24550,24454.85,195.3,1,65,,0.0,2024-12-05T10:58:00+05:30,294.8,TP,72,6401.0,50.88
2024-12-05,05_DEC_24,0,2024-12-05T11:28:00+05:30,support,CE,24250,24353.75,192.1,1,65,,0.0,2024-12-05T11:31:00+05:30,182.5,BREAK_SR,3,-690.5,-5.05
2024-12-05,05_DEC_24,0,2024-12-05T12:01:00+05:30,support,CE,24250,24374.75,207.45,1,65,,0.0,2024-12-05T12:08:00+05:30,339.15,TP,7,8494.0,63.42
2024-12-09,12_DEC_24,3,2024-12-09T09:45:00+05:30,support,CE,24550,24658.25,221.3,1,65,,0.0,2024-12-09T15:25:00+05:30,181.55,EOD,340,-2650.25,-18.0
2024-12-10,12_DEC_24,2,2024-12-10T09:45:00+05:30,support,CE,24550,24652.3,185.75,1,65,,0.0,2024-12-10T12:35:00+05:30,125.15,SL,170,-4005.5,-32.67
2024-12-10,12_DEC_24,2,2024-12-10T13:05:00+05:30,support,CE,24450,24574.15,187.1,1,65,,0.0,2024-12-10T13:48:00+05:30,162.19,BREAK_SR,43,-1685.65,-13.36
2024-12-10,12_DEC_24,2,2024-12-10T14:18:00+05:30,support,CE,24450,24539.75,173.15,1,65,,0.0,2024-12-10T14:25:00+05:30,168.6,BREAK_SR,7,-362.25,-2.68
2024-12-11,12_DEC_24,1,2024-12-11T09:45:00+05:30,resistance,PE,24700,24606.05,153.69,2,130,,0.0,2024-12-11T10:35:00+05:30,107.15,SL,50,-6123.2,-30.34
2024-12-11,12_DEC_24,1,2024-12-11T11:06:00+05:30,resistance,PE,24750,24649.45,140.6,2,130,,0.0,2024-12-11T15:25:00+05:30,139.35,EOD,259,-235.5,-0.96
2024-12-12,12_DEC_24,0,2024-12-12T09:45:00+05:30,resistance,PE,24750,24646.65,128.6,2,130,,0.0,2024-12-12T12:06:00+05:30,203.15,TP,141,9618.5,57.87
2024-12-12,12_DEC_24,0,2024-12-12T12:37:00+05:30,support,CE,24500,24580.0,82.85,3,195,,0.0,2024-12-12T13:25:00+05:30,56.2,SL,48,-5276.25,-32.27
2024-12-12,12_DEC_24,0,2024-12-12T13:58:00+05:30,support,CE,24450,24549.15,101.55,3,195,,0.0,2024-12-12T14:51:00+05:30,100.35,BE_STOP,53,-313.5,-1.28
2024-12-13,19_DEC_24,6,2024-12-13T11:56:00+05:30,support,CE,24350,24464.1,260.14,1,65,,0.0,2024-12-13T13:00:00+05:30,403.45,TP,64,9248.65,55.04
2024-12-16,19_DEC_24,3,2024-12-16T10:28:00+05:30,support,CE,24550,24672.25,225.75,1,65,,0.0,2024-12-16T15:25:00+05:30,227.95,EOD,297,76.5,0.93
2024-12-17,19_DEC_24,2,2024-12-17T09:46:00+05:30,support,CE,24450,24551.15,216.25,1,65,,0.0,2024-12-17T09:48:00+05:30,200.8,BREAK_SR,2,-1070.75,-7.19
2024-12-18,19_DEC_24,1,2024-12-18T09:45:00+05:30,resistance,PE,24500,24376.0,178.15,1,65,,0.0,2024-12-18T10:00:00+05:30,267.85,TP,15,5764.0,50.28
2025-08-19,02_SEP_25,14,2025-08-19T09:45:00+05:30,resistance,PE,25000,24876.3,223.1,1,65,,0.0,2025-08-19T12:21:00+05:30,162.0,BREAK_SR,156,-4038.0,-27.43
2025-08-19,02_SEP_25,14,2025-08-19T12:52:00+05:30,resistance,PE,25100,24982.15,215.0,1,65,,0.0,2025-08-19T12:56:00+05:30,209.55,BREAK_SR,4,-420.75,-2.58
2025-08-19,02_SEP_25,14,2025-08-19T13:27:00+05:30,resistance,PE,25100,24982.8,217.4,1,65,,0.0,2025-08-19T15:25:00+05:30,206.9,EOD,118,-749.0,-4.87
2025-08-20,02_SEP_25,13,2025-08-20T09:45:00+05:30,support,CE,24850,24972.0,289.0,1,65,,0.0,2025-08-20T15:25:00+05:30,356.05,EOD,340,4291.75,23.16
2025-08-21,02_SEP_25,12,2025-08-21T09:45:00+05:30,support,CE,24950,25061.1,286.05,1,65,,0.0,2025-08-21T15:25:00+05:30,290.2,EOD,340,203.25,1.42
2025-08-25,02_SEP_25,8,2025-08-25T09:45:00+05:30,resistance,PE,25050,24962.75,160.0,1,65,,0.0,2025-08-25T11:04:00+05:30,158.55,BE_STOP,79,-160.75,-0.97
2025-08-25,02_SEP_25,8,2025-08-25T11:34:00+05:30,resistance,PE,25050,24949.15,160.15,1,65,,0.0,2025-08-25T13:06:00+05:30,135.65,BREAK_SR,92,-1659.0,-15.36
2025-08-25,02_SEP_25,8,2025-08-25T14:21:00+05:30,resistance,PE,25100,24988.1,174.0,1,65,,0.0,2025-08-25T15:25:00+05:30,172.4,EOD,64,-170.5,-0.98
2025-08-28,02_SEP_25,5,2025-08-28T09:53:00+05:30,support,CE,24500,24590.8,197.3,1,65,,0.0,2025-08-28T10:02:00+05:30,193.0,BREAK_SR,9,-346.0,-2.23
2025-08-28,02_SEP_25,5,2025-08-28T10:32:00+05:30,support,CE,24500,24596.45,199.3,1,65,,0.0,2025-08-28T12:18:00+05:30,198.7,BE_STOP,106,-105.5,-0.35
2025-08-28,02_SEP_25,5,2025-08-28T12:50:00+05:30,support,CE,24500,24593.65,185.2,1,65,,0.0,2025-08-28T12:58:00+05:30,179.85,BREAK_SR,8,-414.25,-2.94
2025-08-29,02_SEP_25,4,2025-08-29T09:47:00+05:30,support,CE,24400,24502.9,188.1,1,65,,0.0,2025-08-29T12:59:00+05:30,187.6,BE_STOP,192,-99.0,-0.32
2025-08-29,02_SEP_25,4,2025-08-29T13:29:00+05:30,support,CE,24400,24520.3,181.0,1,65,,0.0,2025-08-29T15:08:00+05:30,125.45,SL,99,-3677.25,-30.74
2025-09-01,02_SEP_25,1,2025-09-01T10:05:00+05:30,resistance,PE,24650,24534.65,118.15,2,130,,0.0,2025-09-01T10:46:00+05:30,109.45,BREAK_SR,41,-1204.0,-7.45
2025-09-01,02_SEP_25,1,2025-09-01T11:47:00+05:30,resistance,PE,24650,24529.15,123.0,2,130,,0.0,2025-09-01T12:06:00+05:30,109.9,BREAK_SR,19,-1776.0,-10.73
2025-09-02,02_SEP_25,0,2025-09-02T09:46:00+05:30,resistance,PE,24800,24692.4,112.2,2,130,,0.0,2025-09-02T10:01:00+05:30,76.15,SL,15,-4759.5,-32.2
2025-09-02,02_SEP_25,0,2025-09-02T10:32:00+05:30,resistance,PE,24850,24732.25,112.7,2,130,,0.0,2025-09-02T11:10:00+05:30,103.2,BREAK_SR,38,-1308.0,-8.51
2025-09-02,02_SEP_25,0,2025-09-02T11:40:00+05:30,resistance,PE,24850,24738.7,104.6,2,130,,0.0,2025-09-02T12:29:00+05:30,103.65,BE_STOP,49,-196.5,-1.0
2025-09-02,02_SEP_25,0,2025-09-02T13:01:00+05:30,resistance,PE,24850,24738.65,100.65,3,195,,0.0,2025-09-02T13:02:00+05:30,98.95,BREAK_SR,1,-411.0,-1.79
2025-09-02,02_SEP_25,0,2025-09-02T13:34:00+05:30,resistance,PE,24800,24697.0,92.55,3,195,,0.0,2025-09-02T13:42:00+05:30,139.1,TP,8,8997.75,50.16
2025-09-02,02_SEP_25,0,2025-09-02T14:13:00+05:30,support,CE,24450,24564.95,118.9,2,130,,0.0,2025-09-02T14:24:00+05:30,98.7,BE_STOP,11,-2699.0,-17.07
2025-09-03,09_SEP_25,6,2025-09-03T09:45:00+05:30,support,CE,24450,24557.1,203.5,1,65,,0.0,2025-09-03T15:09:00+05:30,314.05,TP,324,7119.25,54.26
2025-09-04,09_SEP_25,5,2025-09-04T10:40:00+05:30,resistance,PE,24900,24825.0,133.0,2,130,,0.0,2025-09-04T10:49:00+05:30,127.3,BREAK_SR,9,-814.0,-4.36
2025-09-04,09_SEP_25,5,2025-09-04T11:19:00+05:30,resistance,PE,24900,24819.5,133.05,2,130,,0.0,2025-09-04T12:06:00+05:30,123.1,BREAK_SR,47,-1366.5,-7.55
2025-09-04,09_SEP_25,5,2025-09-04T12:38:00+05:30,resistance,PE,24900,24798.95,146.35,2,130,,0.0,2025-09-04T12:46:00+05:30,125.05,BREAK_SR,8,-2842.0,-14.62
2025-09-04,09_SEP_25,5,2025-09-04T13:16:00+05:30,resistance,PE,24900,24814.55,130.7,2,130,,0.0,2025-09-04T14:26:00+05:30,196.25,TP,70,8448.5,50.06
2025-09-05,09_SEP_25,4,2025-09-05T09:45:00+05:30,resistance,PE,24850,24774.2,110.1,2,130,,0.0,2025-09-05T10:12:00+05:30,203.0,TP,27,12004.0,84.25
2025-09-05,09_SEP_25,4,2025-09-05T10:43:00+05:30,support,CE,24600,24706.0,167.0,1,65,,0.0,2025-09-05T12:35:00+05:30,114.65,SL,112,-3469.25,-31.4
2025-09-05,09_SEP_25,4,2025-09-05T13:05:00+05:30,support,CE,24550,24646.0,158.75,1,65,,0.0,2025-09-05T13:46:00+05:30,244.85,TP,41,5530.0,54.16
2025-09-05,09_SEP_25,4,2025-09-05T14:21:00+05:30,resistance,PE,24850,24756.75,125.3,2,130,,0.0,2025-09-05T15:25:00+05:30,126.1,EOD,64,31.0,0.56
2025-09-08,09_SEP_25,1,2025-09-08T09:46:00+05:30,resistance,PE,24950,24827.8,133.95,2,130,,0.0,2025-09-08T11:17:00+05:30,133.1,BE_STOP,91,-183.5,-0.71
2025-09-08,09_SEP_25,1,2025-09-08T11:47:00+05:30,resistance,PE,24900,24819.8,96.0,3,195,,0.0,2025-09-08T12:40:00+05:30,64.85,SL,53,-6153.75,-32.54
2025-09-08,09_SEP_25,1,2025-09-08T13:17:00+05:30,resistance,PE,24950,24861.05,99.35,3,195,,0.0,2025-09-08T14:19:00+05:30,98.8,BREAK_SR,62,-186.75,-0.65
2025-09-09,09_SEP_25,0,2025-09-09T09:46:00+05:30,resistance,PE,24950,24854.55,100.35,3,195,,0.0,2025-09-09T12:21:00+05:30,99.65,BE_STOP,155,-216.0,-0.8
2025-09-09,09_SEP_25,0,2025-09-09T12:52:00+05:30,resistance,PE,24950,24865.45,96.95,3,195,,0.0,2025-09-09T15:25:00+05:30,81.05,EOD,153,-3180.0,-16.49
2025-09-10,16_SEP_25,6,2025-09-10T13:15:00+05:30,resistance,PE,25050,24955.2,140.4,2,130,,0.0,2025-09-10T13:25:00+05:30,131.85,BREAK_SR,10,-1184.5,-6.16
2025-09-10,16_SEP_25,6,2025-09-10T14:00:00+05:30,resistance,PE,25050,24955.4,135.95,2,130,,0.0,2025-09-10T14:06:00+05:30,122.35,BREAK_SR,6,-1841.0,-10.07
2025-09-11,16_SEP_25,5,2025-09-11T09:45:00+05:30,resistance,PE,25100,24977.4,145.7,2,130,,0.0,2025-09-11T15:25:00+05:30,116.9,EOD,340,-3817.0,-19.83
2025-09-12,16_SEP_25,4,2025-09-12T09:51:00+05:30,resistance,PE,25150,25058.15,113.8,2,130,,0.0,2025-09-12T11:08:00+05:30,92.0,BREAK_SR,77,-2907.0,-19.24
2025-09-15,16_SEP_25,1,2025-09-15T09:45:00+05:30,support,CE,25000,25092.0,129.9,2,130,,0.0,2025-09-15T15:25:00+05:30,121.5,EOD,340,-1165.0,-6.54
2025-09-16,16_SEP_25,0,2025-09-16T09:45:00+05:30,resistance,PE,25250,25134.3,117.05,2,130,,0.0,2025-09-16T09:59:00+05:30,95.4,BREAK_SR,14,-2887.5,-18.57
2025-09-16,16_SEP_25,0,2025-09-16T10:50:00+05:30,resistance,PE,25250,25152.95,95.25,3,195,,0.0,2025-09-16T10:54:00+05:30,90.4,BREAK_SR,4,-1025.25,-5.19
2025-09-17,23_SEP_25,6,2025-09-17T09:45:00+05:30,resistance,PE,25400,25319.45,122.7,2,130,,0.0,2025-09-17T15:25:00+05:30,114.55,EOD,340,-1132.5,-6.72
2025-09-18,23_SEP_25,5,2025-09-18T10:11:00+05:30,resistance,PE,25500,25405.6,115.1,2,130,,0.0,2025-09-18T10:25:00+05:30,108.15,BREAK_SR,14,-976.5,-6.12
2025-09-18,23_SEP_25,5,2025-09-18T12:31:00+05:30,resistance,PE,25500,25409.15,107.05,2,130,,0.0,2025-09-18T15:01:00+05:30,106.1,BE_STOP,150,-196.5,-0.98
2025-09-19,23_SEP_25,4,2025-09-19T09:48:00+05:30,support,CE,25250,25337.25,141.1,2,130,,0.0,2025-09-19T09:58:00+05:30,130.5,BREAK_SR,10,-1451.0,-7.58
2025-09-19,23_SEP_25,4,2025-09-19T10:28:00+05:30,support,CE,25250,25336.55,142.9,2,130,,0.0,2025-09-19T10:32:00+05:30,137.4,BREAK_SR,4,-788.0,-3.92
2025-09-19,23_SEP_25,4,2025-09-19T13:06:00+05:30,support,CE,25250,25327.1,139.95,2,130,,0.0,2025-09-19T13:08:00+05:30,133.9,BREAK_SR,2,-859.5,-4.39
2025-09-19,23_SEP_25,4,2025-09-19T13:38:00+05:30,support,CE,25250,25337.25,144.0,2,130,,0.0,2025-09-19T15:02:00+05:30,136.45,BREAK_SR,84,-1054.5,-5.31
2025-09-22,23_SEP_25,1,2025-09-22T09:45:00+05:30,support,CE,25200,25324.75,164.5,1,65,,0.0,2025-09-22T14:28:00+05:30,108.2,BREAK_SR,283,-3726.0,-34.28
2025-09-23,23_SEP_25,0,2025-09-23T09:47:00+05:30,support,CE,25050,25132.2,105.85,2,130,,0.0,2025-09-23T10:18:00+05:30,105.25,BE_STOP,31,-151.0,-0.66
2025-09-23,23_SEP_25,0,2025-09-23T10:49:00+05:30,support,CE,25050,25127.2,98.85,3,195,,0.0,2025-09-23T11:19:00+05:30,68.85,BREAK_SR,30,-5929.5,-30.43
2025-09-23,23_SEP_25,0,2025-09-23T11:49:00+05:30,support,CE,25000,25108.45,127.4,2,130,,0.0,2025-09-23T12:33:00+05:30,196.75,TP,44,8942.5,54.34
2025-09-23,23_SEP_25,0,2025-09-23T13:03:00+05:30,resistance,PE,25300,25197.8,94.7,3,195,,0.0,2025-09-23T13:31:00+05:30,58.3,SL,28,-7177.5,-38.52
2025-09-23,23_SEP_25,0,2025-09-23T14:01:00+05:30,support,CE,25100,25224.25,136.8,2,130,,0.0,2025-09-23T14:14:00+05:30,120.0,BE_STOP,13,-2257.0,-12.35
2025-09-24,30_SEP_25,6,2025-09-24T09:56:00+05:30,support,CE,25000,25086.35,195.15,1,65,,0.0,2025-09-24T10:45:00+05:30,185.9,BREAK_SR,49,-667.75,-4.79
2025-09-24,30_SEP_25,6,2025-09-24T11:48:00+05:30,support,CE,25000,25079.95,186.5,1,65,,0.0,2025-09-24T11:53:00+05:30,183.0,BREAK_SR,5,-294.0,-1.93
2025-09-24,30_SEP_25,6,2025-09-24T12:24:00+05:30,support,CE,25000,25100.35,204.3,1,65,,0.0,2025-09-24T14:41:00+05:30,188.4,BREAK_SR,137,-1100.0,-7.83
2025-09-25,30_SEP_25,5,2025-09-25T09:45:00+05:30,resistance,PE,25150,25039.55,137.0,2,130,,0.0,2025-09-25T15:01:00+05:30,206.5,TP,316,8962.0,50.64
2025-09-26,30_SEP_25,4,2025-09-26T09:47:00+05:30,support,CE,24700,24799.25,191.45,1,65,,0.0,2025-09-26T10:08:00+05:30,177.25,BREAK_SR,21,-989.5,-7.47
2025-09-26,30_SEP_25,4,2025-09-26T10:39:00+05:30,support,CE,24700,24795.55,184.05,1,65,,0.0,2025-09-26T10:57:00+05:30,174.0,BREAK_SR,18,-719.75,-5.51
2025-09-26,30_SEP_25,4,2025-09-26T12:50:00+05:30,support,CE,24700,24786.55,168.7,1,65,,0.0,2025-09-26T12:52:00+05:30,165.35,BREAK_SR,2,-284.25,-2.04
2025-09-29,30_SEP_25,1,2025-09-29T09:46:00+05:30,resistance,PE,24850,24747.9,97.85,3,195,,0.0,2025-09-29T11:41:00+05:30,151.95,TP,115,10470.0,55.16
2025-09-29,30_SEP_25,1,2025-09-29T12:11:00+05:30,support,CE,24550,24642.8,163.8,1,65,,0.0,2025-09-29T15:00:00+05:30,154.85,BE_STOP,169,-648.25,-5.52
2025-09-30,30_SEP_25,0,2025-09-30T09:46:00+05:30,support,CE,24550,24642.4,123.2,2,130,,0.0,2025-09-30T10:36:00+05:30,81.85,SL,50,-5448.5,-33.63
2025-09-30,30_SEP_25,0,2025-09-30T11:06:00+05:30,support,CE,24550,24662.7,136.7,2,130,,0.0,2025-09-30T13:33:00+05:30,91.4,SL,147,-5962.0,-33.2
2025-09-30,30_SEP_25,0,2025-09-30T14:04:00+05:30,support,CE,24550,24636.75,95.6,3,195,,0.0,2025-09-30T14:19:00+05:30,55.25,SL,15,-7947.75,-42.29
2025-10-01,07_OCT_25,6,2025-10-01T09:45:00+05:30,resistance,PE,24800,24682.3,163.45,1,65,,0.0,2025-10-01T10:31:00+05:30,159.45,BE_STOP,46,-326.5,-2.51
2025-10-01,07_OCT_25,6,2025-10-01T11:04:00+05:30,resistance,PE,24800,24683.75,158.5,1,65,,0.0,2025-10-01T11:31:00+05:30,118.25,BREAK_SR,27,-2682.75,-25.45
2025-10-03,07_OCT_25,4,2025-10-03T09:47:00+05:30,support,CE,24700,24790.95,162.8,1,65,,0.0,2025-10-03T12:32:00+05:30,161.8,BE_STOP,165,-131.5,-0.68
2025-10-03,07_OCT_25,4,2025-10-03T13:03:00+05:30,support,CE,24700,24816.95,174.8,1,65,,0.0,2025-10-03T15:25:00+05:30,234.65,EOD,142,3823.75,34.17
2025-10-06,07_OCT_25,1,2025-10-06T09:46:00+05:30,resistance,PE,25050,24949.6,118.75,2,130,,0.0,2025-10-06T11:11:00+05:30,81.4,SL,85,-4928.5,-31.52
2025-10-06,07_OCT_25,1,2025-10-06T11:50:00+05:30,resistance,PE,25100,24992.5,113.3,2,130,,0.0,2025-10-06T12:02:00+05:30,106.35,BREAK_SR,12,-976.5,-6.22
2025-10-07,07_OCT_25,0,2025-10-07T09:45:00+05:30,resistance,PE,25250,25145.7,108.05,2,130,,0.0,2025-10-07T09:55:00+05:30,69.9,SL,10,-5032.5,-35.38
2025-10-07,07_OCT_25,0,2025-10-07T10:26:00+05:30,resistance,PE,25250,25173.75,81.35,3,195,,0.0,2025-10-07T11:23:00+05:30,128.2,TP,57,9056.25,57.43
2025-10-07,07_OCT_25,0,2025-10-07T11:53:00+05:30,resistance,PE,25250,25126.05,132.4,2,130,,0.0,2025-10-07T12:05:00+05:30,89.35,SL,12,-5669.5,-32.58
2025-10-07,07_OCT_25,0,2025-10-07T12:35:00+05:30,resistance,PE,25250,25156.05,89.65,3,195,,0.0,2025-10-07T13:09:00+05:30,56.8,SL,34,-6485.25,-36.73
2025-10-07,07_OCT_25,0,2025-10-07T14:21:00+05:30,resistance,PE,25300,25186.2,103.75,2,130,,0.0,2025-10-07T14:24:00+05:30,103.65,BREAK_SR,3,-86.0,-0.19
2025-10-08,14_OCT_25,6,2025-10-08T09:45:00+05:30,resistance,PE,25250,25171.05,127.5,2,130,,0.0,2025-10-08T11:01:00+05:30,196.8,TP,76,8936.0,54.25
2025-10-08,14_OCT_25,6,2025-10-08T11:31:00+05:30,support,CE,24950,25036.2,177.4,1,65,,0.0,2025-10-08T14:50:00+05:30,169.5,BE_STOP,199,-580.0,-4.51
2025-10-09,14_OCT_25,5,2025-10-09T09:45:00+05:30,resistance,PE,25150,25062.5,134.5,2,130,,0.0,2025-10-09T11:01:00+05:30,86.35,SL,76,-6332.5,-35.86
2025-10-09,14_OCT_25,5,2025-10-09T12:06:00+05:30,resistance,PE,25250,25127.75,133.3,2,130,,0.0,2025-10-09T12:10:00+05:30,127.0,BREAK_SR,4,-892.0,-4.8
2025-10-09,14_OCT_25,5,2025-10-09T13:02:00+05:30,resistance,PE,25250,25132.5,133.2,2,130,,0.0,2025-10-09T13:04:00+05:30,128.85,BREAK_SR,2,-638.5,-3.34
2025-10-09,14_OCT_25,5,2025-10-09T14:20:00+05:30,resistance,PE,25250,25129.7,135.95,2,130,,0.0,2025-10-09T14:26:00+05:30,136.05,BREAK_SR,6,-60.0,0.0
2025-10-10,14_OCT_25,4,2025-10-10T09:47:00+05:30,resistance,PE,25400,25278.5,129.2,2,130,,0.0,2025-10-10T10:17:00+05:30,112.65,BREAK_SR,30,-2224.5,-12.88
2025-10-10,14_OCT_25,4,2025-10-10T11:33:00+05:30,resistance,PE,25400,25275.85,111.75,2,130,,0.0,2025-10-10T11:34:00+05:30,109.85,BREAK_SR,1,-320.0,-1.79
2025-10-10,14_OCT_25,4,2025-10-10T12:08:00+05:30,resistance,PE,25400,25276.8,116.55,2,130,,0.0,2025-10-10T12:13:00+05:30,110.65,BREAK_SR,5,-840.0,-5.15
2025-10-13,14_OCT_25,1,2025-10-13T09:46:00+05:30,support,CE,25150,25225.7,131.15,2,130,,0.0,2025-10-13T11:18:00+05:30,90.65,SL,92,-5338.0,-30.95
2025-10-13,14_OCT_25,1,2025-10-13T11:49:00+05:30,support,CE,25100,25189.6,130.75,2,130,,0.0,2025-10-13T15:25:00+05:30,168.8,EOD,216,4873.5,29.01
2025-10-14,14_OCT_25,0,2025-10-14T09:45:00+05:30,resistance,PE,25350,25236.6,107.95,2,130,,0.0,2025-10-14T10:02:00+05:30,169.25,TP,17,7896.0,56.67
2025-10-14,14_OCT_25,0,2025-10-14T10:32:00+05:30,resistance,PE,25300,25207.65,107.25,2,130,,0.0,2025-10-14T11:19:00+05:30,164.2,TP,47,7330.5,52.98
2025-10-14,14_OCT_25,0,2025-10-14T11:53:00+05:30,support,CE,25050,25144.95,112.1,2,130,,0.0,2025-10-14T12:06:00+05:30,107.1,BREAK_SR,13,-723.0,-4.55
2025-10-14,14_OCT_25,0,2025-10-14T14:25:00+05:30,support,CE,25050,25154.3,95.5,3,195,,0.0,2025-10-14T14:36:00+05:30,143.25,TP,11,9231.75,49.87
2025-10-15,20_OCT_25,5,2025-10-15T09:46:00+05:30,resistance,PE,25350,25225.05,146.2,2,130,,0.0,2025-10-15T10:17:00+05:30,125.05,BREAK_SR,31,-2822.5,-14.53
2025-10-16,20_OCT_25,4,2025-10-16T09:49:00+05:30,resistance,PE,25550,25437.85,128.85,2,130,,0.0,2025-10-16T09:53:00+05:30,119.85,BREAK_SR,4,-1243.0,-7.06
2025-10-16,20_OCT_25,4,2025-10-16T11:46:00+05:30,resistance,PE,25550,25443.3,122.55,2,130,,0.0,2025-10-16T11:50:00+05:30,120.0,BREAK_SR,4,-404.5,-2.16
2025-10-21,28_OCT_25,7,2025-10-21T13:46:00+05:30,resistance,PE,26000,25920.2,162.5,1,65,,0.0,2025-10-21T15:25:00+05:30,201.8,EOD,99,2488.0,24.12
2025-10-24,28_OCT_25,4,2025-10-24T09:45:00+05:30,resistance,PE,26000,25884.95,132.75,2,130,,0.0,2025-10-24T11:05:00+05:30,201.95,TP,80,8923.0,52.03
2025-10-24,28_OCT_25,4,2025-10-24T11:36:00+05:30,support,CE,25700,25822.8,218.7,1,65,,0.0,2025-10-24T13:29:00+05:30,152.25,SL,113,-4385.75,-30.42
2025-10-24,28_OCT_25,4,2025-10-24T14:06:00+05:30,support,CE,25650,25748.75,175.65,1,65,,0.0,2025-10-24T15:25:00+05:30,198.6,EOD,79,1425.25,13.01
2025-10-28,28_OCT_25,0,2025-10-28T09:47:00+05:30,resistance,PE,26100,26015.45,96.95,3,195,,0.0,2025-10-28T10:01:00+05:30,160.1,TP,14,12234.75,65.0
2025-10-28,28_OCT_25,0,2025-10-28T10:33:00+05:30,support,CE,25800,25875.7,115.05,2,130,,0.0,2025-10-28T10:54:00+05:30,98.85,BREAK_SR,21,-2179.0,-14.16
2025-10-28,28_OCT_25,0,2025-10-28T11:25:00+05:30,support,CE,25800,25883.65,116.15,2,130,,0.0,2025-10-28T11:58:00+05:30,92.45,BREAK_SR,33,-3154.0,-20.48
2025-10-28,28_OCT_25,0,2025-10-28T12:28:00+05:30,support,CE,25750,25868.9,139.7,2,130,,0.0,2025-10-28T12:31:00+05:30,131.2,BREAK_SR,3,-1178.0,-6.15
2025-10-28,28_OCT_25,0,2025-10-28T13:01:00+05:30,support,CE,25850,25945.4,124.75,2,130,,0.0,2025-10-28T13:17:00+05:30,85.5,SL,16,-5175.5,-31.53
2025-10-28,28_OCT_25,0,2025-10-28T13:47:00+05:30,support,CE,25800,25876.8,90.3,3,195,,0.0,2025-10-28T14:04:00+05:30,68.5,BREAK_SR,17,-4330.5,-24.24
2025-10-29,04_NOV_25,6,2025-10-29T09:47:00+05:30,resistance,PE,26100,25985.05,176.7,1,65,,0.0,2025-10-29T12:17:00+05:30,122.9,SL,150,-3563.5,-30.5
2025-10-29,04_NOV_25,6,2025-10-29T12:49:00+05:30,resistance,PE,26200,26080.4,157.4,1,65,,0.0,2025-10-29T13:39:00+05:30,156.3,BREAK_SR,50,-138.0,-0.76
2025-10-29,04_NOV_25,6,2025-10-29T14:09:00+05:30,resistance,PE,26150,26042.05,158.9,1,65,,0.0,2025-10-29T15:25:00+05:30,149.3,EOD,76,-690.5,-6.1
2025-10-31,04_NOV_25,4,2025-10-31T09:45:00+05:30,resistance,PE,26000,25921.2,120.3,2,130,,0.0,2025-10-31T10:26:00+05:30,182.6,TP,41,8026.0,51.68
2025-10-31,04_NOV_25,4,2025-10-31T10:56:00+05:30,support,CE,25700,25806.95,204.05,1,65,,0.0,2025-10-31T11:02:00+05:30,172.6,BREAK_SR,6,-2110.75,-15.46
2025-10-31,04_NOV_25,4,2025-10-31T11:32:00+05:30,support,CE,25700,25783.35,183.5,1,65,,0.0,2025-10-31T13:36:00+05:30,165.2,BREAK_SR,124,-1256.0,-10.02
2025-11-03,04_NOV_25,1,2025-11-03T09:45:00+05:30,support,CE,25650,25732.5,162.55,1,65,,0.0,2025-11-03T11:26:00+05:30,157.05,BE_STOP,101,-424.0,-3.44
2025-11-03,04_NOV_25,1,2025-11-03T11:56:00+05:30,support,CE,25650,25731.25,141.9,2,130,,0.0,2025-11-03T14:50:00+05:30,141.55,BE_STOP,174,-118.5,-0.32
2025-11-04,04_NOV_25,0,2025-11-04T09:48:00+05:30,support,CE,25600,25691.6,110.95,2,130,,0.0,2025-11-04T11:25:00+05:30,76.75,BREAK_SR,97,-4519.0,-30.9
2025-11-04,04_NOV_25,0,2025-11-04T12:03:00+05:30,support,CE,25600,25676.75,85.5,3,195,,0.0,2025-11-04T12:07:00+05:30,81.15,BREAK_SR,4,-927.75,-5.2
2025-11-04,04_NOV_25,0,2025-11-04T12:37:00+05:30,support,CE,25550,25672.0,126.2,2,130,,0.0,2025-11-04T12:41:00+05:30,116.1,BREAK_SR,4,-1386.0,-8.08
2025-11-04,04_NOV_25,0,2025-11-04T13:11:00+05:30,support,CE,25550,25673.25,128.2,2,130,,0.0,2025-11-04T13:12:00+05:30,123.9,BREAK_SR,1,-632.0,-3.43
2025-11-04,04_NOV_25,0,2025-11-04T13:43:00+05:30,support,CE,25600,25680.1,89.45,3,195,,0.0,2025-11-04T13:49:00+05:30,78.2,BREAK_SR,6,-2273.25,-12.68
2025-11-06,11_NOV_25,5,2025-11-06T09:46:00+05:30,resistance,PE,25700,25608.8,149.85,2,130,,0.0,2025-11-06T12:54:00+05:30,146.6,BE_STOP,188,-495.5,-2.23
2025-11-06,11_NOV_25,5,2025-11-06T13:26:00+05:30,resistance,PE,25700,25586.0,157.05,1,65,,0.0,2025-11-06T15:25:00+05:30,191.8,EOD,119,2192.25,22.06
2025-11-07,11_NOV_25,4,2025-11-07T11:15:00+05:30,support,CE,25300,25411.0,174.95,1,65,,0.0,2025-11-07T13:26:00+05:30,277.95,TP,131,6628.5,58.8
2025-11-07,11_NOV_25,4,2025-11-07T13:56:00+05:30,support,CE,25400,25510.8,174.65,1,65,,0.0,2025-11-07T15:25:00+05:30,161.5,EOD,89,-921.25,-7.58
2025-11-10,11_NOV_25,1,2025-11-10T09:45:00+05:30,resistance,PE,25650,25551.05,128.85,2,130,,0.0,2025-11-10T10:16:00+05:30,87.35,SL,31,-5468.0,-32.27
2025-11-10,11_NOV_25,1,2025-11-10T10:46:00+05:30,resistance,PE,25700,25596.25,115.45,2,130,,0.0,2025-11-10T11:21:00+05:30,92.9,BREAK_SR,35,-3004.5,-19.61
2025-11-10,11_NOV_25,1,2025-11-10T11:53:00+05:30,resistance,PE,25750,25629.55,132.8,2,130,,0.0,2025-11-10T12:38:00+05:30,124.85,BREAK_SR,45,-1106.5,-6.06
2025-11-10,11_NOV_25,1,2025-11-10T13:14:00+05:30,resistance,PE,25750,25630.25,133.8,2,130,,0.0,2025-11-10T13:26:00+05:30,124.1,BREAK_SR,12,-1334.0,-7.32
2025-11-10,11_NOV_25,1,2025-11-10T13:56:00+05:30,resistance,PE,25700,25605.95,108.45,2,130,,0.0,2025-11-10T14:23:00+05:30,87.4,BREAK_SR,27,-2809.5,-19.49
2025-11-11,11_NOV_25,0,2025-11-11T09:51:00+05:30,support,CE,25400,25495.9,121.35,2,130,,0.0,2025-11-11T10:14:00+05:30,119.85,BE_STOP,23,-268.0,-1.32
2025-11-11,11_NOV_25,0,2025-11-11T10:54:00+05:30,support,CE,25400,25476.95,92.1,3,195,,0.0,2025-11-11T11:16:00+05:30,90.3,BE_STOP,22,-430.5,-2.06
2025-11-11,11_NOV_25,0,2025-11-11T11:47:00+05:30,support,CE,25400,25499.7,111.9,2,130,,0.0,2025-11-11T12:28:00+05:30,182.65,TP,41,9124.5,63.11
2025-11-11,11_NOV_25,0,2025-11-11T12:58:00+05:30,resistance,PE,25650,25563.65,93.1,3,195,,0.0,2025-11-11T13:15:00+05:30,59.5,SL,17,-6631.5,-36.18
2025-11-11,11_NOV_25,0,2025-11-11T13:46:00+05:30,resistance,PE,25750,25634.45,120.75,2,130,,0.0,2025-11-11T13:49:00+05:30,84.0,SL,3,-4850.5,-30.5
2025-11-12,18_NOV_25,6,2025-11-12T10:19:00+05:30,resistance,PE,25950,25836.95,171.85,1,65,,0.0,2025-11-12T10:32:00+05:30,162.6,BREAK_SR,13,-667.75,-5.44
2025-11-13,18_NOV_25,5,2025-11-13T09:45:00+05:30,support,CE,25750,25870.4,226.15,1,65,,0.0,2025-11-13T13:41:00+05:30,339.45,TP,236,7298.0,50.04
2025-11-13,18_NOV_25,5,2025-11-13T14:11:00+05:30,support,CE,25800,25891.2,200.85,1,65,,0.0,2025-11-13T15:25:00+05:30,204.3,EOD,74,157.75,1.67
2025-11-14,18_NOV_25,4,2025-11-14T09:45:00+05:30,support,CE,25750,25860.25,218.05,1,65,,0.0,2025-11-14T10:41:00+05:30,151.45,BREAK_SR,56,-4395.5,-30.58
2025-11-14,18_NOV_25,4,2025-11-14T11:11:00+05:30,support,CE,25750,25850.7,217.0,1,65,,0.0,2025-11-14T13:39:00+05:30,148.15,SL,148,-4541.75,-31.77
2025-11-14,18_NOV_25,4,2025-11-14T14:09:00+05:30,support,CE,25650,25770.65,212.0,1,65,,0.0,2025-11-14T14:17:00+05:30,207.6,BREAK_SR,8,-352.5,-2.12
2025-11-17,18_NOV_25,1,2025-11-17T09:45:00+05:30,resistance,PE,26050,25965.5,111.4,2,130,,0.0,2025-11-17T11:03:00+05:30,110.65,BE_STOP,78,-170.5,-0.76
2025-11-17,18_NOV_25,1,2025-11-17T11:33:00+05:30,support,CE,25850,25929.65,141.4,2,130,,0.0,2025-11-17T15:25:00+05:30,179.65,EOD,232,4899.5,26.97
2025-11-18,18_NOV_25,0,2025-11-18T09:45:00+05:30,support,CE,25850,25953.9,117.55,2,130,,0.0,2025-11-18T09:51:00+05:30,95.2,BREAK_SR,6,-2978.5,-19.09
2025-11-18,18_NOV_25,0,2025-11-18T10:57:00+05:30,support,CE,25850,25925.6,99.15,3,195,,0.0,2025-11-18T12:36:00+05:30,92.45,BE_STOP,99,-1386.0,-6.85
2025-11-18,18_NOV_25,0,2025-11-18T13:06:00+05:30,support,CE,25850,25961.0,118.1,2,130,,0.0,2025-11-18T14:30:00+05:30,116.75,BE_STOP,84,-248.5,-1.23
2025-11-19,25_NOV_25,6,2025-11-19T09:45:00+05:30,resistance,PE,26000,25909.15,177.05,1,65,,0.0,2025-11-19T12:06:00+05:30,123.6,SL,141,-3540.75,-30.24
2025-11-19,25_NOV_25,6,2025-11-19T13:40:00+05:30,resistance,PE,26100,25993.95,178.0,1,65,,0.0,2025-11-19T13:44:00+05:30,173.1,BREAK_SR,4,-385.0,-2.81
2025-11-20,25_NOV_25,5,2025-11-20T09:48:00+05:30,resistance,PE,26200,26086.15,187.65,1,65,,0.0,2025-11-20T12:28:00+05:30,129.35,SL,160,-3856.0,-31.11
2025-11-20,25_NOV_25,5,2025-11-20T12:58:00+05:30,resistance,PE,26250,26170.8,153.45,2,130,,0.0,2025-11-20T13:01:00+05:30,147.85,BREAK_SR,3,-801.0,-3.71
2025-11-21,25_NOV_25,4,2025-11-21T09:46:00+05:30,support,CE,26000,26123.9,196.35,1,65,,0.0,2025-11-21T10:16:00+05:30,170.95,BREAK_SR,30,-1717.5,-12.98
2025-11-21,25_NOV_25,4,2025-11-21T10:58:00+05:30,support,CE,26000,26086.4,173.35,1,65,,0.0,2025-11-21T11:05:00+05:30,162.4,BREAK_SR,7,-778.25,-6.37
2025-11-21,25_NOV_25,4,2025-11-21T11:35:00+05:30,support,CE,26000,26087.9,170.0,1,65,,0.0,2025-11-21T11:41:00+05:30,171.5,BREAK_SR,6,31.0,0.82
2025-11-21,25_NOV_25,4,2025-11-21T12:12:00+05:30,support,CE,26000,26117.8,192.2,1,65,,0.0,2025-11-21T13:17:00+05:30,179.85,BE_STOP,65,-869.25,-6.48
2025-11-21,25_NOV_25,4,2025-11-21T13:47:00+05:30,support,CE,26000,26110.1,176.25,1,65,,0.0,2025-11-21T14:48:00+05:30,175.2,BE_STOP,61,-134.75,-0.65
2025-11-24,25_NOV_25,1,2025-11-24T09:45:00+05:30,resistance,PE,26150,26071.95,114.85,2,130,,0.0,2025-11-24T10:09:00+05:30,79.25,SL,24,-4701.0,-31.07
2025-11-24,25_NOV_25,1,2025-11-24T10:39:00+05:30,resistance,PE,26250,26137.45,127.85,2,130,,0.0,2025-11-24T14:02:00+05:30,194.1,TP,203,8539.5,51.72
2025-11-25,25_NOV_25,0,2025-11-25T09:45:00+05:30,resistance,PE,26050,25968.65,104.5,2,130,,0.0,2025-11-25T10:09:00+05:30,72.3,SL,24,-4259.0,-30.89
2025-11-25,25_NOV_25,0,2025-11-25T10:39:00+05:30,resistance,PE,26100,26008.65,101.6,3,195,,0.0,2025-11-25T10:56:00+05:30,155.9,TP,17,10509.0,53.32
2025-11-25,25_NOV_25,0,2025-11-25T11:26:00+05:30,resistance,PE,26050,25951.25,113.4,2,130,,0.0,2025-11-25T11:57:00+05:30,74.35,SL,31,-5149.5,-34.51
2025-11-25,25_NOV_25,0,2025-11-25T12:28:00+05:30,resistance,PE,26050,25961.7,99.35,3,195,,0.0,2025-11-25T13:07:00+05:30,66.45,SL,39,-6495.0,-33.2
2025-11-25,25_NOV_25,0,2025-11-25T13:40:00+05:30,resistance,PE,26100,26003.4,102.4,3,195,,0.0,2025-11-25T14:37:00+05:30,157.7,TP,57,10704.0,53.88
2025-11-27,02_DEC_25,5,2025-11-27T09:48:00+05:30,resistance,PE,26350,26246.65,157.75,1,65,,0.0,2025-11-27T15:20:00+05:30,157.55,BE_STOP,332,-79.5,-0.19
2025-11-28,02_DEC_25,4,2025-11-28T09:45:00+05:30,resistance,PE,26300,26215.2,128.25,2,130,,0.0,2025-11-28T15:25:00+05:30,113.7,EOD,340,-1964.5,-11.42
2025-12-01,02_DEC_25,1,2025-12-01T09:45:00+05:30,resistance,PE,26400,26282.6,134.0,2,130,,0.0,2025-12-01T11:46:00+05:30,220.15,TP,121,11126.5,64.19
2025-12-01,02_DEC_25,1,2025-12-01T12:16:00+05:30,resistance,PE,26250,26169.75,110.0,2,130,,0.0,2025-12-01T15:25:00+05:30,96.6,EOD,189,-1815.0,-12.27
2025-12-02,02_DEC_25,0,2025-12-02T09:45:00+05:30,support,CE,26000,26086.4,114.55,2,130,,0.0,2025-12-02T10:17:00+05:30,83.6,BREAK_SR,32,-4096.5,-27.09
2025-12-02,02_DEC_25,0,2025-12-02T10:47:00+05:30,support,CE,25950,26071.7,139.2,2,130,,0.0,2025-12-02T11:54:00+05:30,118.15,BREAK_SR,67,-2809.5,-15.19
2025-12-02,02_DEC_25,0,2025-12-02T12:24:00+05:30,support,CE,25950,26065.0,132.7,2,130,,0.0,2025-12-02T12:46:00+05:30,120.9,BREAK_SR,22,-1607.0,-8.96
2025-12-02,02_DEC_25,0,2025-12-02T13:59:00+05:30,support,CE,25950,26059.45,116.8,2,130,,0.0,2025-12-02T14:00:00+05:30,113.35,BREAK_SR,1,-521.5,-3.04
2025-12-03,09_DEC_25,6,2025-12-03T12:11:00+05:30,support,CE,25850,25956.25,213.0,1,65,,0.0,2025-12-03T12:30:00+05:30,210.25,BREAK_SR,19,-245.25,-1.34
2025-12-04,09_DEC_25,5,2025-12-04T09:45:00+05:30,resistance,PE,26100,26025.0,140.5,2,130,,0.0,2025-12-04T14:17:00+05:30,139.25,BE_STOP,272,-235.5,-0.96
2025-12-05,09_DEC_25,4,2025-12-05T09:45:00+05:30,resistance,PE,26150,26046.55,142.0,2,130,,0.0,2025-12-05T10:05:00+05:30,91.85,SL,20,-6592.5,-35.37
2025-12-05,09_DEC_25,4,2025-12-05T10:38:00+05:30,resistance,PE,26150,26069.1,118.2,2,130,,0.0,2025-12-05T10:54:00+05:30,85.95,BREAK_SR,16,-4265.5,-27.36
2025-12-08,09_DEC_25,1,2025-12-08T09:51:00+05:30,support,CE,26000,26095.85,152.5,2,130,,0.0,2025-12-08T11:42:00+05:30,118.5,BREAK_SR,111,-4493.0,-22.35
2025-12-09,09_DEC_25,0,2025-12-09T10:16:00+05:30,support,CE,25700,25804.8,129.9,2,130,,0.0,2025-12-09T10:33:00+05:30,124.5,BE_STOP,17,-775.0,-4.23
2025-12-09,09_DEC_25,0,2025-12-09T11:04:00+05:30,support,CE,25750,25825.85,101.5,3,195,,0.0,2025-12-09T11:44:00+05:30,89.6,BE_STOP,40,-2400.0,-11.82
2025-12-09,09_DEC_25,0,2025-12-09T12:14:00+05:30,support,CE,25800,25892.15,112.75,2,130,,0.0,2025-12-09T12:33:00+05:30,110.55,BE_STOP,19,-359.0,-2.04
2025-12-09,09_DEC_25,0,2025-12-09T13:03:00+05:30,support,CE,25750,25870.25,124.45,2,130,,0.0,2025-12-09T14:05:00+05:30,121.95,BE_STOP,62,-398.0,-2.09
2025-12-10,16_DEC_25,6,2025-12-10T09:46:00+05:30,resistance,PE,26000,25914.05,153.3,2,130,,0.0,2025-12-10T12:31:00+05:30,240.25,TP,165,11230.5,56.64
2025-12-10,16_DEC_25,6,2025-12-10T13:01:00+05:30,support,CE,25700,25794.2,203.25,1,65,,0.0,2025-12-10T15:25:00+05:30,182.6,EOD,144,-1408.75,-10.21
2025-12-11,16_DEC_25,5,2025-12-11T09:46:00+05:30,support,CE,25600,25708.45,208.8,1,65,,0.0,2025-12-11T10:41:00+05:30,313.85,TP,55,6761.75,50.25
2025-12-11,16_DEC_25,5,2025-12-11T11:12:00+05:30,resistance,PE,25900,25789.1,155.6,1,65,,0.0,2025-12-11T12:03:00+05:30,104.7,BREAK_SR,51,-3375.0,-32.77
2025-12-11,16_DEC_25,5,2025-12-11T13:08:00+05:30,resistance,PE,25950,25852.3,138.7,2,130,,0.0,2025-12-11T13:18:00+05:30,128.1,BREAK_SR,10,-1451.0,-7.71
2025-12-12,16_DEC_25,4,2025-12-12T09:47:00+05:30,resistance,PE,26100,26019.0,119.4,2,130,,0.0,2025-12-12T11:45:00+05:30,119.0,BE_STOP,118,-125.0,-0.42
2025-12-12,16_DEC_25,4,2025-12-12T12:17:00+05:30,resistance,PE,26100,26014.9,125.85,2,130,,0.0,2025-12-12T12:26:00+05:30,113.6,BREAK_SR,9,-1665.5,-9.81
2025-12-12,16_DEC_25,4,2025-12-12T12:57:00+05:30,resistance,PE,26100,26021.55,117.7,2,130,,0.0,2025-12-12T13:01:00+05:30,111.5,BREAK_SR,4,-879.0,-5.35
2025-12-12,16_DEC_25,4,2025-12-12T13:32:00+05:30,resistance,PE,26100,26014.9,120.1,2,130,,0.0,2025-12-12T13:48:00+05:30,108.65,BREAK_SR,16,-1561.5,-9.61
2025-12-15,16_DEC_25,1,2025-12-15T09:59:00+05:30,support,CE,25850,25951.6,136.85,2,130,,0.0,2025-12-15T10:11:00+05:30,131.95,BREAK_SR,12,-710.0,-3.65
2025-12-15,16_DEC_25,1,2025-12-15T10:41:00+05:30,support,CE,25850,25954.15,133.15,2,130,,0.0,2025-12-15T13:13:00+05:30,202.05,TP,152,8884.0,51.65
2025-12-15,16_DEC_25,1,2025-12-15T13:43:00+05:30,resistance,PE,26150,26027.85,145.65,2,130,,0.0,2025-12-15T15:25:00+05:30,141.2,EOD,102,-651.5,-3.12
2025-12-16,16_DEC_25,0,2025-12-16T09:45:00+05:30,support,CE,25850,25928.45,98.9,3,195,,0.0,2025-12-16T09:59:00+05:30,75.95,BREAK_SR,14,-4554.75,-23.29
2025-12-16,16_DEC_25,0,2025-12-16T10:31:00+05:30,support,CE,25800,25917.75,125.85,2,130,,0.0,2025-12-16T10:35:00+05:30,114.9,BREAK_SR,4,-1496.5,-8.78
2025-12-16,16_DEC_25,0,2025-12-16T13:46:00+05:30,support,CE,25800,25923.65,129.9,2,130,,0.0,2025-12-16T13:58:00+05:30,107.45,BREAK_SR,12,-2991.5,-17.35
2025-12-17,23_DEC_25,6,2025-12-17T09:47:00+05:30,resistance,PE,26000,25875.9,177.95,1,65,,0.0,2025-12-17T15:25:00+05:30,195.55,EOD,338,1077.5,9.83
2025-12-18,23_DEC_25,5,2025-12-18T09:45:00+05:30,support,CE,25650,25745.2,184.9,1,65,,0.0,2025-12-18T10:34:00+05:30,277.4,TP,49,5946.0,49.96
2025-12-18,23_DEC_25,5,2025-12-18T11:04:00+05:30,resistance,PE,25950,25827.5,151.2,2,130,,0.0,2025-12-18T15:25:00+05:30,166.95,EOD,261,1974.5,10.35
2025-12-19,23_DEC_25,4,2025-12-19T11:43:00+05:30,resistance,PE,26000,25916.7,125.95,2,130,,0.0,2025-12-19T12:01:00+05:30,109.95,BREAK_SR,18,-2153.0,-12.78
2025-12-19,23_DEC_25,4,2025-12-19T13:13:00+05:30,resistance,PE,26000,25923.0,115.35,2,130,,0.0,2025-12-19T13:14:00+05:30,113.15,BREAK_SR,1,-359.0,-1.99
2025-12-23,23_DEC_25,0,2025-12-23T09:45:00+05:30,support,CE,26050,26126.75,87.6,3,195,,0.0,2025-12-23T10:01:00+05:30,137.25,TP,16,9602.25,56.53
2025-12-23,23_DEC_25,0,2025-12-23T10:31:00+05:30,resistance,PE,26250,26170.5,91.1,3,195,,0.0,2025-12-23T13:17:00+05:30,63.75,SL,166,-5412.75,-30.12
2025-12-23,23_DEC_25,0,2025-12-23T13:47:00+05:30,support,CE,26100,26184.35,83.85,3,195,,0.0,2025-12-23T14:41:00+05:30,80.7,BE_STOP,54,-693.75,-3.87
2025-12-24,30_DEC_25,6,2025-12-24T09:46:00+05:30,resistance,PE,26300,26209.4,134.75,2,130,,0.0,2025-12-24T15:25:00+05:30,163.6,EOD,339,3677.5,21.33
2025-12-26,30_DEC_25,4,2025-12-26T09:45:00+05:30,support,CE,26000,26089.1,133.69,2,130,,0.0,2025-12-26T12:33:00+05:30,102.9,BREAK_SR,168,-4075.7,-23.1
2025-12-26,30_DEC_25,4,2025-12-26T13:21:00+05:30,support,CE,25950,26048.8,140.6,2,130,,0.0,2025-12-26T13:37:00+05:30,137.1,BREAK_SR,16,-528.0,-2.56
2025-12-29,30_DEC_25,1,2025-12-29T09:46:00+05:30,resistance,PE,26200,26078.95,124.9,2,130,,0.0,2025-12-29T10:42:00+05:30,193.8,TP,56,8884.0,55.06
2025-12-29,30_DEC_25,1,2025-12-29T11:12:00+05:30,support,CE,25900,25984.55,115.55,2,130,,0.0,2025-12-29T13:16:00+05:30,87.3,BREAK_SR,124,-3745.5,-24.52
2025-12-29,30_DEC_25,1,2025-12-29T13:49:00+05:30,support,CE,25850,25949.3,120.5,2,130,,0.0,2025-12-29T14:14:00+05:30,121.7,BREAK_SR,25,83.0,0.91
2025-12-30,30_DEC_25,0,2025-12-30T09:45:00+05:30,resistance,PE,26050,25931.7,122.0,2,130,,0.0,2025-12-30T09:52:00+05:30,119.15,BE_STOP,7,-443.5,-2.42
2025-12-30,30_DEC_25,0,2025-12-30T10:22:00+05:30,resistance,PE,26050,25957.35,100.6,3,195,,0.0,2025-12-30T11:34:00+05:30,157.35,TP,72,10986.75,56.28
2025-12-30,30_DEC_25,0,2025-12-30T12:05:00+05:30,support,CE,25800,25895.75,101.15,3,195,,0.0,2025-12-30T13:45:00+05:30,160.0,TP,100,11396.25,58.05
2025-12-30,30_DEC_25,0,2025-12-30T14:15:00+05:30,resistance,PE,26050,25943.3,100.4,3,195,,0.0,2025-12-30T14:43:00+05:30,100.0,BE_STOP,28,-157.5,-0.5
2025-12-31,06_JAN_26,6,2025-12-31T09:45:00+05:30,support,CE,25900,25977.25,185.75,1,65,,0.0,2025-12-31T12:44:00+05:30,280.95,TP,179,6121.5,51.18
2026-01-01,06_JAN_26,5,2026-01-01T09:45:00+05:30,resistance,PE,26250,26169.25,120.05,2,130,,0.0,2026-01-01T10:35:00+05:30,117.1,BE_STOP,50,-456.5,-2.54
2026-01-01,06_JAN_26,5,2026-01-01T11:06:00+05:30,resistance,PE,26250,26165.9,115.45,2,130,,0.0,2026-01-01T14:04:00+05:30,115.25,BE_STOP,178,-99.0,-0.26
2026-01-05,06_JAN_26,1,2026-01-05T09:46:00+05:30,support,CE,26200,26284.6,117.55,2,130,,0.0,2026-01-05T10:18:00+05:30,182.35,TP,32,8351.0,55.02
2026-01-05,06_JAN_26,1,2026-01-05T10:53:00+05:30,resistance,PE,26450,26357.95,110.3,2,130,,0.0,2026-01-05T13:17:00+05:30,167.55,TP,144,7369.5,51.79
2026-01-05,06_JAN_26,1,2026-01-05T13:47:00+05:30,support,CE,26200,26287.05,108.05,2,130,,0.0,2026-01-05T14:01:00+05:30,70.05,SL,14,-5013.0,-35.25
2026-01-06,06_JAN_26,0,2026-01-06T09:45:00+05:30,support,CE,26100,26211.85,118.55,2,130,,0.0,2026-01-06T10:37:00+05:30,110.55,BE_STOP,52,-1113.0,-6.83
2026-01-06,06_JAN_26,0,2026-01-06T11:07:00+05:30,support,CE,26100,26215.65,112.75,2,130,,0.0,2026-01-06T11:16:00+05:30,77.7,SL,9,-4629.5,-31.16
2026-01-06,06_JAN_26,0,2026-01-06T11:46:00+05:30,support,CE,26100,26188.85,88.8,3,195,,0.0,2026-01-06T13:28:00+05:30,62.15,SL,102,-5276.25,-30.11
2026-01-06,06_JAN_26,0,2026-01-06T13:58:00+05:30,support,CE,26050,26155.1,105.9,2,130,,0.0,2026-01-06T14:10:00+05:30,82.35,BREAK_SR,12,-3134.5,-22.32
2026-01-07,13_JAN_26,6,2026-01-07T09:45:00+05:30,support,CE,26000,26113.1,194.35,1,65,,0.0,2026-01-07T12:06:00+05:30,192.85,BE_STOP,141,-164.0,-0.82
2026-01-07,13_JAN_26,6,2026-01-07T12:38:00+05:30,support,CE,26000,26099.65,191.35,1,65,,0.0,2026-01-07T15:25:00+05:30,200.05,EOD,167,499.0,4.49
2026-01-08,13_JAN_26,5,2026-01-08T09:46:00+05:30,support,CE,26000,26081.65,150.5,2,130,,0.0,2026-01-08T10:19:00+05:30,125.3,BREAK_SR,33,-3349.0,-16.81
2026-01-09,13_JAN_26,4,2026-01-09T09:46:00+05:30,support,CE,25750,25863.5,201.35,1,65,,0.0,2026-01-09T11:14:00+05:30,139.8,SL,88,-4067.25,-30.61
2026-01-09,13_JAN_26,4,2026-01-09T11:45:00+05:30,support,CE,25650,25758.75,186.75,1,65,,0.0,2026-01-09T12:27:00+05:30,160.55,BREAK_SR,42,-1769.5,-14.08
2026-01-12,13_JAN_26,1,2026-01-12T12:43:00+05:30,resistance,PE,25850,25725.45,151.94,2,130,,0.0,2026-01-12T13:15:00+05:30,150.9,BE_STOP,32,-208.2,-0.75
2026-01-12,13_JAN_26,1,2026-01-12T13:47:00+05:30,resistance,PE,25850,25739.9,133.8,2,130,,0.0,2026-01-12T14:53:00+05:30,91.25,SL,66,-5604.5,-31.86
2026-01-13,13_JAN_26,0,2026-01-13T09:45:00+05:30,support,CE,25650,25766.4,138.6,2,130,,0.0,2026-01-13T09:56:00+05:30,91.05,SL,11,-6254.5,-34.37
2026-01-13,13_JAN_26,0,2026-01-13T10:26:00+05:30,support,CE,25700,25782.1,107.75,2,130,,0.0,2026-01-13T10:35:00+05:30,103.4,BE_STOP,9,-638.5,-4.13
2026-01-13,13_JAN_26,0,2026-01-13T11:06:00+05:30,support,CE,25650,25773.95,133.6,2,130,,0.0,2026-01-13T11:52:00+05:30,133.55,BE_STOP,46,-79.5,-0.11
2026-01-13,13_JAN_26,0,2026-01-13T12:27:00+05:30,support,CE,25650,25726.05,87.5,3,195,,0.0,2026-01-13T12:42:00+05:30,58.8,SL,15,-5676.0,-32.9
2026-01-14,20_JAN_26,6,2026-01-14T09:47:00+05:30,support,CE,25600,25689.25,199.2,1,65,,0.0,2026-01-14T10:18:00+05:30,192.9,BE_STOP,31,-476.0,-3.21
2026-01-14,20_JAN_26,6,2026-01-14T10:48:00+05:30,support,CE,25600,25688.9,198.15,1,65,,0.0,2026-01-14T13:31:00+05:30,192.9,BE_STOP,163,-407.75,-2.7
2026-01-14,20_JAN_26,6,2026-01-14T14:02:00+05:30,support,CE,25550,25654.65,191.8,1,65,,0.0,2026-01-14T15:25:00+05:30,211.05,EOD,83,1184.75,9.98
2026-01-16,20_JAN_26,4,2026-01-16T09:45:00+05:30,resistance,PE,25800,25721.2,135.44,2,130,,0.0,2026-01-16T10:13:00+05:30,95.15,BREAK_SR,28,-5310.7,-29.81
2026-01-16,20_JAN_26,4,2026-01-16T11:59:00+05:30,resistance,PE,25900,25775.65,157.8,1,65,,0.0,2026-01-16T12:03:00+05:30,146.0,BREAK_SR,4,-833.5,-7.54
2026-01-16,20_JAN_26,4,2026-01-16T12:33:00+05:30,resistance,PE,25850,25762.35,138.19,2,130,,0.0,2026-01-16T15:25:00+05:30,179.6,EOD,172,5310.3,29.88
2026-01-19,20_JAN_26,1,2026-01-19T13:51:00+05:30,support,CE,25500,25594.1,132.94,2,130,,0.0,2026-01-19T14:14:00+05:30,132.9,BE_STOP,23,-78.2,-0.11
2026-01-20,20_JAN_26,0,2026-01-20T09:46:00+05:30,support,CE,25350,25469.55,141.3,2,130,,0.0,2026-01-20T09:54:00+05:30,115.9,BREAK_SR,8,-3375.0,-18.04
2026-01-20,20_JAN_26,0,2026-01-20T10:25:00+05:30,support,CE,25400,25486.8,102.35,3,195,,0.0,2026-01-20T11:15:00+05:30,73.84,BREAK_SR,50,-5638.95,-27.94
2026-01-20,20_JAN_26,0,2026-01-20T11:46:00+05:30,support,CE,25350,25465.6,130.0,2,130,,0.0,2026-01-20T12:08:00+05:30,101.1,BREAK_SR,22,-3830.0,-22.3
2026-01-21,27_JAN_26,6,2026-01-21T09:47:00+05:30,support,CE,25100,25183.55,234.8,1,65,,0.0,2026-01-21T10:40:00+05:30,163.5,SL,53,-4701.0,-30.4
2026-01-21,27_JAN_26,6,2026-01-21T11:17:00+05:30,support,CE,24950,25065.9,268.35,1,65,,0.0,2026-01-21T11:25:00+05:30,254.85,BREAK_SR,8,-944.0,-5.07
2026-01-21,27_JAN_26,6,2026-01-21T11:55:00+05:30,support,CE,24950,25062.35,262.85,1,65,,0.0,2026-01-21T12:41:00+05:30,401.95,TP,46,8975.0,52.87
2026-01-21,27_JAN_26,6,2026-01-21T13:36:00+05:30,support,CE,25100,25182.65,234.15,1,65,,0.0,2026-01-21T15:25:00+05:30,190.3,EOD,109,-2916.75,-18.77
2026-01-22,27_JAN_26,5,2026-01-22T10:27:00+05:30,resistance,PE,25400,25315.3,162.2,1,65,,0.0,2026-01-22T10:36:00+05:30,161.4,BE_STOP,9,-118.5,-0.55
2026-01-22,27_JAN_26,5,2026-01-22T11:06:00+05:30,resistance,PE,25300,25213.4,172.4,1,65,,0.0,2026-01-22T14:32:00+05:30,119.2,SL,206,-3524.5,-30.91
2026-01-23,27_JAN_26,4,2026-01-23T09:46:00+05:30,support,CE,25200,25295.6,198.45,1,65,,0.0,2026-01-23T11:39:00+05:30,138.65,SL,113,-3953.5,-30.18
2026-01-23,27_JAN_26,4,2026-01-23T12:10:00+05:30,support,CE,25100,25190.3,181.1,1,65,,0.0,2026-01-23T13:08:00+05:30,180.2,BREAK_SR,58,-125.0,-0.55
2026-01-27,27_JAN_26,0,2026-01-27T09:45:00+05:30,resistance,PE,25250,25143.8,130.35,2,130,,0.0,2026-01-27T10:16:00+05:30,126.8,BE_STOP,31,-534.5,-2.8
2026-01-27,27_JAN_26,0,2026-01-27T10:49:00+05:30,support,CE,24950,25041.35,133.9,2,130,,0.0,2026-01-27T11:42:00+05:30,205.8,TP,53,9274.0,53.6
2026-01-27,27_JAN_26,0,2026-01-27T12:14:00+05:30,resistance,PE,25200,25120.35,100.15,3,195,,0.0,2026-01-27T12:21:00+05:30,99.1,BE_STOP,7,-284.25,-1.15
2026-01-27,27_JAN_26,0,2026-01-27T12:56:00+05:30,resistance,PE,25200,25087.35,117.9,2,130,,0.0,2026-01-27T14:04:00+05:30,177.5,TP,68,7675.0,50.45
2026-01-28,03_FEB_26,6,2026-01-28T09:45:00+05:30,resistance,PE,25400,25284.8,269.8,1,65,,0.0,2026-01-28T14:45:00+05:30,266.95,BE_STOP,300,-251.75,-1.09
2026-01-29,03_FEB_26,5,2026-01-29T11:02:00+05:30,support,CE,25150,25238.95,262.6,1,65,,0.0,2026-01-29T11:03:00+05:30,261.0,BREAK_SR,1,-170.5,-0.65
2026-01-29,03_FEB_26,5,2026-01-29T11:36:00+05:30,support,CE,25150,25262.55,273.0,1,65,,0.0,2026-01-29T15:25:00+05:30,382.35,EOD,229,7041.25,40.01
2026-01-30,03_FEB_26,4,2026-01-30T09:46:00+05:30,support,CE,25200,25292.6,256.3,1,65,,0.0,2026-01-30T10:06:00+05:30,246.35,BREAK_SR,20,-713.25,-3.92
2026-01-30,03_FEB_26,4,2026-01-30T10:37:00+05:30,support,CE,25200,25288.7,254.3,1,65,,0.0,2026-01-30T11:09:00+05:30,242.45,BREAK_SR,32,-836.75,-4.7
2026-01-30,03_FEB_26,4,2026-01-30T11:53:00+05:30,support,CE,25200,25290.45,255.5,1,65,,0.0,2026-01-30T11:56:00+05:30,243.5,BREAK_SR,3,-846.5,-4.73
2026-01-30,03_FEB_26,4,2026-01-30T12:28:00+05:30,support,CE,25200,25297.35,264.0,1,65,,0.0,2026-01-30T13:05:00+05:30,248.15,BREAK_SR,37,-1096.75,-6.04
2026-01-30,03_FEB_26,4,2026-01-30T13:41:00+05:30,support,CE,25200,25286.65,257.3,1,65,,0.0,2026-01-30T15:25:00+05:30,280.05,EOD,104,1412.25,8.8
2026-02-01,03_FEB_26,2,2026-02-01T09:45:00+05:30,support,CE,25250,25338.2,250.4,1,65,,0.0,2026-02-01T11:41:00+05:30,250.05,BE_STOP,116,-89.25,-0.18
2026-02-01,03_FEB_26,2,2026-02-01T12:11:00+05:30,resistance,PE,25350,25267.8,218.25,1,65,,0.0,2026-02-01T12:19:00+05:30,345.25,TP,8,8188.5,58.13
2026-02-02,03_FEB_26,1,2026-02-02T13:01:00+05:30,resistance,PE,25050,24940.75,174.4,1,65,,0.0,2026-02-02T13:41:00+05:30,173.45,BE_STOP,40,-128.25,-0.6
2026-02-02,03_FEB_26,1,2026-02-02T14:16:00+05:30,resistance,PE,25050,24950.2,158.0,1,65,,0.0,2026-02-02T14:59:00+05:30,103.7,SL,43,-3596.0,-34.42
2026-02-05,10_FEB_26,5,2026-02-05T09:47:00+05:30,support,CE,25550,25638.35,209.95,1,65,,0.0,2026-02-05T14:08:00+05:30,178.0,BREAK_SR,261,-2143.25,-15.26
2026-02-06,10_FEB_26,4,2026-02-06T09:46:00+05:30,support,CE,25450,25552.95,186.0,1,65,,0.0,2026-02-06T10:03:00+05:30,164.55,BREAK_SR,17,-1460.75,-11.58
2026-02-06,10_FEB_26,4,2026-02-06T11:01:00+05:30,support,CE,25450,25537.35,161.85,1,65,,0.0,2026-02-06T12:00:00+05:30,250.0,TP,59,5663.25,54.39
2026-02-06,10_FEB_26,4,2026-02-06T12:34:00+05:30,support,CE,25450,25543.3,165.0,1,65,,0.0,2026-02-06T12:56:00+05:30,162.25,BREAK_SR,22,-245.25,-1.73
2026-02-06,10_FEB_26,4,2026-02-06T13:26:00+05:30,support,CE,25450,25571.25,178.0,1,65,,0.0,2026-02-06T15:25:00+05:30,260.7,EOD,119,5309.0,46.39
2026-02-10,10_FEB_26,0,2026-02-10T09:48:00+05:30,resistance,PE,26050,25957.65,109.4,2,130,,0.0,2026-02-10T10:18:00+05:30,105.55,BREAK_SR,30,-573.5,-3.61
2026-02-10,10_FEB_26,0,2026-02-10T10:52:00+05:30,resistance,PE,26050,25956.7,110.3,2,130,,0.0,2026-02-10T11:02:00+05:30,103.25,BREAK_SR,10,-989.5,-6.48
2026-02-10,10_FEB_26,0,2026-02-10T11:32:00+05:30,resistance,PE,26050,25958.35,105.2,2,130,,0.0,2026-02-10T12:17:00+05:30,91.2,BREAK_SR,45,-1893.0,-13.4
2026-02-10,10_FEB_26,0,2026-02-10T13:02:00+05:30,resistance,PE,26050,25961.0,88.7,3,195,,0.0,2026-02-10T13:05:00+05:30,84.9,BREAK_SR,3,-820.5,-4.39
2026-02-10,10_FEB_26,0,2026-02-10T13:35:00+05:30,resistance,PE,26000,25917.85,90.75,3,195,,0.0,2026-02-10T14:56:00+05:30,63.15,SL,81,-5461.5,-30.51
2026-02-11,17_FEB_26,6,2026-02-11T09:45:00+05:30,resistance,PE,26050,25934.75,166.35,1,65,,0.0,2026-02-11T15:25:00+05:30,165.0,EOD,340,-154.25,-0.87
2026-02-12,17_FEB_26,5,2026-02-12T09:49:00+05:30,support,CE,25750,25854.7,197.9,1,65,,0.0,2026-02-12T10:08:00+05:30,191.55,BREAK_SR,19,-479.25,-3.26
2026-02-12,17_FEB_26,5,2026-02-12T10:38:00+05:30,support,CE,25750,25856.8,190.75,1,65,,0.0,2026-02-12T11:07:00+05:30,186.1,BREAK_SR,29,-368.75,-2.49
2026-02-12,17_FEB_26,5,2026-02-12T12:57:00+05:30,support,CE,25750,25856.4,189.3,1,65,,0.0,2026-02-12T13:01:00+05:30,185.55,BREAK_SR,4,-310.25,-2.03
2026-02-12,17_FEB_26,5,2026-02-12T13:39:00+05:30,support,CE,25750,25859.8,187.1,1,65,,0.0,2026-02-12T13:41:00+05:30,182.5,BREAK_SR,2,-365.5,-2.51
2026-02-16,17_FEB_26,1,2026-02-16T09:45:00+05:30,resistance,PE,25550,25460.15,132.45,2,130,,0.0,2026-02-16T10:04:00+05:30,91.55,SL,19,-5390.0,-30.94
2026-02-16,17_FEB_26,1,2026-02-16T10:34:00+05:30,resistance,PE,25650,25531.35,147.9,2,130,,0.0,2026-02-16T12:29:00+05:30,117.05,BREAK_SR,115,-4083.5,-20.92
2026-02-16,17_FEB_26,1,2026-02-16T13:05:00+05:30,resistance,PE,25650,25570.4,116.6,2,130,,0.0,2026-02-16T13:09:00+05:30,114.9,BREAK_SR,4,-294.0,-1.54
2026-02-16,17_FEB_26,1,2026-02-16T13:54:00+05:30,resistance,PE,25650,25567.3,115.0,2,130,,0.0,2026-02-16T14:01:00+05:30,114.05,BREAK_SR,7,-196.5,-0.91
2026-02-17,17_FEB_26,0,2026-02-17T09:45:00+05:30,support,CE,25550,25645.65,117.25,2,130,,0.0,2026-02-17T10:27:00+05:30,179.5,TP,42,8019.5,52.98
2026-02-17,17_FEB_26,0,2026-02-17T11:07:00+05:30,support,CE,25550,25663.5,119.3,2,130,,0.0,2026-02-17T11:35:00+05:30,186.0,TP,28,8598.0,55.8
2026-02-17,17_FEB_26,0,2026-02-17T12:08:00+05:30,resistance,PE,25850,25726.45,126.4,2,130,,0.0,2026-02-17T14:38:00+05:30,126.15,BE_STOP,150,-105.5,-0.28
2026-02-18,24_FEB_26,6,2026-02-18T09:45:00+05:30,resistance,PE,25850,25734.6,185.75,1,65,,0.0,2026-02-18T12:38:00+05:30,184.8,BE_STOP,173,-128.25,-0.57
2026-02-18,24_FEB_26,6,2026-02-18T13:08:00+05:30,resistance,PE,25850,25734.25,182.3,1,65,,0.0,2026-02-18T15:25:00+05:30,141.5,EOD,137,-2718.5,-22.43
2026-02-19,24_FEB_26,5,2026-02-19T09:45:00+05:30,support,CE,25700,25781.15,176.4,1,65,,0.0,2026-02-19T11:23:00+05:30,127.7,BREAK_SR,98,-3232.0,-27.66
2026-02-20,24_FEB_26,4,2026-02-20T09:49:00+05:30,resistance,PE,25600,25507.9,170.85,1,65,,0.0,2026-02-20T11:46:00+05:30,114.4,BREAK_SR,117,-3735.75,-33.09
2026-02-20,24_FEB_26,4,2026-02-20T12:44:00+05:30,resistance,PE,25700,25606.8,164.55,1,65,,0.0,2026-02-20T12:48:00+05:30,156.55,BREAK_SR,4,-586.5,-4.92
2026-02-20,24_FEB_26,4,2026-02-20T13:18:00+05:30,resistance,PE,25650,25542.6,183.8,1,65,,0.0,2026-02-20T14:16:00+05:30,136.85,BREAK_SR,58,-3118.25,-25.59
2026-02-23,24_FEB_26,1,2026-02-23T10:31:00+05:30,resistance,PE,25800,25700.6,148.9,2,130,,0.0,2026-02-23T14:30:00+05:30,144.3,BE_STOP,239,-671.0,-3.16
2026-02-25,02_MAR_26,5,2026-02-25T09:49:00+05:30,resistance,PE,25700,25575.95,187.35,1,65,,0.0,2026-02-25T10:03:00+05:30,161.94,BREAK_SR,14,-1718.15,-13.61
2026-02-25,02_MAR_26,5,2026-02-25T11:18:00+05:30,resistance,PE,25700,25607.75,162.9,1,65,,0.0,2026-02-25T11:26:00+05:30,161.0,BREAK_SR,8,-190.0,-1.23
2026-02-25,02_MAR_26,5,2026-02-25T11:56:00+05:30,resistance,PE,25700,25598.55,168.8,1,65,,0.0,2026-02-25T12:03:00+05:30,165.1,BREAK_SR,7,-307.0,-2.25
2026-02-25,02_MAR_26,5,2026-02-25T12:33:00+05:30,resistance,PE,25650,25555.5,175.45,1,65,,0.0,2026-02-25T15:25:00+05:30,224.35,EOD,172,3112.0,27.81
2026-02-26,02_MAR_26,4,2026-02-26T09:46:00+05:30,resistance,PE,25650,25550.8,166.6,1,65,,0.0,2026-02-26T10:05:00+05:30,162.6,BE_STOP,19,-326.5,-2.46
2026-02-26,02_MAR_26,4,2026-02-26T10:35:00+05:30,resistance,PE,25650,25531.4,178.85,1,65,,0.0,2026-02-26T12:22:00+05:30,273.75,TP,107,6102.0,52.99
2026-02-26,02_MAR_26,4,2026-02-26T12:57:00+05:30,support,CE,25300,25422.15,218.8,1,65,,0.0,2026-02-26T15:25:00+05:30,262.0,EOD,148,2741.5,19.69
2026-03-05,10_MAR_26,5,2026-03-05T09:46:00+05:30,resistance,PE,24700,24596.2,283.25,1,65,,0.0,2026-03-05T09:51:00+05:30,266.4,BREAK_SR,5,-1161.75,-5.98
2026-03-05,10_MAR_26,5,2026-03-05T10:21:00+05:30,resistance,PE,24700,24589.85,282.15,1,65,,0.0,2026-03-05T10:39:00+05:30,260.8,BREAK_SR,18,-1454.25,-7.6
2026-03-05,10_MAR_26,5,2026-03-05T11:36:00+05:30,resistance,PE,24700,24596.9,275.2,1,65,,0.0,2026-03-05T12:20:00+05:30,254.2,BREAK_SR,44,-1431.5,-7.67
2026-03-05,10_MAR_26,5,2026-03-05T13:41:00+05:30,resistance,PE,24700,24606.95,264.9,1,65,,0.0,2026-03-05T13:43:00+05:30,254.7,BREAK_SR,2,-729.5,-3.89
2026-03-05,10_MAR_26,5,2026-03-05T14:13:00+05:30,resistance,PE,24650,24552.6,270.95,1,65,,0.0,2026-03-05T14:37:00+05:30,206.55,BREAK_SR,24,-4252.5,-23.8
2026-03-06,10_MAR_26,4,2026-03-06T09:47:00+05:30,support,CE,24600,24678.45,258.0,1,65,,0.0,2026-03-06T10:49:00+05:30,204.5,BREAK_SR,62,-3544.0,-20.77
2026-03-06,10_MAR_26,4,2026-03-06T11:19:00+05:30,support,CE,24500,24606.35,276.2,1,65,,0.0,2026-03-06T12:28:00+05:30,260.45,BREAK_SR,69,-1090.25,-5.74
2026-03-06,10_MAR_26,4,2026-03-06T12:58:00+05:30,support,CE,24500,24604.85,272.9,1,65,,0.0,2026-03-06T13:34:00+05:30,264.8,BREAK_SR,36,-593.0,-3.0
2026-03-06,10_MAR_26,4,2026-03-06T14:11:00+05:30,support,CE,24500,24595.45,276.95,1,65,,0.0,2026-03-06T14:14:00+05:30,269.6,BREAK_SR,3,-544.25,-2.69
2026-03-10,10_MAR_26,0,2026-03-10T09:45:00+05:30,resistance,PE,24250,24138.35,149.35,2,130,,0.0,2026-03-10T10:02:00+05:30,148.6,BE_STOP,17,-170.5,-0.57
2026-03-10,10_MAR_26,0,2026-03-10T12:24:00+05:30,resistance,PE,24250,24152.0,116.7,2,130,,0.0,2026-03-10T12:35:00+05:30,93.6,BREAK_SR,11,-3076.0,-19.87
2026-03-12,17_MAR_26,5,2026-03-12T12:47:00+05:30,support,CE,23650,23729.0,306.6,1,65,,0.0,2026-03-12T13:06:00+05:30,266.2,BREAK_SR,19,-2692.5,-13.21
2026-03-12,17_MAR_26,5,2026-03-12T14:25:00+05:30,support,CE,23650,23733.5,307.0,1,65,,0.0,2026-03-12T14:46:00+05:30,270.5,BREAK_SR,21,-2439.0,-11.92
2026-03-16,17_MAR_26,1,2026-03-16T09:46:00+05:30,resistance,PE,23350,23261.7,212.6,1,65,,0.0,2026-03-16T10:20:00+05:30,356.4,TP,34,9280.5,67.58
2026-03-17,17_MAR_26,0,2026-03-17T09:45:00+05:30,resistance,PE,23550,23439.65,150.9,2,130,,0.0,2026-03-17T10:01:00+05:30,98.7,SL,16,-6859.0,-34.65
2026-03-17,17_MAR_26,0,2026-03-17T10:32:00+05:30,resistance,PE,23600,23494.0,144.25,2,130,,0.0,2026-03-17T10:46:00+05:30,136.05,BE_STOP,14,-1139.0,-5.75
2026-03-17,17_MAR_26,0,2026-03-17T11:17:00+05:30,resistance,PE,23550,23444.3,140.1,2,130,,0.0,2026-03-17T11:33:00+05:30,211.6,TP,16,9222.0,50.95
2026-03-17,17_MAR_26,0,2026-03-17T12:44:00+05:30,resistance,PE,23550,23450.9,125.3,2,130,,0.0,2026-03-17T13:02:00+05:30,81.85,SL,18,-5721.5,-34.74
2026-03-17,17_MAR_26,0,2026-03-17T13:35:00+05:30,resistance,PE,23650,23547.8,121.95,2,130,,0.0,2026-03-17T13:46:00+05:30,119.95,BE_STOP,11,-333.0,-1.72
2026-03-17,17_MAR_26,0,2026-03-17T14:22:00+05:30,resistance,PE,23650,23544.05,122.45,2,130,,0.0,2026-03-17T14:30:00+05:30,97.5,BREAK_SR,8,-3316.5,-20.45
2026-03-18,24_MAR_26,6,2026-03-18T09:57:00+05:30,resistance,PE,23750,23669.55,262.05,1,65,,0.0,2026-03-18T10:18:00+05:30,247.7,BREAK_SR,21,-999.25,-5.51
2026-03-20,24_MAR_26,4,2026-03-20T09:46:00+05:30,resistance,PE,23350,23225.25,304.95,1,65,,0.0,2026-03-20T10:32:00+05:30,279.85,BREAK_SR,46,-1698.0,-8.26
2026-03-20,24_MAR_26,4,2026-03-20T11:51:00+05:30,resistance,PE,23350,23256.05,279.0,1,65,,0.0,2026-03-20T13:16:00+05:30,276.2,BE_STOP,85,-248.5,-1.04
2026-03-20,24_MAR_26,4,2026-03-20T13:46:00+05:30,resistance,PE,23300,23221.1,277.8,1,65,,0.0,2026-03-20T15:25:00+05:30,330.65,EOD,99,3368.75,18.99
2026-04-06,07_APR_26,1,2026-04-06T09:51:00+05:30,support,CE,22500,22585.55,259.55,1,65,,0.0,2026-04-06T12:56:00+05:30,390.25,TP,185,8429.0,50.31
2026-04-06,07_APR_26,1,2026-04-06T13:26:00+05:30,resistance,PE,22950,22874.1,223.8,1,65,,0.0,2026-04-06T14:18:00+05:30,194.35,BREAK_SR,52,-1980.75,-13.2
2026-04-07,07_APR_26,0,2026-04-07T09:45:00+05:30,support,CE,22700,22820.45,168.25,1,65,,0.0,2026-04-07T10:16:00+05:30,257.35,TP,31,5725.0,52.88
2026-04-07,07_APR_26,0,2026-04-07T10:54:00+05:30,support,CE,22800,22879.2,132.75,2,130,,0.0,2026-04-07T11:56:00+05:30,205.85,TP,62,9430.0,54.97
2026-04-07,07_APR_26,0,2026-04-07T13:37:00+05:30,resistance,PE,23100,23021.4,99.9,3,195,,0.0,2026-04-07T14:05:00+05:30,99.45,BE_STOP,28,-167.25,-0.55
2026-04-16,21_APR_26,5,2026-04-16T09:56:00+05:30,resistance,PE,24400,24294.55,257.0,1,65,,0.0,2026-04-16T10:10:00+05:30,242.95,BREAK_SR,14,-979.75,-5.5
2026-04-16,21_APR_26,5,2026-04-16T11:17:00+05:30,resistance,PE,24400,24294.35,248.3,1,65,,0.0,2026-04-16T11:18:00+05:30,240.65,BREAK_SR,1,-563.75,-3.12
2026-04-16,21_APR_26,5,2026-04-16T11:48:00+05:30,support,CE,24150,24227.45,230.35,1,65,,0.0,2026-04-16T13:10:00+05:30,176.2,BREAK_SR,82,-3586.25,-23.55
2026-04-16,21_APR_26,5,2026-04-16T13:40:00+05:30,support,CE,24050,24126.05,227.2,1,65,,0.0,2026-04-16T15:25:00+05:30,268.7,EOD,105,2631.0,18.22
2026-04-17,21_APR_26,4,2026-04-17T09:53:00+05:30,resistance,PE,24350,24226.3,246.4,1,65,,0.0,2026-04-17T14:20:00+05:30,169.8,SL,267,-5045.5,-31.12
2026-04-20,21_APR_26,1,2026-04-20T09:49:00+05:30,support,CE,24200,24296.55,180.6,1,65,,0.0,2026-04-20T10:30:00+05:30,282.75,TP,41,6573.25,56.49
2026-04-20,21_APR_26,1,2026-04-20T11:00:00+05:30,resistance,PE,24500,24420.45,178.9,1,65,,0.0,2026-04-20T14:28:00+05:30,175.2,BE_STOP,208,-307.0,-2.12
