trade_date,expiry,days_to_expiry,entry_ts,side,strike,entry_spot,range_5m_at_entry,entry_premium,lots,qty,exit_ts,exit_premium,exit_spot,exit_reason,minutes_held,net_pnl,return_pct
2024-09-20,03_OCT_24,13,2024-09-20T11:50:00+05:30,PE,25700,25724.0,34.75,195.0,1,65,2024-09-20T13:37:00+05:30,257.5,25505.95,TP,107,3996.0,31.99
2024-09-20,03_OCT_24,13,2024-09-20T14:16:00+05:30,PE,25700,25719.35,48.7,200.0,1,65,2024-09-20T15:25:00+05:30,165.1,25813.45,EOD,69,-2335.0,-17.5
2024-09-25,03_OCT_24,8,2024-09-25T11:46:00+05:30,CE,25900,25883.6,30.4,189.75,1,65,2024-09-25T15:12:00+05:30,249.2,26027.35,TP,206,3797.75,31.27
2024-09-26,03_OCT_24,7,2024-09-26T14:20:00+05:30,PE,26150,26127.2,34.2,164.65,1,65,2024-09-26T15:02:00+05:30,122.85,26244.35,SL,42,-2783.5,-25.44
2024-09-27,03_OCT_24,6,2024-09-27T11:10:00+05:30,CE,26200,26215.2,32.15,164.75,1,65,2024-09-27T15:25:00+05:30,141.44,26161.95,EOD,255,-1581.65,-14.21
2024-09-30,03_OCT_24,3,2024-09-30T09:30:00+05:30,CE,26050,26039.15,34.55,140.55,2,130,2024-09-30T09:51:00+05:30,101.0,25969.45,SL,21,-5214.5,-28.2
2024-09-30,03_OCT_24,3,2024-09-30T09:57:00+05:30,PE,26000,26003.35,33.9,109.85,2,130,2024-09-30T11:24:00+05:30,144.0,25915.6,TP,87,4366.5,30.98
2024-09-30,03_OCT_24,3,2024-09-30T13:34:00+05:30,PE,25850,25863.65,31.95,112.7,2,130,2024-09-30T14:26:00+05:30,147.94,25801.3,TP,52,4508.2,31.17
2024-10-01,03_OCT_24,2,2024-10-01T09:30:00+05:30,CE,25850,25836.8,56.25,108.95,2,130,2024-10-01T10:18:00+05:30,79.59,25812.55,SL,48,-3889.8,-27.03
2024-10-01,03_OCT_24,2,2024-10-01T10:32:00+05:30,CE,25750,25770.6,30.9,110.6,2,130,2024-10-01T11:45:00+05:30,149.85,25810.9,TP,73,5029.5,35.38
2024-10-01,03_OCT_24,2,2024-10-01T11:45:00+05:30,PE,25800,25810.9,42.1,69.55,4,260,2024-10-01T12:32:00+05:30,91.4,25779.95,TP,47,5595.0,31.25
2024-10-04,10_OCT_24,6,2024-10-04T09:33:00+05:30,PE,25150,25159.45,61.1,159.69,1,65,2024-10-04T09:57:00+05:30,116.5,25276.6,SL,24,-2873.85,-27.1
2024-10-04,10_OCT_24,6,2024-10-04T10:33:00+05:30,PE,25250,25230.95,31.85,170.15,1,65,2024-10-04T10:55:00+05:30,125.95,25353.75,SL,22,-2939.5,-26.03
2024-10-04,10_OCT_24,6,2024-10-04T11:08:00+05:30,PE,25300,25317.55,31.0,154.9,1,65,2024-10-04T12:10:00+05:30,113.65,25463.45,SL,62,-2747.75,-26.69
2024-10-04,10_OCT_24,6,2024-10-04T12:17:00+05:30,CE,25450,25431.75,37.1,198.75,1,65,2024-10-04T12:38:00+05:30,143.65,25324.75,SL,21,-3648.0,-27.77
2024-10-04,10_OCT_24,6,2024-10-04T12:54:00+05:30,PE,25150,25161.85,38.45,164.3,1,65,2024-10-04T13:32:00+05:30,219.2,25066.4,TP,38,3502.0,33.34
2024-10-04,10_OCT_24,6,2024-10-04T13:50:00+05:30,PE,25050,25071.35,30.8,168.75,1,65,2024-10-04T15:25:00+05:30,179.1,25041.85,EOD,95,606.25,6.07
2024-10-07,10_OCT_24,3,2024-10-07T09:32:00+05:30,CE,25050,25052.65,38.3,194.9,1,65,2024-10-07T10:45:00+05:30,141.19,24938.1,SL,73,-3557.65,-27.6
2024-10-07,10_OCT_24,3,2024-10-07T11:07:00+05:30,PE,24850,24856.7,51.6,173.3,1,65,2024-10-07T11:23:00+05:30,129.19,24947.35,SL,16,-2933.65,-25.5
2024-10-07,10_OCT_24,3,2024-10-07T12:07:00+05:30,PE,24900,24912.75,30.45,166.5,1,65,2024-10-07T12:56:00+05:30,218.05,24811.35,TP,49,3284.25,30.89
2024-10-07,10_OCT_24,3,2024-10-07T13:28:00+05:30,PE,24800,24806.85,36.0,165.65,1,65,2024-10-07T13:41:00+05:30,224.7,24711.6,TP,13,3771.75,35.58
2024-10-07,10_OCT_24,3,2024-10-07T13:46:00+05:30,PE,24750,24746.75,46.05,183.95,1,65,2024-10-07T14:47:00+05:30,125.85,24888.3,SL,61,-3843.0,-31.63
2024-10-08,10_OCT_24,2,2024-10-08T09:33:00+05:30,CE,24800,24801.3,33.9,191.2,1,65,2024-10-08T10:39:00+05:30,250.95,24932.15,TP,66,3817.25,31.19
2024-10-08,10_OCT_24,2,2024-10-08T10:45:00+05:30,CE,24900,24907.35,32.75,170.75,1,65,2024-10-08T12:56:00+05:30,125.75,24893.6,SL,131,-2991.5,-26.41
2024-10-08,10_OCT_24,2,2024-10-08T13:04:00+05:30,PE,24950,24943.05,37.45,147.8,2,130,2024-10-08T13:39:00+05:30,108.95,25009.8,SL,35,-5123.5,-26.34
2024-10-09,10_OCT_24,1,2024-10-09T09:44:00+05:30,PE,25100,25086.55,35.8,156.9,1,65,2024-10-09T10:07:00+05:30,106.0,25131.05,SL,23,-3375.0,-32.49
2024-10-09,10_OCT_24,1,2024-10-09T10:16:00+05:30,CE,25150,25134.5,36.5,109.95,2,130,2024-10-09T11:15:00+05:30,147.1,25223.9,TP,59,4756.5,33.68
2024-10-09,10_OCT_24,1,2024-10-09T11:43:00+05:30,CE,25150,25174.5,31.1,108.25,2,130,2024-10-09T12:00:00+05:30,77.25,25109.25,SL,17,-4103.0,-28.72
2024-10-09,10_OCT_24,1,2024-10-09T13:01:00+05:30,CE,25100,25120.5,32.3,106.3,2,130,2024-10-09T13:20:00+05:30,78.3,25072.4,SL,19,-3713.0,-26.42
2024-10-09,10_OCT_24,1,2024-10-09T13:45:00+05:30,PE,25100,25115.4,35.6,93.9,3,195,2024-10-09T14:22:00+05:30,128.6,25074.05,TP,37,6687.0,36.83
2024-10-09,10_OCT_24,1,2024-10-09T14:23:00+05:30,CE,25050,25060.4,37.75,79.3,3,195,2024-10-09T15:00:00+05:30,49.55,24979.9,SL,37,-5880.75,-37.62
2024-10-10,10_OCT_24,0,2024-10-10T09:55:00+05:30,PE,25050,25040.55,40.2,64.9,4,260,2024-10-10T10:04:00+05:30,46.8,25068.55,SL,9,-4792.0,-28.02
2024-10-10,10_OCT_24,0,2024-10-10T10:20:00+05:30,CE,25100,25095.15,36.95,42.75,7,455,2024-10-10T10:33:00+05:30,56.0,25112.95,TP,13,5923.25,30.72
2024-10-10,10_OCT_24,0,2024-10-10T10:38:00+05:30,CE,25050,25064.35,51.6,44.85,6,390,2024-10-10T10:53:00+05:30,33.25,25038.45,SL,15,-4623.0,-26.06
2024-10-10,10_OCT_24,0,2024-10-10T10:57:00+05:30,PE,25050,25071.8,33.35,36.04,8,520,2024-10-10T11:05:00+05:30,48.3,25048.4,TP,8,6263.2,33.69
2024-10-11,17_OCT_24,6,2024-10-11T09:45:00+05:30,PE,25000,25003.4,53.85,135.6,2,130,2024-10-11T11:02:00+05:30,177.75,24948.5,TP,77,5406.5,31.0
2024-10-14,17_OCT_24,3,2024-10-14T09:31:00+05:30,PE,25050,25056.25,30.85,128.5,2,130,2024-10-14T09:45:00+05:30,93.55,25108.15,SL,14,-4616.5,-27.27
2024-10-14,17_OCT_24,3,2024-10-14T10:04:00+05:30,PE,25150,25131.55,31.35,119.6,2,130,2024-10-14T15:25:00+05:30,119.6,25137.6,EOD,321,-73.0,-0.08
2024-10-15,17_OCT_24,2,2024-10-15T09:46:00+05:30,CE,25150,25138.3,32.75,103.85,2,130,2024-10-15T10:01:00+05:30,72.59,25059.95,SL,15,-4136.8,-30.18
2024-10-15,17_OCT_24,2,2024-10-15T10:29:00+05:30,CE,25050,25033.2,33.75,99.95,3,195,2024-10-15T15:25:00+05:30,94.85,25075.25,EOD,296,-1074.0,-5.2
2024-10-16,17_OCT_24,1,2024-10-16T09:32:00+05:30,PE,25050,25053.55,36.8,82.25,3,195,2024-10-16T09:55:00+05:30,61.4,25093.05,SL,23,-4145.25,-25.46
2024-10-16,17_OCT_24,1,2024-10-16T11:16:00+05:30,CE,25000,24984.75,32.2,73.5,4,260,2024-10-16T11:40:00+05:30,53.05,24945.05,SL,24,-5403.0,-27.94
2024-10-16,17_OCT_24,1,2024-10-16T11:53:00+05:30,PE,24950,24943.8,32.6,94.85,3,195,2024-10-16T13:05:00+05:30,67.59,24973.2,SL,72,-5395.2,-28.83
2024-10-16,17_OCT_24,1,2024-10-16T14:03:00+05:30,PE,25000,24996.1,32.2,74.45,4,260,2024-10-16T14:26:00+05:30,48.45,25034.75,SL,23,-6846.0,-35.03
2024-10-17,17_OCT_24,0,2024-10-17T09:34:00+05:30,CE,24900,24903.8,39.95,52.7,5,325,2024-10-17T09:39:00+05:30,38.1,24862.4,SL,5,-4837.5,-27.87
2024-10-17,17_OCT_24,0,2024-10-17T09:45:00+05:30,CE,24800,24823.0,41.3,64.65,4,260,2024-10-17T10:22:00+05:30,44.4,24803.6,SL,37,-5351.0,-31.45
2024-10-17,17_OCT_24,0,2024-10-17T10:56:00+05:30,CE,24800,24820.45,30.05,52.2,5,325,2024-10-17T11:07:00+05:30,39.1,24811.2,SL,11,-4350.0,-25.26
2024-10-18,24_OCT_24,6,2024-10-18T09:30:00+05:30,PE,24600,24616.0,43.0,148.65,2,130,2024-10-18T09:48:00+05:30,110.3,24700.05,SL,18,-5058.5,-25.86
2024-10-18,24_OCT_24,6,2024-10-18T09:54:00+05:30,CE,24650,24631.6,72.2,174.75,1,65,2024-10-18T10:31:00+05:30,228.8,24726.6,TP,37,3446.75,30.86
2024-10-18,24_OCT_24,6,2024-10-18T10:31:00+05:30,PE,24750,24726.6,58.0,145.35,2,130,2024-10-18T12:02:00+05:30,108.35,24791.25,SL,91,-4883.0,-25.52
2024-10-18,24_OCT_24,6,2024-10-18T12:25:00+05:30,PE,24850,24828.4,30.3,135.0,2,130,2024-10-18T15:25:00+05:30,109.95,24875.55,EOD,180,-3329.5,-18.62
2024-10-21,24_OCT_24,3,2024-10-21T09:31:00+05:30,CE,24900,24882.85,33.05,117.4,2,130,2024-10-21T09:38:00+05:30,85.6,24792.75,SL,7,-4207.0,-27.16
2024-10-21,24_OCT_24,3,2024-10-21T09:43:00+05:30,CE,24750,24761.95,31.2,134.85,2,130,2024-10-21T10:07:00+05:30,182.85,24838.0,TP,24,6167.0,35.51
2024-10-21,24_OCT_24,3,2024-10-21T10:07:00+05:30,PE,24850,24838.0,48.15,133.5,2,130,2024-10-21T10:34:00+05:30,174.75,24783.65,TP,27,5289.5,30.81
2024-10-21,24_OCT_24,3,2024-10-21T10:39:00+05:30,PE,24800,24815.75,32.1,129.4,2,130,2024-10-21T11:35:00+05:30,170.1,24749.35,TP,56,5218.0,31.36
2024-10-21,24_OCT_24,3,2024-10-21T11:35:00+05:30,CE,24750,24749.35,39.35,119.15,2,130,2024-10-21T13:57:00+05:30,156.65,24834.25,TP,142,4802.0,31.38
2024-10-21,24_OCT_24,3,2024-10-21T13:57:00+05:30,PE,24850,24834.25,30.2,138.05,2,130,2024-10-21T15:04:00+05:30,181.8,24775.25,TP,67,5614.5,31.61
2024-10-22,24_OCT_24,2,2024-10-22T09:44:00+05:30,PE,24850,24851.3,50.3,103.0,2,130,2024-10-22T10:12:00+05:30,143.6,24783.25,TP,28,5205.0,39.3
2024-10-22,24_OCT_24,2,2024-10-22T10:12:00+05:30,CE,24800,24783.25,47.9,96.3,3,195,2024-10-22T10:26:00+05:30,68.59,24685.25,SL,14,-5482.95,-28.86
2024-10-22,24_OCT_24,2,2024-10-22T10:32:00+05:30,CE,24650,24642.85,32.35,121.95,2,130,2024-10-22T10:57:00+05:30,158.85,24721.0,TP,25,4724.0,30.16
2024-10-22,24_OCT_24,2,2024-10-22T10:58:00+05:30,PE,24750,24731.55,35.5,117.75,2,130,2024-10-22T11:39:00+05:30,156.94,24671.65,TP,41,5021.7,33.18
2024-10-22,24_OCT_24,2,2024-10-22T11:39:00+05:30,CE,24650,24671.65,41.05,131.3,2,130,2024-10-22T13:02:00+05:30,97.05,24599.8,SL,83,-4525.5,-26.15
2024-10-22,24_OCT_24,2,2024-10-22T13:14:00+05:30,PE,24600,24621.6,31.4,101.55,3,195,2024-10-22T14:28:00+05:30,132.85,24565.7,TP,74,6024.0,30.71
2024-10-22,24_OCT_24,2,2024-10-22T14:28:00+05:30,CE,24550,24565.7,34.95,121.25,2,130,2024-10-22T15:10:00+05:30,89.35,24475.1,SL,42,-4220.0,-26.38
2024-10-23,24_OCT_24,1,2024-10-23T09:32:00+05:30,CE,24450,24472.05,39.6,134.9,2,130,2024-10-23T09:55:00+05:30,177.15,24520.25,TP,23,5419.5,31.23
2024-10-23,24_OCT_24,1,2024-10-23T09:55:00+05:30,PE,24500,24520.25,46.3,96.0,3,195,2024-10-23T11:01:00+05:30,64.0,24567.1,SL,66,-6319.5,-33.42
2024-10-23,24_OCT_24,1,2024-10-23T11:11:00+05:30,CE,24550,24544.4,38.5,110.95,2,130,2024-10-23T12:15:00+05:30,82.8,24515.9,SL,64,-3732.5,-25.45
2024-10-23,24_OCT_24,1,2024-10-23T12:31:00+05:30,PE,24550,24557.0,31.3,88.35,3,195,2024-10-23T14:13:00+05:30,115.6,24497.55,TP,102,5234.25,30.71
2024-10-23,24_OCT_24,1,2024-10-23T14:13:00+05:30,CE,24500,24497.55,31.65,79.3,3,195,2024-10-23T14:23:00+05:30,51.8,24443.25,SL,10,-5442.0,-34.78
2024-10-24,24_OCT_24,0,2024-10-24T09:36:00+05:30,CE,24350,24373.15,45.9,63.25,4,260,2024-10-24T09:43:00+05:30,45.05,24345.1,SL,7,-4818.0,-28.91
2024-10-24,24_OCT_24,0,2024-10-24T09:56:00+05:30,PE,24400,24396.05,36.5,53.05,5,325,2024-10-24T10:00:00+05:30,39.25,24415.6,SL,4,-4577.5,-26.18
2024-10-24,24_OCT_24,0,2024-10-24T10:08:00+05:30,PE,24450,24444.15,38.75,49.55,6,390,2024-10-24T14:24:00+05:30,70.9,24369.1,TP,256,8227.5,42.84
2024-10-25,31_OCT_24,6,2024-10-25T09:30:00+05:30,CE,24400,24402.5,30.85,168.55,1,65,2024-10-25T09:49:00+05:30,124.55,24305.55,SL,19,-2926.5,-26.16
2024-10-25,31_OCT_24,6,2024-10-25T09:54:00+05:30,CE,24300,24278.05,32.25,163.0,1,65,2024-10-25T10:28:00+05:30,119.9,24218.65,SL,34,-2868.0,-26.49
2024-10-25,31_OCT_24,6,2024-10-25T10:51:00+05:30,CE,24150,24154.8,30.25,179.45,1,65,2024-10-25T14:14:00+05:30,134.0,24101.6,SL,203,-3020.75,-25.38
2024-10-28,31_OCT_24,3,2024-10-28T09:30:00+05:30,CE,24200,24187.05,71.85,152.0,2,130,2024-10-28T09:58:00+05:30,198.4,24293.35,TP,28,5959.0,30.45
2024-10-28,31_OCT_24,3,2024-10-28T09:58:00+05:30,PE,24300,24293.35,55.5,128.69,2,130,2024-10-28T10:20:00+05:30,89.35,24380.55,SL,22,-5187.2,-30.64
2024-10-28,31_OCT_24,3,2024-10-28T10:36:00+05:30,PE,24400,24411.55,42.15,118.1,2,130,2024-10-28T15:03:00+05:30,158.35,24314.6,TP,267,5159.5,33.98
2024-10-29,31_OCT_24,2,2024-10-29T09:30:00+05:30,CE,24250,24258.9,38.45,131.94,2,130,2024-10-29T10:07:00+05:30,95.3,24166.95,SL,37,-4836.2,-27.84
2024-10-29,31_OCT_24,2,2024-10-29T10:12:00+05:30,PE,24200,24199.6,34.2,113.8,2,130,2024-10-29T11:56:00+05:30,84.8,24247.7,SL,104,-3843.0,-25.56
2024-10-29,31_OCT_24,2,2024-10-29T12:02:00+05:30,PE,24250,24264.9,33.6,91.9,3,195,2024-10-29T13:00:00+05:30,67.5,24328.45,SL,58,-4837.5,-26.64
2024-10-29,31_OCT_24,2,2024-10-29T13:22:00+05:30,CE,24300,24294.8,35.7,114.3,2,130,2024-10-29T14:02:00+05:30,152.65,24365.4,TP,40,4912.5,33.45
2024-10-29,31_OCT_24,2,2024-10-29T14:02:00+05:30,PE,24350,24365.4,64.35,90.85,3,195,2024-10-29T14:08:00+05:30,67.84,24404.05,SL,6,-4566.45,-25.42
2024-10-30,31_OCT_24,1,2024-10-30T09:32:00+05:30,CE,24350,24363.55,31.1,111.25,2,130,2024-10-30T09:40:00+05:30,149.94,24410.1,TP,8,4956.7,34.67
2024-10-30,31_OCT_24,1,2024-10-30T09:40:00+05:30,PE,24400,24410.1,43.75,81.65,3,195,2024-10-30T10:54:00+05:30,59.65,24442.6,SL,74,-4369.5,-27.05
2024-10-30,31_OCT_24,1,2024-10-30T13:06:00+05:30,PE,24500,24494.1,38.4,72.55,4,260,2024-10-30T13:11:00+05:30,95.95,24447.15,TP,5,5998.0,32.09
2024-10-30,31_OCT_24,1,2024-10-30T13:11:00+05:30,CE,24450,24447.15,49.25,87.15,3,195,2024-10-30T13:16:00+05:30,56.65,24386.45,SL,5,-6027.0,-35.09
2024-10-30,31_OCT_24,1,2024-10-30T13:43:00+05:30,CE,24350,24352.95,34.6,92.0,3,195,2024-10-30T15:25:00+05:30,89.55,24353.65,EOD,102,-557.25,-2.77
2024-10-31,31_OCT_24,0,2024-10-31T09:37:00+05:30,CE,24250,24237.95,31.55,51.25,6,390,2024-10-31T09:45:00+05:30,68.45,24284.25,TP,8,6609.0,33.33
2024-10-31,31_OCT_24,0,2024-10-31T09:45:00+05:30,PE,24300,24284.25,34.15,47.0,6,390,2024-10-31T09:59:00+05:30,31.7,24295.05,SL,14,-6066.0,-32.73
2024-10-31,31_OCT_24,0,2024-10-31T10:18:00+05:30,CE,24250,24252.85,31.55,43.75,7,455,2024-10-31T10:44:00+05:30,31.95,24254.3,SL,26,-5474.5,-27.17
2024-11-04,07_NOV_24,3,2024-11-04T09:31:00+05:30,PE,24100,24105.9,33.9,194.95,1,65,2024-11-04T09:53:00+05:30,254.2,24029.05,TP,22,3784.75,30.33
2024-11-04,07_NOV_24,3,2024-11-04T10:01:00+05:30,CE,24050,24031.45,32.5,195.85,1,65,2024-11-04T10:38:00+05:30,145.65,23920.1,SL,37,-3329.5,-25.68
2024-11-04,07_NOV_24,3,2024-11-04T11:11:00+05:30,CE,23850,23827.75,32.05,197.35,1,65,2024-11-04T14:37:00+05:30,259.0,23957.15,TP,206,3940.75,31.18
2024-11-05,07_NOV_24,2,2024-11-05T09:55:00+05:30,PE,23950,23971.95,39.05,169.4,1,65,2024-11-05T11:41:00+05:30,221.7,23883.75,TP,106,3333.0,30.81
2024-11-05,07_NOV_24,2,2024-11-05T11:41:00+05:30,CE,23900,23883.75,50.9,194.65,1,65,2024-11-05T13:29:00+05:30,260.45,24049.0,TP,108,4210.5,33.74
2024-11-05,07_NOV_24,2,2024-11-05T13:29:00+05:30,PE,24050,24049.0,81.1,177.3,1,65,2024-11-05T14:04:00+05:30,123.7,24165.5,SL,35,-3550.5,-30.28
2024-11-06,07_NOV_24,1,2024-11-06T09:36:00+05:30,CE,24300,24304.8,33.75,111.8,2,130,2024-11-06T09:48:00+05:30,147.4,24387.25,TP,12,4555.0,31.74
2024-11-06,07_NOV_24,1,2024-11-06T09:48:00+05:30,PE,24400,24387.25,61.0,125.4,2,130,2024-11-06T10:30:00+05:30,186.55,24290.1,TP,42,7876.5,48.66
2024-11-06,07_NOV_24,1,2024-11-06T10:30:00+05:30,CE,24300,24290.1,73.45,95.8,3,195,2024-11-06T10:53:00+05:30,133.94,24356.0,TP,23,7357.8,39.69
2024-11-06,07_NOV_24,1,2024-11-06T10:53:00+05:30,PE,24350,24356.0,53.0,103.15,2,130,2024-11-06T11:53:00+05:30,73.05,24421.4,SL,60,-3986.0,-29.26
2024-11-06,07_NOV_24,1,2024-11-06T13:12:00+05:30,PE,24450,24463.35,30.45,89.3,3,195,2024-11-06T14:18:00+05:30,65.45,24499.95,SL,66,-4730.25,-26.8
2024-11-06,07_NOV_24,1,2024-11-06T14:23:00+05:30,PE,24550,24534.85,34.9,99.8,3,195,2024-11-06T14:39:00+05:30,130.15,24483.15,TP,16,5838.75,30.3
2024-11-07,07_NOV_24,0,2024-11-07T09:30:00+05:30,CE,24350,24351.1,33.85,58.55,5,325,2024-11-07T09:58:00+05:30,42.05,24293.9,SL,28,-5455.0,-28.33
2024-11-07,07_NOV_24,0,2024-11-07T10:03:00+05:30,CE,24200,24222.8,71.1,72.65,4,260,2024-11-07T10:25:00+05:30,54.1,24222.55,SL,22,-4909.0,-25.65
2024-11-07,07_NOV_24,0,2024-11-07T10:30:00+05:30,CE,24200,24185.05,37.5,36.5,8,520,2024-11-07T10:54:00+05:30,51.0,24232.05,TP,24,7428.0,39.4
2024-11-07,07_NOV_24,0,2024-11-07T10:55:00+05:30,PE,24250,24256.4,43.5,46.05,6,390,2024-11-07T11:17:00+05:30,61.8,24220.8,TP,22,6043.5,33.95
2024-11-07,07_NOV_24,0,2024-11-07T11:19:00+05:30,CE,24200,24194.15,39.05,33.4,9,585,2024-11-07T11:40:00+05:30,44.75,24222.85,TP,21,6521.25,33.63
2024-11-08,14_NOV_24,6,2024-11-08T09:30:00+05:30,PE,24150,24170.65,38.25,165.85,1,65,2024-11-08T09:45:00+05:30,121.9,24252.25,SL,15,-2923.25,-26.55
2024-11-08,14_NOV_24,6,2024-11-08T09:50:00+05:30,CE,24250,24230.25,33.1,183.75,1,65,2024-11-08T10:27:00+05:30,136.5,24181.75,SL,37,-3137.75,-25.76
2024-11-08,14_NOV_24,6,2024-11-08T13:36:00+05:30,CE,24150,24149.75,30.3,157.94,1,65,2024-11-08T15:25:00+05:30,147.3,24126.7,EOD,109,-758.1,-6.8
2024-11-11,14_NOV_24,3,2024-11-11T09:30:00+05:30,PE,24100,24113.5,44.05,133.15,2,130,2024-11-11T10:26:00+05:30,96.1,24170.8,SL,56,-4889.5,-27.89
2024-11-11,14_NOV_24,3,2024-11-11T10:31:00+05:30,PE,24250,24230.6,59.8,133.15,2,130,2024-11-11T11:13:00+05:30,96.5,24300.65,SL,42,-4837.5,-27.59
2024-11-11,14_NOV_24,3,2024-11-11T12:21:00+05:30,CE,24200,24213.45,46.55,132.15,2,130,2024-11-11T13:44:00+05:30,98.8,24145.45,SL,83,-4408.5,-25.3
2024-11-11,14_NOV_24,3,2024-11-11T13:59:00+05:30,PE,24150,24155.1,30.55,112.1,2,130,2024-11-11T14:16:00+05:30,148.35,24091.1,TP,17,4639.5,32.23
2024-11-11,14_NOV_24,3,2024-11-11T14:16:00+05:30,CE,24100,24091.1,35.25,121.25,2,130,2024-11-11T14:34:00+05:30,165.05,24174.0,TP,18,5621.0,36.03
2024-11-12,14_NOV_24,2,2024-11-12T09:31:00+05:30,CE,24150,24162.4,32.9,125.55,2,130,2024-11-12T11:43:00+05:30,93.5,24129.95,SL,132,-4239.5,-25.6
2024-11-12,14_NOV_24,2,2024-11-12T12:40:00+05:30,CE,24050,24066.45,49.5,119.25,2,130,2024-11-12T13:16:00+05:30,84.25,23969.0,SL,36,-4623.0,-29.42
2024-11-12,14_NOV_24,2,2024-11-12T13:22:00+05:30,PE,24000,23980.7,33.55,118.25,2,130,2024-11-12T15:07:00+05:30,163.95,23893.9,TP,105,5868.0,38.55
2024-11-13,14_NOV_24,1,2024-11-13T09:31:00+05:30,PE,23850,23853.25,52.85,108.4,2,130,2024-11-13T09:34:00+05:30,148.25,23784.25,TP,3,5107.5,36.65
2024-11-13,14_NOV_24,1,2024-11-13T09:34:00+05:30,CE,23800,23784.25,69.0,113.2,2,130,2024-11-13T09:47:00+05:30,84.55,23718.15,SL,13,-3797.5,-25.39
2024-11-13,14_NOV_24,1,2024-11-13T09:51:00+05:30,PE,23750,23773.1,54.95,99.7,3,195,2024-11-13T10:13:00+05:30,135.35,23697.7,TP,22,6872.25,35.64
2024-11-13,14_NOV_24,1,2024-11-13T10:14:00+05:30,CE,23700,23694.55,32.9,111.95,2,130,2024-11-13T10:53:00+05:30,157.0,23775.85,TP,39,5783.5,40.13
2024-11-13,14_NOV_24,1,2024-11-13T10:53:00+05:30,PE,23800,23775.85,49.05,120.45,2,130,2024-11-13T11:18:00+05:30,159.25,23696.9,TP,25,4971.0,32.12
2024-11-13,14_NOV_24,1,2024-11-13T11:44:00+05:30,CE,23700,23684.55,33.9,94.9,3,195,2024-11-13T13:02:00+05:30,68.7,23645.7,SL,78,-5188.5,-27.7
2024-11-13,14_NOV_24,1,2024-11-13T13:13:00+05:30,PE,23650,23667.6,30.1,80.7,3,195,2024-11-13T13:47:00+05:30,60.15,23713.3,SL,34,-4086.75,-25.57
2024-11-13,14_NOV_24,1,2024-11-13T14:05:00+05:30,CE,23700,23675.05,31.5,80.05,3,195,2024-11-13T14:20:00+05:30,57.9,23625.9,SL,15,-4398.75,-27.78
2024-11-13,14_NOV_24,1,2024-11-13T14:30:00+05:30,CE,23600,23590.95,35.05,88.1,3,195,2024-11-13T15:00:00+05:30,65.15,23541.3,SL,30,-4554.75,-26.15
2024-11-14,14_NOV_24,0,2024-11-14T09:30:00+05:30,CE,23600,23577.4,43.25,65.84,4,260,2024-11-14T09:41:00+05:30,42.1,23515.1,SL,11,-6258.4,-36.18
2024-11-14,14_NOV_24,0,2024-11-14T09:46:00+05:30,PE,23600,23589.05,73.95,83.2,3,195,2024-11-14T10:00:00+05:30,47.3,23641.1,SL,14,-7080.0,-43.24
2024-11-14,14_NOV_24,0,2024-11-14T10:10:00+05:30,CE,23600,23620.45,40.75,61.45,5,325,2024-11-14T10:19:00+05:30,42.95,23603.8,SL,9,-6105.0,-30.24
2024-11-18,21_NOV_24,3,2024-11-18T09:33:00+05:30,CE,23450,23445.85,43.45,138.69,2,130,2024-11-18T09:44:00+05:30,100.25,23368.35,SL,11,-5070.2,-27.78
2024-11-18,21_NOV_24,3,2024-11-18T09:47:00+05:30,PE,23400,23412.25,43.9,136.65,2,130,2024-11-18T10:04:00+05:30,101.5,23471.35,SL,17,-4642.5,-25.79
2024-11-18,21_NOV_24,3,2024-11-18T10:14:00+05:30,CE,23450,23450.0,37.05,136.8,2,130,2024-11-18T10:41:00+05:30,102.3,23379.4,SL,27,-4558.0,-25.28
2024-11-18,21_NOV_24,3,2024-11-18T10:57:00+05:30,PE,23400,23411.4,38.55,127.35,2,130,2024-11-18T12:03:00+05:30,95.4,23465.65,SL,66,-4226.5,-25.16
2024-11-18,21_NOV_24,3,2024-11-18T12:27:00+05:30,PE,23500,23522.6,42.05,111.3,2,130,2024-11-18T13:19:00+05:30,145.6,23452.35,TP,52,4386.0,30.71
2024-11-18,21_NOV_24,3,2024-11-18T13:19:00+05:30,CE,23450,23452.35,39.8,129.35,2,130,2024-11-18T15:25:00+05:30,124.5,23450.65,EOD,126,-703.5,-3.83
2024-11-19,21_NOV_24,2,2024-11-19T09:35:00+05:30,PE,23700,23677.9,32.85,116.1,2,130,2024-11-19T10:25:00+05:30,80.8,23732.8,SL,50,-4662.0,-30.48
2024-11-19,21_NOV_24,2,2024-11-19T11:26:00+05:30,PE,23750,23760.0,31.35,84.0,3,195,2024-11-19T14:08:00+05:30,112.2,23721.8,TP,162,5419.5,33.43
2024-11-19,21_NOV_24,2,2024-11-19T14:08:00+05:30,CE,23700,23721.8,32.25,99.4,3,195,2024-11-19T14:50:00+05:30,69.65,23676.4,SL,42,-5880.75,-30.02
2024-11-21,21_NOV_24,0,2024-11-21T09:31:00+05:30,CE,23350,23346.25,41.4,51.75,5,325,2024-11-21T09:34:00+05:30,36.25,23312.05,SL,3,-5130.0,-30.12
2024-11-21,21_NOV_24,0,2024-11-21T09:39:00+05:30,CE,23300,23283.6,36.7,39.5,7,455,2024-11-21T09:43:00+05:30,53.55,23327.35,TP,4,6287.25,35.27
2024-11-21,21_NOV_24,0,2024-11-21T09:43:00+05:30,PE,23350,23327.35,61.45,84.0,3,195,2024-11-21T10:05:00+05:30,51.75,23372.2,SL,22,-6368.25,-38.49
2024-11-21,21_NOV_24,0,2024-11-21T10:07:00+05:30,CE,23350,23339.15,33.7,20.6,14,910,2024-11-21T10:34:00+05:30,13.7,23319.6,SL,27,-6430.0,-33.9
2024-11-22,28_NOV_24,6,2024-11-22T09:30:00+05:30,PE,23550,23525.3,31.75,174.5,1,65,2024-11-22T09:50:00+05:30,229.15,23437.5,TP,20,3485.75,31.25
2024-11-22,28_NOV_24,6,2024-11-22T09:50:00+05:30,CE,23450,23437.5,36.8,195.35,1,65,2024-11-22T10:03:00+05:30,269.5,23555.6,TP,13,4753.25,37.9
2024-11-22,28_NOV_24,6,2024-11-22T10:03:00+05:30,PE,23550,23555.6,76.75,171.3,1,65,2024-11-22T10:47:00+05:30,232.25,23457.6,TP,44,3895.25,35.51
2024-11-22,28_NOV_24,6,2024-11-22T10:52:00+05:30,PE,23500,23500.75,43.15,186.15,1,65,2024-11-22T12:06:00+05:30,134.0,23640.35,SL,74,-3456.25,-28.06
2024-11-22,28_NOV_24,6,2024-11-22T12:42:00+05:30,PE,23650,23674.2,34.45,183.35,1,65,2024-11-22T14:01:00+05:30,134.65,23827.6,SL,79,-3232.0,-26.61
2024-11-25,28_NOV_24,3,2024-11-25T09:30:00+05:30,PE,24300,24315.6,47.1,156.9,1,65,2024-11-25T12:55:00+05:30,204.75,24202.95,TP,205,3043.75,30.42
2024-11-25,28_NOV_24,3,2024-11-25T12:55:00+05:30,CE,24200,24202.95,63.4,155.69,1,65,2024-11-25T15:25:00+05:30,187.8,24249.95,EOD,150,2020.65,20.55
2024-11-26,28_NOV_24,2,2024-11-26T09:43:00+05:30,CE,24250,24268.35,35.1,143.1,2,130,2024-11-26T09:58:00+05:30,106.95,24213.25,SL,15,-4772.5,-25.32
2024-11-26,28_NOV_24,2,2024-11-26T10:02:00+05:30,PE,24250,24250.45,41.05,123.9,2,130,2024-11-26T10:17:00+05:30,161.5,24191.15,TP,15,4815.0,30.25
2024-11-26,28_NOV_24,2,2024-11-26T10:17:00+05:30,CE,24200,24191.15,58.95,125.65,2,130,2024-11-26T13:38:00+05:30,93.95,24134.9,SL,201,-4194.0,-25.3
2024-11-27,28_NOV_24,1,2024-11-27T09:42:00+05:30,CE,24150,24151.7,30.0,101.4,3,195,2024-11-27T09:50:00+05:30,140.94,24211.05,TP,8,7630.8,38.88
2024-11-27,28_NOV_24,1,2024-11-27T09:50:00+05:30,PE,24200,24211.05,30.8,79.0,3,195,2024-11-27T12:20:00+05:30,56.8,24243.1,SL,150,-4408.5,-28.21
2024-11-27,28_NOV_24,1,2024-11-27T12:33:00+05:30,PE,24300,24293.5,46.9,75.4,4,260,2024-11-27T13:50:00+05:30,54.75,24342.95,SL,77,-5455.0,-27.5
2024-11-27,28_NOV_24,1,2024-11-27T13:58:00+05:30,CE,24300,24308.05,32.7,101.75,3,195,2024-11-27T15:00:00+05:30,73.34,24278.15,SL,62,-5619.45,-28.01
2024-11-28,28_NOV_24,0,2024-11-28T09:51:00+05:30,PE,24300,24316.55,44.45,66.45,4,260,2024-11-28T10:03:00+05:30,48.75,24337.35,SL,12,-4688.0,-26.77
2024-11-28,28_NOV_24,0,2024-11-28T10:32:00+05:30,CE,24300,24278.55,37.45,48.8,6,390,2024-11-28T10:38:00+05:30,34.6,24123.6,SL,6,-5637.0,-29.27
2024-11-28,28_NOV_24,0,2024-11-28T10:48:00+05:30,CE,24100,24076.45,50.25,85.05,3,195,2024-11-28T11:16:00+05:30,60.95,24075.45,SL,28,-4779.0,-28.44
2024-11-28,28_NOV_24,0,2024-11-28T11:48:00+05:30,PE,24100,24091.5,31.1,89.9,3,195,2024-11-28T11:58:00+05:30,117.6,24054.95,TP,10,5322.0,30.68
2024-11-28,28_NOV_24,0,2024-11-28T11:58:00+05:30,CE,24050,24054.95,42.05,80.45,3,195,2024-11-28T12:37:00+05:30,55.95,24012.7,SL,39,-4857.0,-30.56
2024-11-28,28_NOV_24,0,2024-11-28T13:00:00+05:30,CE,24000,24001.65,31.65,67.4,4,260,2024-11-28T13:08:00+05:30,45.45,23975.6,SL,8,-5793.0,-32.69
2024-11-28,28_NOV_24,0,2024-11-28T13:56:00+05:30,PE,24000,24017.45,34.35,58.1,5,325,2024-11-28T14:01:00+05:30,41.9,24027.4,SL,5,-5357.5,-28.03
2024-11-28,28_NOV_24,0,2024-11-28T14:06:00+05:30,PE,24050,24060.05,32.65,46.6,6,390,2024-11-28T14:10:00+05:30,69.8,24019.1,TP,4,8949.0,49.52
2024-11-28,28_NOV_24,0,2024-11-28T14:10:00+05:30,CE,24000,24019.1,53.75,72.3,4,260,2024-11-28T14:13:00+05:30,28.9,23879.6,SL,3,-11370.0,-60.12
2024-11-28,28_NOV_24,0,2024-11-28T14:25:00+05:30,PE,23950,23947.2,34.7,68.0,4,260,2024-11-28T14:28:00+05:30,48.7,23965.95,SL,3,-5104.0,-28.51
2024-11-29,05_DEC_24,6,2024-11-29T09:43:00+05:30,PE,24000,24022.85,32.5,166.0,1,65,2024-11-29T11:00:00+05:30,123.45,24134.2,SL,77,-2832.25,-25.69
2024-11-29,05_DEC_24,6,2024-11-29T14:13:00+05:30,CE,24100,24107.75,31.5,194.0,1,65,2024-11-29T15:25:00+05:30,203.3,24121.7,EOD,72,538.0,4.74
2024-12-02,05_DEC_24,3,2024-12-02T09:30:00+05:30,PE,24050,24062.25,51.4,133.85,2,130,2024-12-02T10:15:00+05:30,92.65,24161.85,SL,45,-5429.0,-30.84
2024-12-02,05_DEC_24,3,2024-12-02T10:42:00+05:30,CE,24100,24103.7,39.0,172.15,1,65,2024-12-02T12:28:00+05:30,227.85,24168.2,TP,106,3554.0,32.29
2024-12-02,05_DEC_24,3,2024-12-02T12:29:00+05:30,PE,24200,24186.5,36.0,151.75,2,130,2024-12-02T14:18:00+05:30,112.0,24274.35,SL,109,-5240.5,-26.25
2024-12-03,05_DEC_24,2,2024-12-03T10:18:00+05:30,PE,24350,24367.45,30.5,131.1,2,130,2024-12-03T11:16:00+05:30,97.35,24426.45,SL,58,-4460.5,-25.81
2024-12-03,05_DEC_24,2,2024-12-03T11:58:00+05:30,PE,24450,24434.8,31.45,138.8,2,130,2024-12-03T15:25:00+05:30,145.94,24439.55,EOD,207,855.2,5.07
2024-12-04,05_DEC_24,1,2024-12-04T10:21:00+05:30,CE,24500,24514.35,35.65,122.9,2,130,2024-12-04T11:56:00+05:30,79.25,24426.85,SL,95,-5747.5,-35.58
2024-12-04,05_DEC_24,1,2024-12-04T12:04:00+05:30,PE,24400,24410.8,32.85,135.19,2,130,2024-12-04T12:22:00+05:30,100.0,24471.15,SL,18,-4647.7,-26.09
2024-12-04,05_DEC_24,1,2024-12-04T12:44:00+05:30,CE,24450,24439.9,40.8,110.75,2,130,2024-12-04T13:32:00+05:30,158.6,24528.3,TP,48,6147.5,43.1
2024-12-04,05_DEC_24,1,2024-12-04T13:32:00+05:30,PE,24550,24528.3,45.65,130.05,2,130,2024-12-04T14:20:00+05:30,192.2,24449.3,TP,48,8006.5,47.69
2024-12-04,05_DEC_24,1,2024-12-04T14:20:00+05:30,CE,24450,24449.3,84.2,116.05,2,130,2024-12-04T15:25:00+05:30,120.15,24472.15,EOD,65,460.0,3.45
2024-12-05,05_DEC_24,0,2024-12-05T09:38:00+05:30,CE,24450,24471.8,51.9,135.5,2,130,2024-12-05T10:17:00+05:30,100.5,24383.15,SL,39,-4623.0,-25.89
2024-12-05,05_DEC_24,0,2024-12-05T10:21:00+05:30,PE,24400,24409.4,37.1,140.35,2,130,2024-12-05T10:58:00+05:30,192.8,24326.0,TP,37,6745.5,37.29
2024-12-05,05_DEC_24,0,2024-12-05T10:58:00+05:30,CE,24350,24326.0,105.25,127.4,2,130,2024-12-05T12:04:00+05:30,170.05,24402.25,TP,66,5471.5,33.39
2024-12-05,05_DEC_24,0,2024-12-05T12:04:00+05:30,PE,24400,24402.25,36.25,144.05,2,130,2024-12-05T12:06:00+05:30,104.8,24488.45,SL,2,-5175.5,-27.31
2024-12-05,05_DEC_24,0,2024-12-05T12:11:00+05:30,PE,24600,24582.85,94.4,124.9,2,130,2024-12-05T13:17:00+05:30,91.7,24633.35,SL,66,-4389.0,-26.65
2024-12-05,05_DEC_24,0,2024-12-05T13:27:00+05:30,CE,24600,24584.85,30.05,117.5,2,130,2024-12-05T14:12:00+05:30,193.4,24731.95,TP,45,9794.0,64.48
2024-12-06,12_DEC_24,6,2024-12-06T10:22:00+05:30,PE,24700,24711.55,85.15,198.0,1,65,2024-12-06T15:25:00+05:30,180.3,24672.2,EOD,303,-1217.0,-8.99
2024-12-09,12_DEC_24,3,2024-12-09T09:33:00+05:30,CE,24650,24651.2,33.3,166.0,1,65,2024-12-09T14:28:00+05:30,124.0,24602.35,SL,295,-2796.5,-25.35
2024-12-10,12_DEC_24,2,2024-12-10T09:31:00+05:30,PE,24650,24629.55,33.55,150.15,2,130,2024-12-10T12:36:00+05:30,197.35,24551.05,TP,185,6063.0,31.36
2024-12-10,12_DEC_24,2,2024-12-10T12:36:00+05:30,CE,24550,24551.05,31.2,122.05,2,130,2024-12-10T15:25:00+05:30,140.0,24619.65,EOD,169,2260.5,14.62
2024-12-11,12_DEC_24,1,2024-12-11T09:55:00+05:30,PE,24600,24624.7,33.95,80.7,3,195,2024-12-11T10:30:00+05:30,60.35,24651.2,SL,35,-4047.75,-25.33
2024-12-11,12_DEC_24,1,2024-12-11T11:37:00+05:30,PE,24700,24688.95,33.55,85.95,3,195,2024-12-11T12:39:00+05:30,117.6,24632.5,TP,62,6092.25,36.69
2024-12-11,12_DEC_24,1,2024-12-11T12:40:00+05:30,CE,24650,24628.5,33.5,64.0,4,260,2024-12-11T15:25:00+05:30,59.1,24641.05,EOD,165,-1360.0,-7.81
2024-12-12,12_DEC_24,0,2024-12-12T12:06:00+05:30,CE,24550,24560.4,31.85,47.25,6,390,2024-12-12T13:19:00+05:30,35.4,24566.2,SL,73,-4720.5,-25.26
2024-12-13,19_DEC_24,6,2024-12-13T09:31:00+05:30,CE,24400,24400.4,34.4,181.15,1,65,2024-12-13T10:15:00+05:30,127.75,24315.7,SL,44,-3537.5,-29.53
2024-12-13,19_DEC_24,6,2024-12-13T11:12:00+05:30,PE,24300,24315.0,72.15,183.45,1,65,2024-12-13T11:54:00+05:30,132.65,24417.6,SL,42,-3368.5,-27.74
2024-12-13,19_DEC_24,6,2024-12-13T11:59:00+05:30,PE,24550,24545.3,127.7,178.3,1,65,2024-12-13T13:00:00+05:30,125.05,24670.35,SL,61,-3527.75,-29.91
2024-12-13,19_DEC_24,6,2024-12-13T13:13:00+05:30,CE,24650,24632.5,35.45,172.4,1,65,2024-12-13T13:52:00+05:30,231.65,24754.95,TP,39,3784.75,34.3
2024-12-13,19_DEC_24,6,2024-12-13T13:58:00+05:30,PE,24750,24736.35,31.85,169.1,1,65,2024-12-13T15:22:00+05:30,126.5,24779.8,SL,84,-2835.5,-25.24
2024-12-16,19_DEC_24,3,2024-12-16T09:30:00+05:30,CE,24700,24694.95,40.5,154.25,1,65,2024-12-16T15:25:00+05:30,145.5,24663.4,EOD,355,-635.25,-5.74
2024-12-17,19_DEC_24,2,2024-12-17T09:30:00+05:30,CE,24600,24582.35,32.75,155.4,1,65,2024-12-17T10:04:00+05:30,116.4,24506.6,SL,34,-2601.5,-25.15
2024-12-17,19_DEC_24,2,2024-12-17T10:20:00+05:30,CE,24450,24456.25,63.45,161.15,1,65,2024-12-17T12:19:00+05:30,117.5,24364.25,SL,119,-2903.75,-27.14
2024-12-17,19_DEC_24,2,2024-12-17T12:26:00+05:30,PE,24400,24405.9,41.8,135.25,2,130,2024-12-17T15:25:00+05:30,135.4,24328.25,EOD,179,-53.5,0.04
2024-12-18,19_DEC_24,1,2024-12-18T09:30:00+05:30,PE,24300,24309.85,30.0,111.85,2,130,2024-12-18T09:40:00+05:30,77.34,24375.05,SL,10,-4559.3,-30.93
2024-12-18,19_DEC_24,1,2024-12-18T09:51:00+05:30,CE,24350,24354.9,33.4,104.25,2,130,2024-12-18T09:57:00+05:30,77.09,24283.95,SL,6,-3603.8,-26.14
2024-12-18,19_DEC_24,1,2024-12-18T10:31:00+05:30,PE,24300,24293.15,35.7,93.55,3,195,2024-12-18T10:58:00+05:30,128.6,24224.1,TP,27,6755.25,37.34
2025-08-19,02_SEP_25,14,2025-08-19T09:50:00+05:30,PE,24900,24908.05,31.75,164.05,1,65,2025-08-19T15:25:00+05:30,125.0,24989.25,EOD,335,-2604.75,-23.86
2025-08-20,02_SEP_25,13,2025-08-20T09:47:00+05:30,PE,25000,24979.95,32.55,173.5,1,65,2025-08-20T14:45:00+05:30,130.05,25077.75,SL,298,-2890.75,-25.09
2025-08-21,02_SEP_25,12,2025-08-21T09:49:00+05:30,PE,25100,25092.65,32.55,152.55,2,130,2025-08-21T15:25:00+05:30,144.0,25077.2,EOD,336,-1184.5,-5.67
2025-08-22,02_SEP_25,11,2025-08-22T10:17:00+05:30,CE,24950,24937.75,32.05,186.75,1,65,2025-08-22T15:25:00+05:30,156.1,24869.65,EOD,308,-2058.75,-16.46
2025-08-26,02_SEP_25,7,2025-08-26T09:37:00+05:30,CE,24750,24763.05,32.4,166.0,1,65,2025-08-26T15:25:00+05:30,134.8,24701.95,EOD,348,-2094.5,-18.85
2025-08-28,02_SEP_25,5,2025-08-28T09:40:00+05:30,PE,24550,24574.7,53.55,97.55,3,195,2025-08-28T10:48:00+05:30,67.95,24638.75,SL,68,-5851.5,-30.43
2025-08-28,02_SEP_25,5,2025-08-28T10:58:00+05:30,PE,24650,24668.05,30.5,95.05,3,195,2025-08-28T12:21:00+05:30,127.2,24604.0,TP,83,6189.75,33.7
2025-08-28,02_SEP_25,5,2025-08-28T14:11:00+05:30,PE,24600,24577.45,32.35,108.7,2,130,2025-08-28T15:08:00+05:30,142.5,24492.45,TP,57,4321.0,30.99
2025-08-29,02_SEP_25,4,2025-08-29T09:35:00+05:30,CE,24500,24487.85,32.85,119.7,2,130,2025-08-29T14:29:00+05:30,89.7,24474.0,SL,294,-3973.0,-25.14
2025-09-02,02_SEP_25,0,2025-09-02T09:31:00+05:30,PE,24650,24671.1,34.8,27.45,11,715,2025-09-02T09:43:00+05:30,20.55,24684.8,SL,12,-5065.0,-25.45
2025-09-02,02_SEP_25,0,2025-09-02T13:41:00+05:30,CE,24650,24661.0,38.85,33.35,9,585,2025-09-02T13:53:00+05:30,21.15,24644.9,SL,12,-7255.5,-36.83
2025-09-02,02_SEP_25,0,2025-09-02T13:58:00+05:30,CE,24600,24605.25,43.15,29.65,10,650,2025-09-02T14:02:00+05:30,19.8,24577.4,SL,4,-6527.5,-33.5
2025-09-02,02_SEP_25,0,2025-09-02T14:07:00+05:30,CE,24550,24544.35,33.05,37.25,8,520,2025-09-02T14:10:00+05:30,54.0,24587.3,TP,3,8598.0,44.64
2025-09-02,02_SEP_25,0,2025-09-02T14:10:00+05:30,PE,24600,24587.3,42.95,37.95,8,520,2025-09-02T14:11:00+05:30,49.4,24574.2,TP,1,5842.0,29.87
2025-09-02,02_SEP_25,0,2025-09-02T14:22:00+05:30,PE,24600,24602.1,39.9,28.7,10,650,2025-09-02T14:23:00+05:30,41.8,24579.5,TP,1,8390.0,45.22
2025-09-02,02_SEP_25,0,2025-09-02T14:24:00+05:30,CE,24550,24553.65,48.45,26.15,11,715,2025-09-02T14:28:00+05:30,19.15,24534.2,SL,4,-5136.5,-27.1
2025-09-03,09_SEP_25,6,2025-09-03T09:39:00+05:30,CE,24550,24552.65,39.05,138.3,2,130,2025-09-03T12:11:00+05:30,180.0,24621.05,TP,152,5348.0,30.07
2025-09-04,09_SEP_25,5,2025-09-04T09:30:00+05:30,PE,24900,24905.15,39.95,89.9,3,195,2025-09-04T10:12:00+05:30,122.35,24849.3,TP,42,6248.25,35.96
2025-09-04,09_SEP_25,5,2025-09-04T10:12:00+05:30,CE,24850,24849.3,38.15,116.7,2,130,2025-09-04T12:21:00+05:30,85.75,24775.55,SL,129,-4096.5,-26.6
2025-09-04,09_SEP_25,5,2025-09-04T12:46:00+05:30,PE,24850,24831.95,30.6,99.1,3,195,2025-09-04T13:48:00+05:30,131.15,24772.85,TP,62,6170.25,32.22
2025-09-04,09_SEP_25,5,2025-09-04T14:22:00+05:30,CE,24750,24726.8,37.8,109.85,2,130,2025-09-04T15:25:00+05:30,108.25,24747.0,EOD,63,-281.0,-1.55
2025-09-05,09_SEP_25,4,2025-09-05T10:10:00+05:30,CE,24750,24733.45,40.5,92.0,3,195,2025-09-05T10:17:00+05:30,66.65,24656.2,SL,7,-5022.75,-27.65
2025-09-05,09_SEP_25,4,2025-09-05T10:24:00+05:30,PE,24700,24675.3,36.9,108.75,2,130,2025-09-05T10:28:00+05:30,76.4,24732.25,SL,4,-4278.5,-29.83
2025-09-05,09_SEP_25,4,2025-09-05T10:32:00+05:30,CE,24700,24695.7,36.55,97.5,3,195,2025-09-05T12:33:00+05:30,72.0,24643.7,SL,121,-5052.0,-26.24
2025-09-05,09_SEP_25,4,2025-09-05T13:46:00+05:30,PE,24750,24733.0,33.0,77.2,3,195,2025-09-05T15:25:00+05:30,71.5,24742.9,EOD,99,-1191.0,-7.51
2025-09-08,09_SEP_25,1,2025-09-08T09:31:00+05:30,PE,24800,24813.25,35.9,51.65,5,325,2025-09-08T10:32:00+05:30,67.8,24777.0,TP,61,5156.25,31.04
2025-09-10,16_SEP_25,6,2025-09-10T11:19:00+05:30,CE,25000,24981.2,31.9,132.55,2,130,2025-09-10T15:25:00+05:30,119.8,24975.15,EOD,246,-1730.5,-9.69
2025-09-15,16_SEP_25,1,2025-09-15T13:42:00+05:30,CE,25050,25061.0,42.85,77.8,3,195,2025-09-15T15:25:00+05:30,80.8,25070.45,EOD,103,505.5,3.73
2025-09-18,23_SEP_25,5,2025-09-18T12:40:00+05:30,CE,25400,25380.15,31.3,103.75,2,130,2025-09-18T15:25:00+05:30,122.95,25430.65,EOD,165,2423.0,18.4
2025-09-19,23_SEP_25,4,2025-09-19T10:00:00+05:30,CE,25300,25299.6,32.9,92.95,3,195,2025-09-19T15:25:00+05:30,114.3,25335.95,EOD,325,4083.75,22.85
2025-09-22,23_SEP_25,1,2025-09-22T09:51:00+05:30,CE,25300,25293.5,34.95,69.8,4,260,2025-09-22T11:37:00+05:30,52.05,25270.6,SL,106,-4701.0,-25.55
2025-09-22,23_SEP_25,1,2025-09-22T14:07:00+05:30,PE,25300,25284.2,31.2,41.65,7,455,2025-09-22T14:28:00+05:30,57.6,25246.55,TP,21,7151.75,38.01
2025-09-23,23_SEP_25,0,2025-09-23T09:30:00+05:30,CE,25150,25172.95,48.0,59.45,5,325,2025-09-23T09:42:00+05:30,43.0,25145.2,SL,12,-5438.75,-27.82
2025-09-23,23_SEP_25,0,2025-09-23T10:22:00+05:30,CE,25100,25113.65,34.9,55.8,5,325,2025-09-23T11:16:00+05:30,41.25,25095.65,SL,54,-4821.25,-26.23
2025-09-23,23_SEP_25,0,2025-09-23T12:35:00+05:30,PE,25200,25207.15,44.7,28.25,10,650,2025-09-23T12:45:00+05:30,37.2,25176.95,TP,10,5692.5,31.27
2025-09-23,23_SEP_25,0,2025-09-23T12:45:00+05:30,CE,25200,25176.95,41.05,29.4,10,650,2025-09-23T13:00:00+05:30,40.7,25197.4,TP,15,7220.0,38.03
2025-09-23,23_SEP_25,0,2025-09-23T13:31:00+05:30,PE,25250,25238.3,41.85,27.8,11,715,2025-09-23T13:37:00+05:30,37.05,25219.9,TP,6,6482.25,32.85
2025-09-23,23_SEP_25,0,2025-09-23T14:07:00+05:30,PE,25250,25260.9,39.85,15.1,20,1300,2025-09-23T14:12:00+05:30,19.95,25245.15,TP,5,6115.0,31.35
2025-09-23,23_SEP_25,0,2025-09-23T14:14:00+05:30,CE,25200,25206.9,47.8,36.25,8,520,2025-09-23T14:21:00+05:30,24.4,25200.85,SL,7,-6274.0,-32.92
2025-09-25,30_SEP_25,5,2025-09-25T09:30:00+05:30,CE,25050,25055.6,33.35,125.3,2,130,2025-09-25T10:36:00+05:30,93.35,25011.35,SL,66,-4226.5,-25.57
2025-09-26,30_SEP_25,4,2025-09-26T09:30:00+05:30,CE,24800,24776.65,40.75,108.55,2,130,2025-09-26T13:15:00+05:30,78.35,24747.05,SL,225,-3999.0,-27.9
2025-09-26,30_SEP_25,4,2025-09-26T13:51:00+05:30,CE,24700,24681.3,40.9,99.2,3,195,2025-09-26T15:25:00+05:30,85.15,24662.15,EOD,94,-2819.25,-14.26
2025-09-29,30_SEP_25,1,2025-09-29T10:21:00+05:30,PE,24800,24789.25,31.1,48.05,6,390,2025-09-29T10:38:00+05:30,63.5,24754.25,TP,17,5926.5,31.91
2025-09-29,30_SEP_25,1,2025-09-29T11:36:00+05:30,CE,24700,24681.15,35.4,92.4,3,195,2025-09-29T12:02:00+05:30,67.75,24646.6,SL,26,-4886.25,-26.77
2025-09-29,30_SEP_25,1,2025-09-29T12:39:00+05:30,CE,24600,24618.45,34.0,104.5,2,130,2025-09-29T13:10:00+05:30,139.85,24675.75,TP,31,4522.5,33.72
2025-09-29,30_SEP_25,1,2025-09-29T13:10:00+05:30,PE,24700,24675.75,42.05,58.35,5,325,2025-09-29T13:31:00+05:30,42.8,24712.05,SL,21,-5146.25,-26.8
2025-09-30,30_SEP_25,0,2025-09-30T09:30:00+05:30,CE,24650,24655.65,58.8,67.3,4,260,2025-09-30T10:09:00+05:30,50.3,24644.15,SL,39,-4506.0,-25.39
2025-09-30,30_SEP_25,0,2025-09-30T10:38:00+05:30,CE,24600,24595.6,30.45,48.25,6,390,2025-09-30T10:53:00+05:30,64.9,24623.95,TP,15,6394.5,34.27
2025-09-30,30_SEP_25,0,2025-09-30T11:25:00+05:30,CE,24650,24639.95,37.3,42.3,7,455,2025-09-30T11:35:00+05:30,56.0,24662.55,TP,10,6128.0,32.11
2025-09-30,30_SEP_25,0,2025-09-30T14:11:00+05:30,CE,24600,24607.75,34.4,38.85,7,455,2025-09-30T14:19:00+05:30,24.1,24601.4,SL,8,-6816.75,-38.17
2025-09-30,30_SEP_25,0,2025-09-30T14:23:00+05:30,PE,24650,24626.7,33.2,42.6,7,455,2025-09-30T14:35:00+05:30,23.3,24644.25,SL,12,-8887.0,-45.49
2025-10-01,07_OCT_25,6,2025-10-01T09:52:00+05:30,CE,24650,24662.0,30.1,148.05,2,130,2025-10-01T11:33:00+05:30,193.6,24745.85,TP,101,5848.5,30.69
2025-10-01,07_OCT_25,6,2025-10-01T11:44:00+05:30,PE,24800,24776.0,35.55,101.95,3,195,2025-10-01T14:24:00+05:30,76.05,24821.55,SL,160,-5130.0,-25.49
2025-10-03,07_OCT_25,4,2025-10-03T10:44:00+05:30,CE,24800,24782.85,32.65,86.65,3,195,2025-10-03T12:05:00+05:30,119.2,24840.0,TP,81,6267.75,37.43
2025-10-03,07_OCT_25,4,2025-10-03T12:17:00+05:30,CE,24800,24814.85,30.75,101.5,3,195,2025-10-03T14:41:00+05:30,134.75,24874.0,TP,144,6404.25,32.64
2025-10-06,07_OCT_25,1,2025-10-06T13:50:00+05:30,CE,25050,25042.7,33.4,75.5,4,260,2025-10-06T15:25:00+05:30,78.0,25078.6,EOD,95,564.0,3.18
2025-10-07,07_OCT_25,0,2025-10-07T09:51:00+05:30,PE,25200,25182.55,34.65,47.8,6,390,2025-10-07T11:11:00+05:30,62.85,25146.4,TP,80,5770.5,31.24
2025-10-07,07_OCT_25,0,2025-10-07T11:23:00+05:30,CE,25100,25116.2,31.9,51.9,5,325,2025-10-07T11:35:00+05:30,36.2,25100.55,SL,12,-5195.0,-30.41
2025-10-07,07_OCT_25,0,2025-10-07T13:40:00+05:30,PE,25200,25205.0,31.6,15.8,19,1235,2025-10-07T14:09:00+05:30,11.1,25209.4,SL,29,-5988.0,-30.28
2025-10-07,07_OCT_25,0,2025-10-07T14:28:00+05:30,CE,25150,25161.7,33.85,29.4,10,650,2025-10-07T14:34:00+05:30,18.15,25158.3,SL,6,-7437.5,-38.54
2025-10-08,14_OCT_25,6,2025-10-08T11:01:00+05:30,CE,25050,25074.25,32.75,134.8,2,130,2025-10-08T12:24:00+05:30,99.95,25014.8,SL,83,-4603.5,-25.92
2025-10-08,14_OCT_25,6,2025-10-08T13:18:00+05:30,PE,25100,25110.5,30.4,86.7,3,195,2025-10-08T14:34:00+05:30,114.6,25056.3,TP,76,5361.0,32.05
2025-10-09,14_OCT_25,5,2025-10-09T09:35:00+05:30,CE,25100,25078.1,37.4,99.35,3,195,2025-10-09T11:01:00+05:30,131.45,25126.6,TP,86,6180.0,32.19
2025-10-09,14_OCT_25,5,2025-10-09T11:01:00+05:30,PE,25150,25126.6,35.1,86.35,3,195,2025-10-09T11:37:00+05:30,63.7,25170.5,SL,36,-4496.25,-26.33
2025-10-09,14_OCT_25,5,2025-10-09T14:14:00+05:30,CE,25150,25140.25,30.45,108.9,2,130,2025-10-09T15:25:00+05:30,121.25,25178.3,EOD,71,1532.5,11.24
2025-10-10,14_OCT_25,4,2025-10-10T09:45:00+05:30,PE,25300,25276.75,36.15,75.5,4,260,2025-10-10T11:14:00+05:30,56.0,25309.95,SL,89,-5156.0,-25.94
2025-10-10,14_OCT_25,4,2025-10-10T12:46:00+05:30,PE,25300,25312.95,32.65,53.1,5,325,2025-10-10T15:25:00+05:30,50.25,25288.3,EOD,159,-1018.75,-5.55
2025-10-13,14_OCT_25,1,2025-10-13T09:31:00+05:30,CE,25150,25165.5,37.5,99.0,3,195,2025-10-13T09:46:00+05:30,131.15,25225.7,TP,15,6189.75,32.36
2025-10-13,14_OCT_25,1,2025-10-13T10:30:00+05:30,PE,25200,25214.5,32.2,62.35,4,260,2025-10-13T11:23:00+05:30,84.25,25170.8,TP,53,5608.0,34.94
2025-10-13,14_OCT_25,1,2025-10-13T13:03:00+05:30,CE,25200,25176.5,31.2,62.6,4,260,2025-10-13T14:23:00+05:30,83.2,25231.65,TP,80,5270.0,32.72
2025-10-13,14_OCT_25,1,2025-10-13T14:23:00+05:30,PE,25250,25231.65,30.95,63.75,4,260,2025-10-13T15:25:00+05:30,53.1,25235.3,EOD,62,-2855.0,-16.85
2025-10-14,14_OCT_25,0,2025-10-14T09:39:00+05:30,CE,25250,25248.35,43.0,57.05,5,325,2025-10-14T10:02:00+05:30,34.55,25187.0,SL,23,-7405.0,-39.58
2025-10-14,14_OCT_25,0,2025-10-14T10:26:00+05:30,PE,25200,25202.05,32.35,48.85,6,390,2025-10-14T10:44:00+05:30,34.5,25219.05,SL,18,-5695.5,-29.55
2025-10-14,14_OCT_25,0,2025-10-14T10:51:00+05:30,CE,25200,25207.55,30.0,54.8,5,325,2025-10-14T11:06:00+05:30,38.4,25179.15,SL,15,-5422.5,-30.08
2025-10-14,14_OCT_25,0,2025-10-14T11:19:00+05:30,CE,25150,25140.8,33.2,47.1,6,390,2025-10-14T12:09:00+05:30,31.75,25116.15,SL,50,-6085.5,-32.77
2025-10-14,14_OCT_25,0,2025-10-14T12:28:00+05:30,CE,25100,25092.2,34.15,38.6,7,455,2025-10-14T13:07:00+05:30,28.55,25089.0,SL,39,-4678.25,-26.26
2025-10-14,14_OCT_25,0,2025-10-14T13:46:00+05:30,CE,25100,25102.85,32.4,39.55,7,455,2025-10-14T14:06:00+05:30,53.25,25132.4,TP,20,6128.0,34.34
2025-10-14,14_OCT_25,0,2025-10-14T14:12:00+05:30,CE,25100,25099.75,31.05,33.35,9,585,2025-10-14T14:24:00+05:30,50.5,25149.1,TP,12,9914.25,51.05
2025-10-14,14_OCT_25,0,2025-10-14T14:24:00+05:30,PE,25150,25149.1,42.8,25.05,12,780,2025-10-14T14:28:00+05:30,18.0,25151.2,SL,4,-5637.0,-28.49
2025-10-15,20_OCT_25,5,2025-10-15T09:37:00+05:30,CE,25250,25233.55,31.15,142.15,2,130,2025-10-15T10:53:00+05:30,193.25,25301.85,TP,76,6570.0,35.86
2025-10-15,20_OCT_25,5,2025-10-15T11:07:00+05:30,CE,25300,25290.8,31.4,146.1,2,130,2025-10-15T15:25:00+05:30,160.35,25332.95,EOD,258,1779.5,9.68
2025-10-16,20_OCT_25,4,2025-10-16T14:24:00+05:30,PE,25600,25589.0,30.45,85.25,3,195,2025-10-16T15:25:00+05:30,88.6,25570.35,EOD,61,573.75,3.81
2025-10-17,20_OCT_25,3,2025-10-17T09:30:00+05:30,PE,25600,25604.0,41.2,79.1,3,195,2025-10-17T10:07:00+05:30,58.7,25645.2,SL,37,-4057.5,-25.9
2025-10-21,28_OCT_25,7,2025-10-21T13:51:00+05:30,CE,25900,25879.15,41.05,153.4,2,130,2025-10-21T15:25:00+05:30,115.55,0.0,EOD,94,-4993.5,-24.73
2025-10-23,28_OCT_25,5,2025-10-23T09:30:00+05:30,PE,26050,26066.75,32.8,86.7,3,195,2025-10-23T14:01:00+05:30,116.65,25980.3,TP,271,5760.75,34.41
2025-10-24,28_OCT_25,4,2025-10-24T09:38:00+05:30,PE,25900,25906.25,36.05,74.75,4,260,2025-10-24T10:17:00+05:30,100.4,25860.65,TP,39,6583.0,34.16
2025-10-24,28_OCT_25,4,2025-10-24T10:18:00+05:30,CE,25850,25846.0,33.75,130.45,2,130,2025-10-24T11:06:00+05:30,93.5,25798.45,SL,48,-4876.5,-28.39
2025-10-24,28_OCT_25,4,2025-10-24T11:08:00+05:30,PE,25850,25829.0,30.55,100.1,3,195,2025-10-24T12:11:00+05:30,70.4,25855.25,SL,63,-5871.0,-29.76
2025-10-24,28_OCT_25,4,2025-10-24T13:32:00+05:30,CE,25750,25761.7,34.35,117.6,2,130,2025-10-24T15:25:00+05:30,128.65,25799.2,EOD,113,1363.5,9.31
2025-10-27,28_OCT_25,1,2025-10-27T09:41:00+05:30,PE,25950,25933.1,35.3,63.9,4,260,2025-10-27T11:00:00+05:30,47.45,25979.2,SL,79,-4363.0,-25.88
2025-10-27,28_OCT_25,1,2025-10-27T13:19:00+05:30,CE,25950,25940.0,30.6,91.75,3,195,2025-10-27T14:36:00+05:30,119.6,25982.25,TP,77,5351.25,30.23
2025-10-28,28_OCT_25,0,2025-10-28T09:32:00+05:30,PE,26000,26012.75,42.35,49.35,6,390,2025-10-28T09:53:00+05:30,69.4,25963.85,TP,21,7720.5,40.38
2025-10-28,28_OCT_25,0,2025-10-28T09:53:00+05:30,CE,25950,25963.85,53.35,87.05,3,195,2025-10-28T10:04:00+05:30,64.35,25928.65,SL,11,-4506.0,-26.18
2025-10-28,28_OCT_25,0,2025-10-28T10:54:00+05:30,CE,25850,25858.25,31.45,67.05,4,260,2025-10-28T11:59:00+05:30,48.3,25848.65,SL,65,-4961.0,-28.09
2025-10-28,28_OCT_25,0,2025-10-28T12:36:00+05:30,PE,25900,25895.55,37.15,35.55,8,520,2025-10-28T12:44:00+05:30,24.95,25929.0,SL,8,-5624.0,-30.06
2025-10-28,28_OCT_25,0,2025-10-28T13:05:00+05:30,CE,25900,25911.45,33.95,61.65,4,260,2025-10-28T13:26:00+05:30,83.25,25952.0,TP,21,5530.0,34.85
2025-10-28,28_OCT_25,0,2025-10-28T13:27:00+05:30,PE,25950,25952.55,30.1,27.45,11,715,2025-10-28T13:36:00+05:30,37.55,25933.15,TP,9,7090.0,36.36
2025-10-28,28_OCT_25,0,2025-10-28T13:43:00+05:30,CE,25900,25893.0,37.85,35.0,8,520,2025-10-28T13:46:00+05:30,24.3,25871.8,SL,3,-5676.0,-30.81
2025-10-28,28_OCT_25,0,2025-10-28T14:04:00+05:30,CE,25850,25857.9,36.35,33.5,9,585,2025-10-28T14:14:00+05:30,45.2,25873.7,TP,10,6726.0,34.58
2025-10-28,28_OCT_25,0,2025-10-28T14:26:00+05:30,CE,25800,25816.7,34.9,42.65,7,455,2025-10-28T14:45:00+05:30,57.2,25849.7,TP,19,6514.75,33.84
2025-10-29,04_NOV_25,6,2025-10-29T09:35:00+05:30,CE,26000,25980.8,41.65,181.6,1,65,2025-10-29T10:32:00+05:30,237.2,26057.05,TP,57,3547.5,30.55
2025-10-29,04_NOV_25,6,2025-10-29T10:33:00+05:30,PE,26050,26060.8,30.85,111.3,2,130,2025-10-29T15:25:00+05:30,105.9,26068.2,EOD,292,-775.0,-4.94
2025-10-30,04_NOV_25,5,2025-10-30T09:33:00+05:30,CE,25950,25941.65,37.4,150.1,2,130,2025-10-30T13:32:00+05:30,108.7,25877.0,SL,239,-5455.0,-27.64
2025-10-30,04_NOV_25,5,2025-10-30T14:21:00+05:30,PE,25900,25906.55,31.6,96.65,3,195,2025-10-30T15:25:00+05:30,99.8,25887.65,EOD,64,534.75,3.15
2025-10-31,04_NOV_25,4,2025-10-31T09:34:00+05:30,PE,25950,25947.3,32.4,90.25,3,195,2025-10-31T10:07:00+05:30,118.65,25882.65,TP,33,5458.5,31.34
2025-10-31,04_NOV_25,4,2025-10-31T10:08:00+05:30,CE,25850,25869.5,33.75,145.25,2,130,2025-10-31T10:31:00+05:30,108.05,25811.05,SL,23,-4909.0,-25.67
2025-10-31,04_NOV_25,4,2025-10-31T10:45:00+05:30,PE,25800,25823.65,30.1,79.85,3,195,2025-10-31T11:01:00+05:30,104.6,25777.9,TP,16,4746.75,30.85
2025-10-31,04_NOV_25,4,2025-10-31T12:14:00+05:30,CE,25800,25798.15,31.15,118.9,2,130,2025-10-31T15:25:00+05:30,106.2,25724.0,EOD,191,-1724.0,-10.76
2025-11-03,04_NOV_25,1,2025-11-03T09:32:00+05:30,CE,25650,25646.45,32.2,109.85,2,130,2025-11-03T09:39:00+05:30,152.25,25709.7,TP,7,5439.0,38.49
2025-11-03,04_NOV_25,1,2025-11-03T09:39:00+05:30,PE,25700,25709.7,42.75,66.05,4,260,2025-11-03T10:37:00+05:30,47.55,25749.55,SL,58,-4896.0,-28.14
2025-11-03,04_NOV_25,1,2025-11-03T14:16:00+05:30,PE,25800,25788.0,31.6,73.8,4,260,2025-11-03T15:25:00+05:30,79.05,25767.7,EOD,69,1279.0,6.97
2025-11-04,04_NOV_25,0,2025-11-04T09:30:00+05:30,CE,25700,25708.1,42.0,58.45,5,325,2025-11-04T10:15:00+05:30,38.55,25677.55,SL,45,-6560.0,-34.19
2025-11-04,04_NOV_25,0,2025-11-04T14:12:00+05:30,CE,25600,25610.8,35.85,36.25,8,520,2025-11-04T14:44:00+05:30,25.05,25609.9,SL,32,-5936.0,-31.13
2025-11-06,11_NOV_25,5,2025-11-06T10:07:00+05:30,CE,25600,25600.55,33.2,140.4,2,130,2025-11-06T10:33:00+05:30,104.65,25533.1,SL,26,-4720.5,-25.53
2025-11-06,11_NOV_25,5,2025-11-06T12:49:00+05:30,PE,25600,25598.0,37.7,103.15,2,130,2025-11-06T13:53:00+05:30,143.3,25523.75,TP,64,5146.5,38.81
2025-11-07,11_NOV_25,4,2025-11-07T09:34:00+05:30,CE,25300,25320.2,37.55,130.4,2,130,2025-11-07T11:12:00+05:30,170.65,25401.5,TP,98,5159.5,30.78
2025-11-07,11_NOV_25,4,2025-11-07T11:12:00+05:30,PE,25400,25401.5,44.8,79.4,3,195,2025-11-07T11:32:00+05:30,58.8,25464.65,SL,20,-4096.5,-26.05
2025-11-07,11_NOV_25,4,2025-11-07T13:26:00+05:30,PE,25550,25526.15,38.45,87.55,3,195,2025-11-07T14:01:00+05:30,121.05,25477.0,TP,35,6453.0,38.13
2025-11-07,11_NOV_25,4,2025-11-07T14:01:00+05:30,CE,25500,25477.0,33.8,87.7,3,195,2025-11-07T14:27:00+05:30,119.7,25533.35,TP,26,6160.5,36.35
2025-11-07,11_NOV_25,4,2025-11-07T14:27:00+05:30,PE,25550,25533.35,42.95,85.85,3,195,2025-11-07T14:58:00+05:30,111.75,25488.25,TP,31,4971.0,30.03
2025-11-10,11_NOV_25,1,2025-11-10T09:30:00+05:30,PE,25550,25551.55,35.65,66.05,4,260,2025-11-10T09:51:00+05:30,48.75,25591.85,SL,21,-4584.0,-26.32
2025-11-10,11_NOV_25,1,2025-11-10T13:45:00+05:30,CE,25600,25595.35,40.15,69.8,4,260,2025-11-10T14:23:00+05:30,90.8,25641.8,TP,38,5374.0,29.92
2025-11-11,11_NOV_25,0,2025-11-11T09:36:00+05:30,CE,25500,25494.15,30.65,51.95,5,325,2025-11-11T09:41:00+05:30,70.25,25521.95,TP,5,5855.0,35.0
2025-11-11,11_NOV_25,0,2025-11-11T10:14:00+05:30,CE,25500,25501.95,35.35,50.3,6,390,2025-11-11T10:33:00+05:30,33.35,25471.15,SL,19,-6709.5,-33.86
2025-11-11,11_NOV_25,0,2025-11-11T11:53:00+05:30,PE,25550,25530.9,30.25,42.6,7,455,2025-11-11T12:20:00+05:30,31.85,25555.45,SL,27,-4996.75,-25.44
2025-11-11,11_NOV_25,0,2025-11-11T13:48:00+05:30,PE,25650,25661.65,35.2,20.8,14,910,2025-11-11T13:58:00+05:30,29.15,25634.35,TP,10,7447.5,39.57
2025-11-11,11_NOV_25,0,2025-11-11T13:58:00+05:30,CE,25650,25634.35,36.35,24.0,12,780,2025-11-11T14:03:00+05:30,16.7,25639.2,SL,5,-5832.0,-30.77
2025-11-11,11_NOV_25,0,2025-11-11T14:19:00+05:30,PE,25700,25679.5,32.3,35.05,8,520,2025-11-11T14:26:00+05:30,24.9,25692.6,SL,7,-5390.0,-29.2
2025-11-12,18_NOV_25,6,2025-11-12T09:30:00+05:30,CE,25800,25790.25,38.0,184.05,1,65,2025-11-12T12:35:00+05:30,241.2,25909.65,TP,185,3648.25,30.99
2025-11-13,18_NOV_25,5,2025-11-13T09:35:00+05:30,CE,25850,25842.35,33.3,141.55,2,130,2025-11-13T10:15:00+05:30,185.15,25903.95,TP,40,5595.0,30.72
2025-11-13,18_NOV_25,5,2025-11-13T13:02:00+05:30,PE,26000,25988.4,30.8,114.55,2,130,2025-11-13T14:00:00+05:30,154.9,25912.2,TP,58,5172.5,35.12
2025-11-13,18_NOV_25,5,2025-11-13T14:00:00+05:30,CE,25900,25912.2,63.2,151.2,2,130,2025-11-13T15:25:00+05:30,143.1,25882.65,EOD,85,-1126.0,-5.42
2025-11-14,18_NOV_25,4,2025-11-14T09:30:00+05:30,PE,25850,25827.6,31.1,112.35,2,130,2025-11-14T10:01:00+05:30,147.7,25791.6,TP,31,4522.5,31.36
2025-11-14,18_NOV_25,4,2025-11-14T10:02:00+05:30,CE,25750,25772.3,38.7,159.1,1,65,2025-11-14T10:54:00+05:30,210.65,25837.4,TP,52,3284.25,32.33
2025-11-14,18_NOV_25,4,2025-11-14T10:54:00+05:30,PE,25850,25837.4,51.8,102.0,3,195,2025-11-14T13:44:00+05:30,146.2,25762.45,TP,170,8539.5,43.21
2025-11-17,18_NOV_25,1,2025-11-17T10:28:00+05:30,CE,25950,25936.9,30.95,85.8,3,195,2025-11-17T14:04:00+05:30,120.95,26018.25,TP,216,6774.75,40.83
2025-11-18,18_NOV_25,0,2025-11-18T09:50:00+05:30,CE,25900,25918.1,35.8,62.35,4,260,2025-11-18T10:32:00+05:30,43.8,25887.4,SL,42,-4909.0,-29.89
2025-11-19,25_NOV_25,6,2025-11-19T09:55:00+05:30,PE,25900,25917.95,30.75,120.95,2,130,2025-11-19T12:01:00+05:30,86.8,25993.3,SL,126,-4512.5,-28.31
2025-11-20,25_NOV_25,5,2025-11-20T14:29:00+05:30,CE,26200,26200.55,35.85,141.35,2,130,2025-11-20T15:25:00+05:30,135.5,26198.95,EOD,56,-833.5,-4.21
2025-11-21,25_NOV_25,4,2025-11-21T09:36:00+05:30,CE,26150,26143.25,30.45,117.2,2,130,2025-11-21T10:14:00+05:30,87.9,26087.4,SL,38,-3882.0,-25.07
2025-11-24,25_NOV_25,1,2025-11-24T09:35:00+05:30,CE,26100,26082.0,33.05,84.9,3,195,2025-11-24T10:37:00+05:30,114.7,26140.25,TP,62,5731.5,34.96
2025-11-24,25_NOV_25,1,2025-11-24T14:23:00+05:30,CE,26050,26026.45,30.65,64.75,4,260,2025-11-24T15:05:00+05:30,48.4,25965.1,SL,42,-4337.0,-25.39
2025-11-25,25_NOV_25,0,2025-11-25T09:55:00+05:30,PE,26000,25987.85,32.55,54.85,5,325,2025-11-25T10:11:00+05:30,39.85,26018.9,SL,16,-4967.5,-27.5
2025-11-25,25_NOV_25,0,2025-11-25T10:56:00+05:30,CE,25950,25953.25,33.45,46.1,6,390,2025-11-25T11:03:00+05:30,34.55,25932.65,SL,7,-4603.5,-25.24
2025-11-25,25_NOV_25,0,2025-11-25T14:30:00+05:30,CE,25950,25956.9,34.05,23.35,13,845,2025-11-25T14:37:00+05:30,15.9,25955.15,SL,7,-6439.75,-32.26
2025-11-26,02_DEC_25,6,2025-11-26T09:34:00+05:30,PE,26000,26011.45,31.55,105.45,2,130,2025-11-26T10:01:00+05:30,78.55,26090.45,SL,27,-3570.0,-25.59
2025-11-26,02_DEC_25,6,2025-11-26T10:47:00+05:30,PE,26100,26122.15,34.65,101.1,3,195,2025-11-26T15:25:00+05:30,82.65,26205.7,EOD,278,-3677.25,-18.34
2025-11-27,02_DEC_25,5,2025-11-27T09:39:00+05:30,CE,26250,26249.55,30.4,136.7,2,130,2025-11-27T13:11:00+05:30,97.1,26197.95,SL,212,-5221.0,-29.03
2025-11-27,02_DEC_25,5,2025-11-27T13:23:00+05:30,CE,26150,26158.95,30.6,129.55,2,130,2025-11-27T14:28:00+05:30,170.3,26215.65,TP,65,5224.5,31.37
2025-11-28,02_DEC_25,4,2025-11-28T09:37:00+05:30,CE,26200,26219.4,32.95,125.95,2,130,2025-11-28T15:25:00+05:30,112.8,26208.4,EOD,348,-1782.5,-10.52
2025-12-01,02_DEC_25,1,2025-12-01T11:42:00+05:30,CE,26250,26228.4,31.8,62.2,4,260,2025-12-01T12:09:00+05:30,43.35,26174.75,SL,27,-4987.0,-30.44
2025-12-01,02_DEC_25,1,2025-12-01T12:33:00+05:30,CE,26150,26158.1,30.45,83.2,3,195,2025-12-01T14:04:00+05:30,109.7,26221.15,TP,91,5088.0,31.71
2025-12-01,02_DEC_25,1,2025-12-01T14:04:00+05:30,PE,26200,26221.15,38.15,54.9,5,325,2025-12-01T14:44:00+05:30,75.4,26172.5,TP,40,6570.0,37.12
2025-12-02,02_DEC_25,0,2025-12-02T09:31:00+05:30,CE,26100,26118.15,30.25,64.3,4,260,2025-12-02T09:42:00+05:30,48.15,26088.75,SL,11,-4285.0,-25.25
2025-12-03,09_DEC_25,6,2025-12-03T09:30:00+05:30,CE,25950,25966.4,43.3,167.8,1,65,2025-12-03T13:47:00+05:30,125.1,25919.8,SL,257,-2842.0,-25.5
2025-12-03,09_DEC_25,6,2025-12-03T14:06:00+05:30,PE,25950,25939.1,30.5,115.2,2,130,2025-12-03T15:10:00+05:30,85.85,25997.8,SL,64,-3888.5,-25.55
2025-12-04,09_DEC_25,5,2025-12-04T09:35:00+05:30,PE,26000,26016.75,33.25,93.8,3,195,2025-12-04T10:28:00+05:30,70.0,26065.4,SL,53,-4720.5,-25.47
2025-12-04,09_DEC_25,5,2025-12-04T12:45:00+05:30,CE,26000,25992.1,32.9,112.1,2,130,2025-12-04T15:00:00+05:30,149.9,26048.45,TP,135,4841.0,33.62
2025-12-05,09_DEC_25,4,2025-12-05T09:57:00+05:30,CE,26000,26020.9,30.5,125.7,2,130,2025-12-05T10:04:00+05:30,173.95,26085.15,TP,7,6199.5,38.29
2025-12-05,09_DEC_25,4,2025-12-05T10:04:00+05:30,PE,26100,26085.15,76.35,78.15,3,195,2025-12-05T10:30:00+05:30,110.3,26025.95,TP,26,6189.75,40.98
2025-12-05,09_DEC_25,4,2025-12-05T10:30:00+05:30,CE,26050,26025.95,64.0,97.25,3,195,2025-12-05T10:44:00+05:30,128.45,26096.25,TP,14,6004.5,31.96
2025-12-05,09_DEC_25,4,2025-12-05T10:44:00+05:30,PE,26100,26096.25,33.95,79.15,3,195,2025-12-05T11:11:00+05:30,59.25,26143.5,SL,27,-3960.0,-25.25
2025-12-08,09_DEC_25,1,2025-12-08T09:50:00+05:30,CE,26100,26090.45,31.7,80.75,3,195,2025-12-08T11:42:00+05:30,59.0,26050.2,SL,112,-4320.75,-27.04
2025-12-08,09_DEC_25,1,2025-12-08T13:20:00+05:30,CE,26000,25989.95,37.15,79.25,3,195,2025-12-08T13:31:00+05:30,57.65,25938.85,SL,11,-4291.5,-27.36
2025-12-08,09_DEC_25,1,2025-12-08T14:17:00+05:30,CE,25900,25897.6,34.85,85.1,3,195,2025-12-08T14:49:00+05:30,112.4,25944.7,TP,32,5244.0,31.94
2025-12-09,09_DEC_25,0,2025-12-09T09:30:00+05:30,CE,25800,25776.35,46.35,49.25,6,390,2025-12-09T09:53:00+05:30,35.85,25736.2,SL,23,-5325.0,-27.38
2025-12-09,09_DEC_25,0,2025-12-09T10:08:00+05:30,PE,25800,25787.4,35.8,55.05,5,325,2025-12-09T10:18:00+05:30,30.8,25830.45,SL,10,-7973.75,-44.19
2025-12-09,09_DEC_25,0,2025-12-09T10:33:00+05:30,CE,25800,25803.65,32.55,55.5,5,325,2025-12-09T11:06:00+05:30,74.3,25836.9,TP,33,6017.5,33.66
2025-12-09,09_DEC_25,0,2025-12-09T11:44:00+05:30,CE,25800,25823.2,43.9,55.0,5,325,2025-12-09T11:56:00+05:30,77.7,25850.7,TP,12,7285.0,41.05
2025-12-09,09_DEC_25,0,2025-12-09T12:24:00+05:30,PE,25900,25921.55,33.4,24.45,12,780,2025-12-09T12:27:00+05:30,32.8,25904.75,TP,3,6375.0,33.67
2025-12-09,09_DEC_25,0,2025-12-09T14:16:00+05:30,CE,25850,25862.15,31.3,36.1,8,520,2025-12-09T14:20:00+05:30,21.9,25841.55,SL,4,-7496.0,-39.56
2025-12-10,16_DEC_25,6,2025-12-10T09:30:00+05:30,PE,25900,25898.7,44.5,117.9,2,130,2025-12-10T11:00:00+05:30,154.6,25824.25,TP,90,4698.0,31.03
2025-12-10,16_DEC_25,6,2025-12-10T11:00:00+05:30,CE,25800,25824.25,37.4,159.5,1,65,2025-12-10T14:25:00+05:30,119.0,25743.9,SL,205,-2699.0,-25.45
2025-12-11,16_DEC_25,5,2025-12-11T09:36:00+05:30,CE,25750,25761.6,30.55,148.7,2,130,2025-12-11T10:32:00+05:30,195.0,25834.85,TP,56,5946.0,31.06
2025-12-11,16_DEC_25,5,2025-12-11T10:58:00+05:30,CE,25800,25796.4,30.45,135.35,2,130,2025-12-11T12:03:00+05:30,180.4,25868.05,TP,65,5783.5,33.2
2025-12-11,16_DEC_25,5,2025-12-11T12:04:00+05:30,PE,25900,25881.7,34.8,98.35,3,195,2025-12-11T15:25:00+05:30,86.7,25898.5,EOD,201,-2351.25,-11.94
2025-12-12,16_DEC_25,4,2025-12-12T09:30:00+05:30,PE,26000,26019.2,38.85,73.45,4,260,2025-12-12T10:23:00+05:30,96.3,25971.65,TP,53,5855.0,30.95
2025-12-12,16_DEC_25,4,2025-12-12T10:23:00+05:30,CE,25950,25971.65,32.85,115.25,2,130,2025-12-12T12:00:00+05:30,150.7,26035.4,TP,97,4535.5,30.66
2025-12-15,16_DEC_25,1,2025-12-15T09:49:00+05:30,PE,25950,25937.7,31.3,77.8,3,195,2025-12-15T10:29:00+05:30,57.7,25976.05,SL,40,-3999.0,-25.95
2025-12-15,16_DEC_25,1,2025-12-15T11:51:00+05:30,PE,26000,26008.0,31.65,59.75,5,325,2025-12-15T14:43:00+05:30,41.5,26028.05,SL,172,-6023.75,-30.69
2025-12-16,16_DEC_25,0,2025-12-16T09:59:00+05:30,CE,25900,25906.1,35.9,46.8,6,390,2025-12-16T11:32:00+05:30,34.85,25898.3,SL,93,-4759.5,-25.72
2025-12-16,16_DEC_25,0,2025-12-16T14:22:00+05:30,CE,25850,25850.75,30.8,22.95,13,845,2025-12-16T14:43:00+05:30,33.3,25870.3,TP,21,8601.25,44.57
2025-12-17,23_DEC_25,6,2025-12-17T09:44:00+05:30,CE,25900,25880.2,37.15,130.05,2,130,2025-12-17T10:55:00+05:30,95.0,25807.6,SL,71,-4629.5,-27.02
2025-12-17,23_DEC_25,6,2025-12-17T14:18:00+05:30,PE,25800,25824.25,31.45,90.8,3,195,2025-12-17T15:25:00+05:30,85.35,25828.45,EOD,67,-1142.25,-6.11
2025-12-18,23_DEC_25,5,2025-12-18T09:46:00+05:30,CE,25750,25731.2,34.4,115.4,2,130,2025-12-18T10:13:00+05:30,152.15,25796.4,TP,27,4704.5,31.75
2025-12-18,23_DEC_25,5,2025-12-18T10:19:00+05:30,PE,25800,25823.4,34.8,78.1,3,195,2025-12-18T11:56:00+05:30,58.0,25875.65,SL,97,-3999.0,-25.85
2025-12-18,23_DEC_25,5,2025-12-18T14:24:00+05:30,CE,25800,25781.3,30.15,108.85,2,130,2025-12-18T15:25:00+05:30,120.1,25817.65,EOD,61,1389.5,10.24
2025-12-19,23_DEC_25,4,2025-12-19T09:30:00+05:30,PE,25950,25967.1,30.7,78.4,3,195,2025-12-19T15:25:00+05:30,63.9,25970.8,EOD,355,-2907.0,-18.61
2025-12-23,23_DEC_25,0,2025-12-23T09:58:00+05:30,PE,26150,26174.55,30.2,28.0,10,650,2025-12-23T10:11:00+05:30,19.75,26193.75,SL,13,-5487.5,-29.77
2025-12-23,23_DEC_25,0,2025-12-23T14:18:00+05:30,PE,26250,26231.6,33.85,34.9,8,520,2025-12-23T14:33:00+05:30,50.0,26201.2,TP,15,7740.0,42.92
2025-12-29,30_DEC_25,1,2025-12-29T14:25:00+05:30,PE,25950,25964.1,35.5,40.25,7,455,2025-12-29T14:46:00+05:30,54.1,25931.7,TP,21,6196.25,34.12
2025-12-30,30_DEC_25,0,2025-12-30T09:36:00+05:30,PE,25900,25913.8,30.3,33.04,9,585,2025-12-30T09:43:00+05:30,23.45,25936.85,SL,7,-5728.65,-29.28
2025-12-30,30_DEC_25,0,2025-12-30T09:49:00+05:30,CE,25900,25908.25,31.5,42.45,7,455,2025-12-30T09:51:00+05:30,58.0,25926.25,TP,2,6969.75,36.35
2025-12-30,30_DEC_25,0,2025-12-30T09:55:00+05:30,PE,25950,25948.05,38.65,38.04,8,520,2025-12-30T10:24:00+05:30,25.85,25968.7,SL,29,-6450.8,-32.27
2025-12-31,06_JAN_26,6,2025-12-31T09:30:00+05:30,PE,26000,26012.45,32.6,78.25,3,195,2025-12-31T11:17:00+05:30,58.05,26059.5,SL,107,-4018.5,-25.93
2026-01-01,06_JAN_26,5,2026-01-01T09:30:00+05:30,PE,26200,26187.9,35.8,88.3,3,195,2026-01-01T10:21:00+05:30,117.2,26119.8,TP,51,5556.0,32.6
2026-01-01,06_JAN_26,5,2026-01-01T13:23:00+05:30,CE,26150,26135.15,30.3,84.7,3,195,2026-01-01T15:25:00+05:30,88.9,26132.4,EOD,122,739.5,4.84
2026-01-02,06_JAN_26,4,2026-01-02T09:42:00+05:30,PE,26250,26236.3,33.6,70.65,4,260,2026-01-02T11:28:00+05:30,52.85,26273.45,SL,106,-4714.0,-25.32
2026-01-05,06_JAN_26,1,2026-01-05T09:31:00+05:30,CE,26300,26287.5,30.75,54.9,5,325,2026-01-05T09:56:00+05:30,73.15,26322.8,TP,25,5838.75,33.03
2026-01-05,06_JAN_26,1,2026-01-05T09:56:00+05:30,PE,26300,26322.8,32.05,47.55,6,390,2026-01-05T10:18:00+05:30,33.15,26358.15,SL,22,-5715.0,-30.46
2026-01-05,06_JAN_26,1,2026-01-05T14:03:00+05:30,CE,26200,26222.95,35.7,60.45,5,325,2026-01-05T14:51:00+05:30,79.59,26277.2,TP,48,6128.0,31.47
2026-01-06,06_JAN_26,0,2026-01-06T09:33:00+05:30,PE,26200,26212.1,39.4,32.6,9,585,2026-01-06T09:55:00+05:30,21.45,26241.3,SL,22,-6641.25,-34.46
2026-01-06,06_JAN_26,0,2026-01-06T11:16:00+05:30,CE,26150,26167.7,37.5,41.25,7,455,2026-01-06T11:47:00+05:30,55.15,26195.3,TP,31,6219.0,33.41
2026-01-07,13_JAN_26,6,2026-01-07T09:43:00+05:30,CE,26100,26113.9,34.6,125.55,2,130,2026-01-07T10:14:00+05:30,163.6,26167.25,TP,31,4873.5,30.21
2026-01-08,13_JAN_26,5,2026-01-08T09:37:00+05:30,PE,26100,26082.8,30.35,91.8,3,195,2026-01-08T10:52:00+05:30,121.3,26017.9,TP,75,5673.0,32.01
2026-01-08,13_JAN_26,5,2026-01-08T11:21:00+05:30,CE,25950,25974.55,31.05,129.85,2,130,2026-01-08T13:30:00+05:30,95.85,25888.7,SL,129,-4493.0,-26.25
2026-01-09,13_JAN_26,4,2026-01-09T09:33:00+05:30,CE,25800,25821.55,36.9,130.35,2,130,2026-01-09T09:44:00+05:30,173.4,25876.7,TP,11,5523.5,32.94
2026-01-09,13_JAN_26,4,2026-01-09T09:44:00+05:30,PE,25900,25876.7,55.6,80.5,3,195,2026-01-09T10:57:00+05:30,117.45,25812.6,TP,73,7125.75,45.75
2026-01-09,13_JAN_26,4,2026-01-09T11:35:00+05:30,CE,25800,25775.9,40.65,92.8,3,195,2026-01-09T12:29:00+05:30,66.9,25716.75,SL,54,-5130.0,-28.0
2026-01-09,13_JAN_26,4,2026-01-09T12:37:00+05:30,CE,25700,25684.0,42.0,103.75,2,130,2026-01-09T14:41:00+05:30,73.05,25632.5,SL,124,-4064.0,-29.67
2026-01-12,13_JAN_26,1,2026-01-12T12:21:00+05:30,PE,25650,25660.65,77.25,60.1,5,325,2026-01-12T12:42:00+05:30,43.45,25732.2,SL,21,-5503.75,-27.85
2026-01-12,13_JAN_26,1,2026-01-12T13:02:00+05:30,CE,25700,25676.55,42.65,78.84,3,195,2026-01-12T13:15:00+05:30,105.25,25725.15,TP,13,5070.45,33.35
2026-01-12,13_JAN_26,1,2026-01-12T13:32:00+05:30,PE,25750,25731.4,42.35,81.34,3,195,2026-01-12T14:24:00+05:30,57.15,25763.55,SL,52,-4796.55,-29.84
2026-01-13,13_JAN_26,0,2026-01-13T09:30:00+05:30,CE,25750,25766.85,55.5,74.09,4,260,2026-01-13T09:41:00+05:30,53.15,25720.1,SL,11,-5530.4,-28.38
2026-01-13,13_JAN_26,0,2026-01-13T09:45:00+05:30,PE,25750,25766.4,52.55,52.5,5,325,2026-01-13T09:55:00+05:30,70.34,25731.0,TP,10,5705.5,33.76
2026-01-13,13_JAN_26,0,2026-01-13T09:55:00+05:30,CE,25750,25731.0,34.05,51.9,5,325,2026-01-13T10:09:00+05:30,67.7,25760.65,TP,14,5042.5,30.22
2026-01-13,13_JAN_26,0,2026-01-13T10:17:00+05:30,CE,25750,25733.15,31.85,46.9,6,390,2026-01-13T10:21:00+05:30,67.4,25772.2,TP,4,7896.0,43.45
2026-01-13,13_JAN_26,0,2026-01-13T10:21:00+05:30,PE,25750,25772.2,39.6,42.35,7,455,2026-01-13T10:28:00+05:30,27.5,25799.8,SL,7,-6862.25,-35.26
2026-01-13,13_JAN_26,0,2026-01-13T10:35:00+05:30,CE,25800,25783.95,40.05,41.85,7,455,2026-01-13T10:43:00+05:30,30.4,25753.4,SL,8,-5315.25,-27.57
2026-01-13,13_JAN_26,0,2026-01-13T10:50:00+05:30,PE,25800,25794.3,33.85,48.85,6,390,2026-01-13T10:55:00+05:30,64.25,25765.7,TP,5,5907.0,31.29
2026-01-13,13_JAN_26,0,2026-01-13T10:55:00+05:30,CE,25750,25765.7,30.4,59.4,5,325,2026-01-13T11:28:00+05:30,78.84,25796.6,TP,33,6225.5,32.53
2026-01-13,13_JAN_26,0,2026-01-13T12:00:00+05:30,CE,25750,25747.9,31.05,39.54,7,455,2026-01-13T12:11:00+05:30,29.5,25731.95,SL,11,-4673.7,-25.61
2026-01-13,13_JAN_26,0,2026-01-13T12:50:00+05:30,CE,25650,25667.3,35.6,46.85,6,390,2026-01-13T13:01:00+05:30,31.75,25634.4,SL,11,-5988.0,-32.41
2026-01-13,13_JAN_26,0,2026-01-13T13:10:00+05:30,PE,25650,25669.25,33.3,28.8,10,650,2026-01-13T13:34:00+05:30,19.89,25671.35,SL,24,-5916.5,-31.23
2026-01-14,20_JAN_26,6,2026-01-14T09:45:00+05:30,CE,25700,25691.85,42.5,137.4,2,130,2026-01-14T09:55:00+05:30,186.35,25759.55,TP,10,6290.5,35.54
2026-01-14,20_JAN_26,6,2026-01-14T09:55:00+05:30,PE,25750,25759.55,58.6,115.4,2,130,2026-01-14T10:18:00+05:30,152.6,25678.3,TP,23,4763.0,32.14
2026-01-14,20_JAN_26,6,2026-01-14T10:41:00+05:30,PE,25700,25708.55,36.55,112.65,2,130,2026-01-14T11:49:00+05:30,81.2,25784.75,SL,68,-4161.5,-27.99
2026-01-14,20_JAN_26,6,2026-01-14T12:19:00+05:30,PE,25750,25766.3,30.75,106.45,2,130,2026-01-14T13:36:00+05:30,141.69,25695.75,TP,77,4508.2,33.0
2026-01-14,20_JAN_26,6,2026-01-14T13:39:00+05:30,CE,25650,25671.2,37.0,141.35,2,130,2026-01-14T15:25:00+05:30,147.3,25670.6,EOD,106,700.5,4.14
2026-01-16,20_JAN_26,4,2026-01-16T09:32:00+05:30,CE,25700,25692.25,34.65,121.85,2,130,2026-01-16T10:03:00+05:30,159.1,25759.75,TP,31,4769.5,30.48
2026-01-16,20_JAN_26,4,2026-01-16T10:15:00+05:30,PE,25800,25809.7,41.25,86.0,3,195,2026-01-16T12:28:00+05:30,114.4,25756.25,TP,133,5458.5,32.89
2026-01-16,20_JAN_26,4,2026-01-16T12:28:00+05:30,CE,25750,25756.25,59.45,119.55,2,130,2026-01-16T13:25:00+05:30,81.75,25673.1,SL,57,-4987.0,-31.69
2026-01-16,20_JAN_26,4,2026-01-16T13:31:00+05:30,PE,25700,25714.7,41.2,86.8,3,195,2026-01-16T15:25:00+05:30,91.95,25698.0,EOD,114,924.75,5.81
2026-01-19,20_JAN_26,1,2026-01-19T09:34:00+05:30,PE,25600,25588.0,47.8,93.0,3,195,2026-01-19T10:00:00+05:30,131.0,25520.6,TP,26,7330.5,40.73
2026-01-19,20_JAN_26,1,2026-01-19T10:00:00+05:30,CE,25500,25520.6,37.6,95.7,3,195,2026-01-19T13:51:00+05:30,132.94,25594.1,TP,231,7182.3,38.79
2026-01-19,20_JAN_26,1,2026-01-19T13:51:00+05:30,PE,25600,25594.1,47.65,69.2,4,260,2026-01-19T15:20:00+05:30,95.45,25561.25,TP,89,6739.0,37.76
2026-01-20,20_JAN_26,0,2026-01-20T09:37:00+05:30,CE,25450,25462.5,37.25,67.65,4,260,2026-01-20T10:57:00+05:30,50.15,25459.65,SL,80,-4636.0,-26.0
2026-01-20,20_JAN_26,0,2026-01-20T13:36:00+05:30,CE,25400,25378.05,36.55,25.55,12,780,2026-01-20T14:03:00+05:30,13.4,25353.4,SL,27,-9615.0,-47.85
2026-01-21,27_JAN_26,6,2026-01-21T09:32:00+05:30,PE,25250,25238.6,38.65,132.4,2,130,2026-01-21T10:00:00+05:30,173.1,25151.55,TP,28,5218.0,30.65
2026-01-21,27_JAN_26,6,2026-01-21T10:00:00+05:30,CE,25150,25151.55,50.95,179.1,1,65,2026-01-21T10:42:00+05:30,122.3,25034.25,SL,42,-3758.5,-31.76
2026-01-21,27_JAN_26,6,2026-01-21T10:59:00+05:30,PE,25000,24993.6,74.7,160.25,1,65,2026-01-21T11:13:00+05:30,117.65,25064.5,SL,14,-2835.5,-26.64
2026-01-21,27_JAN_26,6,2026-01-21T11:32:00+05:30,PE,25050,25061.2,32.05,140.0,2,130,2026-01-21T12:14:00+05:30,104.75,25136.15,SL,42,-4655.5,-25.24
2026-01-21,27_JAN_26,6,2026-01-21T12:19:00+05:30,PE,25150,25157.45,33.95,130.3,2,130,2026-01-21T15:25:00+05:30,146.0,25150.7,EOD,186,1968.0,11.97
2026-01-22,27_JAN_26,5,2026-01-22T09:30:00+05:30,PE,25400,25400.35,66.3,123.45,2,130,2026-01-22T10:27:00+05:30,162.2,25315.3,TP,57,4964.5,31.3
2026-01-22,27_JAN_26,5,2026-01-22T10:27:00+05:30,CE,25300,25315.3,33.9,161.25,1,65,2026-01-22T10:59:00+05:30,112.7,25221.7,SL,32,-3222.25,-30.16
2026-01-22,27_JAN_26,5,2026-01-22T11:07:00+05:30,CE,25200,25210.05,32.55,164.65,1,65,2026-01-22T14:47:00+05:30,216.2,25306.1,TP,220,3284.25,31.24
2026-01-23,27_JAN_26,4,2026-01-23T09:35:00+05:30,CE,25300,25299.45,34.3,131.65,2,130,2026-01-23T11:19:00+05:30,97.85,25265.25,SL,104,-4467.0,-25.74
2026-01-23,27_JAN_26,4,2026-01-23T11:40:00+05:30,CE,25200,25221.8,31.9,134.55,2,130,2026-01-23T13:17:00+05:30,96.3,25157.75,SL,97,-5045.5,-28.49
2026-01-23,27_JAN_26,4,2026-01-23T13:30:00+05:30,CE,25100,25095.3,43.25,121.3,2,130,2026-01-23T15:25:00+05:30,102.35,25049.65,EOD,115,-2536.5,-15.7
2026-01-27,27_JAN_26,0,2026-01-27T09:33:00+05:30,PE,25000,24989.85,45.45,89.9,3,195,2026-01-27T09:38:00+05:30,49.3,25082.75,SL,5,-7996.5,-45.25
2026-01-27,27_JAN_26,0,2026-01-27T09:43:00+05:30,PE,25150,25141.5,69.85,79.9,3,195,2026-01-27T10:08:00+05:30,107.4,25085.0,TP,25,5283.0,34.27
2026-01-27,27_JAN_26,0,2026-01-27T10:08:00+05:30,CE,25100,25085.0,54.5,82.35,3,195,2026-01-27T10:14:00+05:30,109.2,25128.45,TP,6,5156.25,32.46
2026-01-27,27_JAN_26,0,2026-01-27T10:14:00+05:30,PE,25150,25128.45,39.7,79.35,3,195,2026-01-27T10:19:00+05:30,57.35,25176.6,SL,5,-4369.5,-27.83
2026-01-27,27_JAN_26,0,2026-01-27T10:29:00+05:30,CE,25100,25117.7,46.35,95.1,3,195,2026-01-27T10:41:00+05:30,59.9,25055.75,SL,12,-6943.5,-37.1
2026-01-27,27_JAN_26,0,2026-01-27T10:51:00+05:30,CE,25000,25007.2,34.15,84.6,3,195,2026-01-27T11:26:00+05:30,110.6,25056.1,TP,35,4990.5,30.6
2026-01-27,27_JAN_26,0,2026-01-27T11:30:00+05:30,PE,25100,25078.55,41.9,73.25,4,260,2026-01-27T11:41:00+05:30,53.45,25112.6,SL,11,-5234.0,-27.15
2026-01-27,27_JAN_26,0,2026-01-27T11:48:00+05:30,CE,25100,25114.7,44.9,87.3,3,195,2026-01-27T12:33:00+05:30,64.45,25093.9,SL,45,-4535.25,-26.27
2026-01-27,27_JAN_26,0,2026-01-27T12:53:00+05:30,PE,25100,25093.75,35.25,54.05,5,325,2026-01-27T13:29:00+05:30,36.25,25120.9,SL,36,-5877.5,-33.09
2026-01-27,27_JAN_26,0,2026-01-27T13:36:00+05:30,CE,25100,25083.45,40.45,46.7,6,390,2026-01-27T13:38:00+05:30,32.6,25053.55,SL,2,-5598.0,-30.37
2026-01-27,27_JAN_26,0,2026-01-27T14:04:00+05:30,CE,25000,25016.55,32.8,59.9,5,325,2026-01-27T14:38:00+05:30,99.35,25071.0,TP,34,12728.75,65.64
2026-01-28,03_FEB_26,6,2026-01-28T13:54:00+05:30,PE,25200,25218.85,30.05,192.8,1,65,2026-01-28T14:56:00+05:30,144.25,25320.4,SL,62,-3222.25,-25.23
2026-01-29,03_FEB_26,5,2026-01-29T10:14:00+05:30,PE,25200,25211.65,31.55,194.0,1,65,2026-01-29T11:22:00+05:30,144.95,25289.6,SL,68,-3254.75,-25.33
2026-01-29,03_FEB_26,5,2026-01-29T12:31:00+05:30,PE,25300,25301.95,31.05,177.0,1,65,2026-01-29T13:44:00+05:30,130.0,25402.5,SL,73,-3121.5,-26.6
2026-01-29,03_FEB_26,5,2026-01-29T14:09:00+05:30,CE,25400,25384.9,32.0,197.3,1,65,2026-01-29T15:25:00+05:30,214.1,25411.8,EOD,76,1025.5,8.46
2026-01-30,03_FEB_26,4,2026-01-30T09:30:00+05:30,CE,25250,25226.25,52.8,198.55,1,65,2026-01-30T13:54:00+05:30,260.5,25329.6,TP,264,3960.25,31.14
2026-02-01,03_FEB_26,2,2026-02-01T09:45:00+05:30,PE,25350,25338.2,32.0,199.05,1,65,2026-02-01T12:18:00+05:30,267.65,25165.8,TP,153,4392.5,34.4
2026-02-01,03_FEB_26,2,2026-02-01T12:18:00+05:30,CE,25150,25165.8,86.95,186.6,1,65,2026-02-01T12:26:00+05:30,139.8,25031.3,SL,8,-3108.5,-25.13
2026-02-01,03_FEB_26,2,2026-02-01T12:47:00+05:30,PE,25050,25063.85,73.95,194.65,1,65,2026-02-01T13:21:00+05:30,134.35,25145.0,SL,34,-3986.0,-31.02
2026-02-01,03_FEB_26,2,2026-02-01T13:25:00+05:30,CE,25100,25108.55,36.45,171.35,1,65,2026-02-01T13:52:00+05:30,121.35,24994.6,SL,27,-3316.5,-29.23
2026-02-01,03_FEB_26,2,2026-02-01T13:56:00+05:30,PE,25050,25039.85,49.35,179.0,1,65,2026-02-01T14:51:00+05:30,248.95,24936.45,TP,55,4480.25,39.01
2026-02-02,03_FEB_26,1,2026-02-02T09:30:00+05:30,PE,24900,24879.8,46.6,179.2,1,65,2026-02-02T11:01:00+05:30,235.8,24743.0,TP,91,3612.5,31.52
2026-02-02,03_FEB_26,1,2026-02-02T11:34:00+05:30,PE,24850,24826.75,102.45,136.15,2,130,2026-02-02T12:14:00+05:30,95.35,24910.45,SL,40,-5377.0,-30.03
2026-02-02,03_FEB_26,1,2026-02-02T12:19:00+05:30,CE,24900,24890.1,37.15,113.0,2,130,2026-02-02T13:04:00+05:30,148.75,24951.2,TP,45,4574.5,31.53
2026-02-02,03_FEB_26,1,2026-02-02T13:15:00+05:30,CE,24950,24928.95,31.55,102.45,3,195,2026-02-02T13:20:00+05:30,76.55,24881.7,SL,5,-5130.0,-25.37
2026-02-02,03_FEB_26,1,2026-02-02T13:28:00+05:30,PE,24900,24906.05,39.25,108.0,2,130,2026-02-02T13:43:00+05:30,79.95,24966.0,SL,15,-3719.5,-26.05
2026-02-02,03_FEB_26,1,2026-02-02T14:10:00+05:30,CE,24900,24915.2,42.65,113.0,2,130,2026-02-02T14:47:00+05:30,149.55,24981.65,TP,37,4678.5,32.24
2026-02-03,03_FEB_26,0,2026-02-03T09:34:00+05:30,CE,25750,25755.15,31.1,121.7,2,130,2026-02-03T09:45:00+05:30,82.55,25692.3,SL,11,-5162.5,-32.24
2026-02-03,03_FEB_26,0,2026-02-03T09:48:00+05:30,PE,25750,25754.35,63.75,115.5,2,130,2026-02-03T10:05:00+05:30,152.15,25678.2,TP,17,4691.5,31.63
2026-02-03,03_FEB_26,0,2026-02-03T10:05:00+05:30,CE,25700,25678.2,41.1,86.8,3,195,2026-02-03T10:16:00+05:30,119.5,25732.95,TP,11,6297.0,37.54
2026-02-03,03_FEB_26,0,2026-02-03T10:16:00+05:30,PE,25750,25732.95,74.25,117.1,2,130,2026-02-03T10:32:00+05:30,86.8,25790.0,SL,16,-4012.0,-25.95
2026-02-03,03_FEB_26,0,2026-02-03T10:48:00+05:30,CE,25750,25760.15,47.35,95.85,3,195,2026-02-03T11:32:00+05:30,129.25,25835.85,TP,44,6433.5,34.72
2026-02-03,03_FEB_26,0,2026-02-03T11:33:00+05:30,PE,25850,25851.5,43.85,79.65,3,195,2026-02-03T12:29:00+05:30,109.15,25786.55,TP,56,5673.0,36.89
2026-02-03,03_FEB_26,0,2026-02-03T12:35:00+05:30,CE,25800,25778.1,31.15,54.1,5,325,2026-02-03T13:26:00+05:30,34.3,25764.55,SL,51,-6527.5,-36.75
2026-02-03,03_FEB_26,0,2026-02-03T13:35:00+05:30,CE,25750,25739.55,32.8,39.6,7,455,2026-02-03T13:38:00+05:30,58.65,25774.5,TP,3,8562.25,47.79
2026-02-03,03_FEB_26,0,2026-02-03T13:38:00+05:30,PE,25750,25774.5,34.95,40.55,7,455,2026-02-03T13:40:00+05:30,30.3,25788.35,SL,2,-4769.25,-25.49
2026-02-03,03_FEB_26,0,2026-02-03T13:58:00+05:30,CE,25750,25772.65,35.6,54.5,5,325,2026-02-03T14:32:00+05:30,31.2,25740.9,SL,34,-7665.0,-42.9
2026-02-04,10_FEB_26,6,2026-02-04T09:31:00+05:30,PE,25800,25785.8,33.15,180.9,1,65,2026-02-04T14:21:00+05:30,135.05,25816.4,SL,290,-3046.75,-25.39
2026-02-05,10_FEB_26,5,2026-02-05T09:30:00+05:30,PE,25700,25700.3,31.45,139.45,2,130,2026-02-05T14:10:00+05:30,182.4,25595.25,TP,280,5510.5,30.72
2026-02-06,10_FEB_26,4,2026-02-06T09:47:00+05:30,PE,25550,25561.65,35.9,106.6,2,130,2026-02-06T11:37:00+05:30,79.5,25614.55,SL,110,-3596.0,-25.5
2026-02-06,10_FEB_26,4,2026-02-06T12:05:00+05:30,CE,25600,25606.2,42.15,119.15,2,130,2026-02-06T12:31:00+05:30,88.55,25553.2,SL,26,-4051.0,-25.76
2026-02-06,10_FEB_26,4,2026-02-06T13:06:00+05:30,PE,25550,25571.95,30.65,93.45,3,195,2026-02-06T13:55:00+05:30,68.4,25622.95,SL,49,-4964.25,-26.9
2026-02-10,10_FEB_26,0,2026-02-10T09:34:00+05:30,PE,25950,25943.75,32.35,49.8,6,390,2026-02-10T10:18:00+05:30,37.15,25967.25,SL,44,-5032.5,-25.58
2026-02-10,10_FEB_26,0,2026-02-10T13:19:00+05:30,CE,25950,25948.4,32.2,24.95,12,780,2026-02-10T13:22:00+05:30,18.15,25936.3,SL,3,-5442.0,-27.6
2026-02-10,10_FEB_26,0,2026-02-10T13:30:00+05:30,CE,25900,25919.3,32.35,33.6,9,585,2026-02-10T14:02:00+05:30,24.2,25898.75,SL,32,-5617.5,-28.23
2026-02-10,10_FEB_26,0,2026-02-10T14:17:00+05:30,PE,25950,25937.8,30.7,30.95,9,585,2026-02-10T14:27:00+05:30,42.05,25920.7,TP,10,6375.0,35.48
2026-02-11,17_FEB_26,6,2026-02-11T10:01:00+05:30,CE,25900,25924.15,32.15,165.85,1,65,2026-02-11T15:25:00+05:30,160.4,25946.5,EOD,324,-420.75,-3.35
2026-02-12,17_FEB_26,5,2026-02-12T09:50:00+05:30,PE,25850,25859.25,30.8,99.65,3,195,2026-02-12T14:47:00+05:30,135.0,25768.25,TP,297,6813.75,35.36
2026-02-13,17_FEB_26,4,2026-02-13T09:32:00+05:30,CE,25550,25559.9,32.95,129.25,2,130,2026-02-13T13:51:00+05:30,95.3,25503.35,SL,259,-4486.5,-26.33
2026-02-16,17_FEB_26,1,2026-02-16T09:30:00+05:30,PE,25500,25496.25,32.05,86.25,3,195,2026-02-16T09:52:00+05:30,112.15,25435.5,TP,22,4971.0,29.9
2026-02-16,17_FEB_26,1,2026-02-16T09:52:00+05:30,CE,25450,25435.5,31.0,85.1,3,195,2026-02-16T10:00:00+05:30,111.25,25499.85,TP,8,5019.75,30.59
2026-02-16,17_FEB_26,1,2026-02-16T10:01:00+05:30,PE,25500,25515.85,42.05,74.7,4,260,2026-02-16T12:17:00+05:30,54.75,25555.35,SL,136,-5273.0,-26.82
2026-02-16,17_FEB_26,1,2026-02-16T13:56:00+05:30,CE,25550,25548.45,35.55,87.7,3,195,2026-02-16T14:28:00+05:30,121.7,25614.15,TP,32,6550.5,38.63
2026-02-16,17_FEB_26,1,2026-02-16T14:28:00+05:30,PE,25600,25614.15,31.85,67.8,4,260,2026-02-16T15:01:00+05:30,46.85,25681.25,SL,33,-5533.0,-31.02
2026-02-17,17_FEB_26,0,2026-02-17T09:44:00+05:30,PE,25650,25642.95,36.4,56.1,5,325,2026-02-17T09:58:00+05:30,41.5,25670.0,SL,14,-4837.5,-26.18
2026-02-17,17_FEB_26,0,2026-02-17T10:28:00+05:30,PE,25750,25725.35,33.45,64.95,4,260,2026-02-17T10:41:00+05:30,85.7,25689.0,TP,13,5309.0,31.77
2026-02-17,17_FEB_26,0,2026-02-17T10:44:00+05:30,CE,25650,25661.3,32.75,50.4,6,390,2026-02-17T11:20:00+05:30,65.85,25689.85,TP,36,5926.5,30.43
2026-02-17,17_FEB_26,0,2026-02-17T11:34:00+05:30,PE,25700,25721.45,31.1,30.25,10,650,2026-02-17T12:16:00+05:30,22.0,25732.7,SL,42,-5487.5,-27.56
2026-02-17,17_FEB_26,0,2026-02-17T13:08:00+05:30,PE,25750,25751.6,34.55,31.8,9,585,2026-02-17T13:55:00+05:30,45.1,25719.95,TP,47,7662.0,41.44
2026-02-17,17_FEB_26,0,2026-02-17T13:57:00+05:30,CE,25700,25698.6,39.45,28.7,10,650,2026-02-17T14:01:00+05:30,43.4,25722.8,TP,4,9430.0,50.78
2026-02-17,17_FEB_26,0,2026-02-17T14:12:00+05:30,CE,25700,25690.5,35.35,21.9,14,910,2026-02-17T14:13:00+05:30,15.8,25671.05,SL,1,-5702.0,-28.25
2026-02-17,17_FEB_26,0,2026-02-17T14:16:00+05:30,PE,25700,25703.2,32.25,21.6,14,910,2026-02-17T14:28:00+05:30,31.35,25684.15,TP,12,8721.5,44.57
2026-02-18,24_FEB_26,6,2026-02-18T09:55:00+05:30,CE,25700,25679.9,37.1,136.4,2,130,2026-02-18T14:14:00+05:30,177.85,25756.8,TP,259,5315.5,30.3
2026-02-19,24_FEB_26,5,2026-02-19T09:30:00+05:30,CE,25800,25807.3,37.2,126.45,2,130,2026-02-19T11:13:00+05:30,94.7,25720.6,SL,103,-4200.5,-25.18
2026-02-19,24_FEB_26,5,2026-02-19T12:12:00+05:30,CE,25600,25615.35,32.7,160.45,1,65,2026-02-19T14:04:00+05:30,119.8,25552.5,SL,112,-2708.75,-25.39
2026-02-19,24_FEB_26,5,2026-02-19T14:17:00+05:30,PE,25600,25591.55,30.65,134.35,2,130,2026-02-19T14:44:00+05:30,177.15,25518.25,TP,27,5491.0,31.77
2026-02-20,24_FEB_26,4,2026-02-20T09:30:00+05:30,PE,25400,25423.45,42.3,112.0,2,130,2026-02-20T09:48:00+05:30,81.15,25511.9,SL,18,-4083.5,-27.62
2026-02-20,24_FEB_26,4,2026-02-20T10:08:00+05:30,CE,25500,25477.7,31.45,125.75,2,130,2026-02-20T10:22:00+05:30,167.5,25546.75,TP,14,5354.5,33.11
2026-02-20,24_FEB_26,4,2026-02-20T10:26:00+05:30,PE,25550,25569.45,33.25,120.05,2,130,2026-02-20T12:18:00+05:30,87.25,25635.9,SL,112,-4337.0,-27.39
2026-02-20,24_FEB_26,4,2026-02-20T12:45:00+05:30,CE,25600,25600.7,31.45,146.45,2,130,2026-02-20T13:11:00+05:30,109.7,25539.75,SL,26,-4850.5,-25.15
2026-02-20,24_FEB_26,4,2026-02-20T13:28:00+05:30,PE,25550,25570.35,31.4,119.6,2,130,2026-02-20T14:43:00+05:30,88.95,25619.65,SL,75,-4057.5,-25.7
2026-02-23,24_FEB_26,1,2026-02-23T09:40:00+05:30,CE,25700,25719.85,37.45,123.55,2,130,2026-02-23T10:38:00+05:30,92.6,25687.55,SL,58,-4096.5,-25.12
2026-02-23,24_FEB_26,1,2026-02-23T10:44:00+05:30,CE,25650,25656.95,32.65,107.4,2,130,2026-02-23T14:02:00+05:30,77.45,25627.4,SL,198,-3966.5,-27.97
2026-02-23,24_FEB_26,1,2026-02-23T14:30:00+05:30,PE,25700,25699.75,53.3,86.5,3,195,2026-02-23T15:25:00+05:30,83.9,25716.55,EOD,55,-586.5,-3.12
2026-02-24,24_FEB_26,0,2026-02-24T09:30:00+05:30,CE,25550,25534.0,33.8,56.0,5,325,2026-02-24T09:43:00+05:30,41.8,25484.1,SL,13,-4707.5,-25.51
2026-02-24,24_FEB_26,0,2026-02-24T09:47:00+05:30,PE,25550,25525.8,41.7,79.0,3,195,2026-02-24T10:17:00+05:30,106.75,25478.0,TP,30,5331.75,34.98
2026-02-24,24_FEB_26,0,2026-02-24T10:48:00+05:30,CE,25450,25474.95,35.25,68.9,4,260,2026-02-24T11:12:00+05:30,93.75,25510.75,TP,24,6375.0,35.9
2026-02-24,24_FEB_26,0,2026-02-24T12:47:00+05:30,CE,25400,25389.55,31.9,42.35,7,455,2026-02-24T13:04:00+05:30,56.1,25421.9,TP,17,6150.75,32.19
2026-02-24,24_FEB_26,0,2026-02-24T13:30:00+05:30,CE,25350,25364.85,39.55,43.9,7,455,2026-02-24T13:39:00+05:30,58.95,25377.85,TP,9,6742.25,34.02
2026-02-24,24_FEB_26,0,2026-02-24T13:39:00+05:30,PE,25400,25377.85,49.25,43.9,7,455,2026-02-24T13:50:00+05:30,57.25,25362.6,TP,11,5968.75,30.15
2026-02-24,24_FEB_26,0,2026-02-24T13:55:00+05:30,PE,25400,25395.95,33.35,34.75,8,520,2026-02-24T14:11:00+05:30,20.4,25429.45,SL,16,-7574.0,-41.52
2026-02-24,24_FEB_26,0,2026-02-24T14:23:00+05:30,CE,25400,25404.6,37.85,34.3,8,520,2026-02-24T14:33:00+05:30,21.6,25395.6,SL,10,-6716.0,-37.26
2026-02-25,02_MAR_26,5,2026-02-25T10:00:00+05:30,PE,25600,25605.65,31.35,118.0,2,130,2026-02-25T12:34:00+05:30,163.15,25536.2,TP,154,5796.5,38.16
2026-02-25,02_MAR_26,5,2026-02-25T12:34:00+05:30,CE,25550,25536.2,56.3,145.9,2,130,2026-02-25T14:03:00+05:30,107.6,25442.55,SL,89,-5052.0,-26.31
2026-02-25,02_MAR_26,5,2026-02-25T14:19:00+05:30,PE,25500,25493.8,36.7,142.94,2,130,2026-02-25T15:25:00+05:30,142.75,25483.6,EOD,66,-97.7,-0.2
2026-02-26,02_MAR_26,4,2026-02-26T09:36:00+05:30,PE,25550,25531.6,33.25,127.2,2,130,2026-02-26T11:56:00+05:30,169.1,25455.8,TP,140,5374.0,32.85
2026-02-26,02_MAR_26,4,2026-02-26T11:56:00+05:30,CE,25450,25455.8,31.0,141.3,2,130,2026-02-26T15:25:00+05:30,154.8,25494.25,EOD,209,1682.0,9.48
2026-02-27,02_MAR_26,3,2026-02-27T12:27:00+05:30,PE,25300,25303.5,31.1,104.45,2,130,2026-02-27T13:58:00+05:30,77.85,25340.45,SL,91,-3531.0,-25.55
2026-03-02,02_MAR_26,0,2026-03-02T09:30:00+05:30,PE,24950,24927.1,57.2,103.35,2,130,2026-03-02T09:47:00+05:30,76.1,24978.85,SL,17,-3615.5,-26.45
2026-03-02,02_MAR_26,0,2026-03-02T09:50:00+05:30,CE,24950,24943.8,35.05,80.85,3,195,2026-03-02T09:53:00+05:30,55.45,24898.4,SL,3,-5032.5,-31.52
2026-03-02,02_MAR_26,0,2026-03-02T09:57:00+05:30,PE,24950,24931.3,47.15,93.75,3,195,2026-03-02T10:08:00+05:30,125.7,24879.85,TP,11,6150.75,33.96
2026-03-06,10_MAR_26,4,2026-03-06T12:29:00+05:30,CE,24600,24578.3,30.55,200.0,1,65,2026-03-06T15:13:00+05:30,149.35,24434.2,SL,164,-3358.75,-25.37
2026-03-10,10_MAR_26,0,2026-03-10T09:30:00+05:30,CE,24150,24133.1,30.15,81.4,3,195,2026-03-10T09:58:00+05:30,59.85,24085.7,SL,28,-4281.75,-26.58
2026-03-10,10_MAR_26,0,2026-03-10T10:01:00+05:30,PE,24100,24121.9,36.2,70.7,4,260,2026-03-10T10:15:00+05:30,45.35,24187.75,SL,14,-6677.0,-35.97
2026-03-10,10_MAR_26,0,2026-03-10T10:22:00+05:30,CE,24150,24164.0,47.25,90.6,3,195,2026-03-10T10:33:00+05:30,117.85,24204.95,TP,11,5234.25,29.95
2026-03-10,10_MAR_26,0,2026-03-10T10:33:00+05:30,PE,24200,24204.95,44.35,69.65,4,260,2026-03-10T11:15:00+05:30,47.75,24240.75,SL,42,-5780.0,-31.56
2026-03-10,10_MAR_26,0,2026-03-10T11:19:00+05:30,CE,24200,24210.25,30.5,74.65,4,260,2026-03-10T12:14:00+05:30,44.85,24172.5,SL,55,-7834.0,-40.03
2026-03-10,10_MAR_26,0,2026-03-10T12:22:00+05:30,CE,24150,24144.4,40.1,55.2,5,325,2026-03-10T12:35:00+05:30,74.9,24187.05,TP,13,6310.0,35.48
2026-03-10,10_MAR_26,0,2026-03-10T12:40:00+05:30,CE,24150,24159.45,30.05,62.65,4,260,2026-03-10T12:50:00+05:30,83.3,24194.25,TP,10,5283.0,32.78
2026-03-10,10_MAR_26,0,2026-03-10T12:50:00+05:30,PE,24200,24194.25,34.55,49.7,6,390,2026-03-10T12:55:00+05:30,37.05,24222.85,SL,5,-5032.5,-25.63
2026-03-10,10_MAR_26,0,2026-03-10T13:30:00+05:30,PE,24250,24232.4,34.55,49.9,6,390,2026-03-10T14:08:00+05:30,29.45,24270.2,SL,38,-8074.5,-41.14
2026-03-10,10_MAR_26,0,2026-03-10T14:19:00+05:30,CE,24250,24252.85,33.1,43.9,7,455,2026-03-10T14:21:00+05:30,27.45,24228.7,SL,2,-7590.25,-37.66
2026-03-16,17_MAR_26,1,2026-03-16T14:24:00+05:30,PE,23350,23336.45,110.85,178.5,1,65,2026-03-16T14:49:00+05:30,131.25,23453.85,SL,25,-3137.75,-26.52
2026-03-17,17_MAR_26,0,2026-03-17T09:35:00+05:30,PE,23400,23411.45,44.75,81.1,3,195,2026-03-17T09:44:00+05:30,59.45,23453.15,SL,9,-4301.25,-26.8
2026-03-17,17_MAR_26,0,2026-03-17T09:49:00+05:30,PE,23500,23484.5,44.85,91.45,3,195,2026-03-17T10:14:00+05:30,64.85,23525.85,SL,25,-5266.5,-29.18
2026-03-17,17_MAR_26,0,2026-03-17T10:23:00+05:30,PE,23550,23574.25,31.25,64.0,4,260,2026-03-17T10:28:00+05:30,87.6,23525.2,TP,5,6050.0,36.69
2026-03-17,17_MAR_26,0,2026-03-17T10:28:00+05:30,CE,23550,23525.2,49.05,53.1,5,325,2026-03-17T10:30:00+05:30,38.6,23484.7,SL,2,-4805.0,-27.47
2026-03-17,17_MAR_26,0,2026-03-17T10:35:00+05:30,CE,23450,23463.55,40.4,72.75,4,260,2026-03-17T10:49:00+05:30,108.4,23522.65,TP,14,9183.0,48.83
2026-03-17,17_MAR_26,0,2026-03-17T10:49:00+05:30,PE,23500,23522.65,40.2,58.1,5,325,2026-03-17T11:08:00+05:30,79.45,23482.5,TP,19,6846.25,36.54
2026-03-17,17_MAR_26,0,2026-03-17T11:08:00+05:30,CE,23500,23482.5,40.45,52.2,5,325,2026-03-17T11:17:00+05:30,35.75,23444.3,SL,9,-5438.75,-31.67
2026-03-17,17_MAR_26,0,2026-03-17T11:24:00+05:30,CE,23400,23412.65,30.7,66.75,4,260,2026-03-17T11:33:00+05:30,49.35,23367.45,SL,9,-4610.0,-26.2
2026-03-17,17_MAR_26,0,2026-03-17T11:38:00+05:30,PE,23400,23406.95,41.2,70.2,4,260,2026-03-17T12:08:00+05:30,46.65,23436.65,SL,30,-6209.0,-33.67
2026-03-17,17_MAR_26,0,2026-03-17T12:16:00+05:30,CE,23400,23409.65,32.4,59.25,5,325,2026-03-17T12:43:00+05:30,82.15,23451.35,TP,27,7350.0,38.45
2026-03-17,17_MAR_26,0,2026-03-17T12:43:00+05:30,PE,23450,23451.35,32.5,58.65,5,325,2026-03-17T12:49:00+05:30,39.75,23488.15,SL,6,-6235.0,-32.37
2026-03-17,17_MAR_26,0,2026-03-17T13:00:00+05:30,PE,23500,23489.0,30.65,62.2,4,260,2026-03-17T13:08:00+05:30,45.5,23516.0,SL,8,-4428.0,-26.99
2026-03-17,17_MAR_26,0,2026-03-17T13:15:00+05:30,PE,23550,23551.2,30.45,52.8,5,325,2026-03-17T13:39:00+05:30,73.25,23513.2,TP,24,6553.75,38.51
2026-03-17,17_MAR_26,0,2026-03-17T13:39:00+05:30,CE,23500,23513.2,36.7,49.45,6,390,2026-03-17T13:43:00+05:30,64.75,23539.35,TP,4,5868.0,30.71
2026-03-17,17_MAR_26,0,2026-03-17T13:45:00+05:30,PE,23550,23543.6,35.3,52.1,5,325,2026-03-17T14:03:00+05:30,36.85,23566.15,SL,18,-5048.75,-29.43
2026-03-17,17_MAR_26,0,2026-03-17T14:10:00+05:30,PE,23600,23587.55,42.45,48.95,6,390,2026-03-17T14:17:00+05:30,63.8,23561.15,TP,7,5692.5,30.1
2026-03-17,17_MAR_26,0,2026-03-17T14:17:00+05:30,CE,23550,23561.15,42.85,39.25,7,455,2026-03-17T14:22:00+05:30,26.95,23544.05,SL,5,-5702.0,-31.55
2026-03-17,17_MAR_26,0,2026-03-17T14:30:00+05:30,PE,23550,23572.75,43.5,28.25,10,650,2026-03-17T14:32:00+05:30,18.85,23586.45,SL,2,-6235.0,-33.57
2026-03-30,30_MAR_26,0,2026-03-30T09:30:00+05:30,PE,22600,22577.8,51.95,133.05,2,130,2026-03-30T09:34:00+05:30,92.45,22683.6,SL,4,-5351.0,-30.58
2026-03-30,30_MAR_26,0,2026-03-30T09:42:00+05:30,CE,22650,22670.8,35.15,134.75,2,130,2026-03-30T09:54:00+05:30,97.3,22618.5,SL,12,-4941.5,-27.86
2026-03-30,30_MAR_26,0,2026-03-30T10:02:00+05:30,PE,22650,22639.35,37.4,121.75,2,130,2026-03-30T10:11:00+05:30,164.8,22565.15,TP,9,5523.5,35.26
2026-03-30,30_MAR_26,0,2026-03-30T10:11:00+05:30,CE,22550,22565.15,61.85,107.65,2,130,2026-03-30T10:32:00+05:30,78.85,22525.9,SL,21,-3817.0,-26.83
2026-03-30,30_MAR_26,0,2026-03-30T10:43:00+05:30,CE,22500,22513.85,33.35,94.2,3,195,2026-03-30T11:11:00+05:30,66.6,22459.9,SL,28,-5461.5,-29.39
2026-03-30,30_MAR_26,0,2026-03-30T11:34:00+05:30,PE,22500,22503.8,36.3,82.8,3,195,2026-03-30T12:03:00+05:30,58.1,22548.0,SL,29,-4896.0,-29.93
2026-03-30,30_MAR_26,0,2026-03-30T12:21:00+05:30,PE,22600,22581.1,30.25,87.8,3,195,2026-03-30T12:24:00+05:30,118.65,22531.3,TP,3,5936.25,35.0
2026-03-30,30_MAR_26,0,2026-03-30T12:24:00+05:30,CE,22550,22531.3,49.8,64.55,4,260,2026-03-30T12:39:00+05:30,84.85,22565.6,TP,15,5192.0,31.27
2026-03-30,30_MAR_26,0,2026-03-30T12:39:00+05:30,PE,22550,22565.6,48.2,64.3,4,260,2026-03-30T12:52:00+05:30,92.1,22509.0,TP,13,7142.0,43.05
2026-03-30,30_MAR_26,0,2026-03-30T12:52:00+05:30,CE,22500,22509.0,32.15,71.65,4,260,2026-03-30T13:13:00+05:30,52.4,22482.9,SL,21,-5091.0,-26.99
2026-03-30,30_MAR_26,0,2026-03-30T13:16:00+05:30,PE,22500,22515.8,32.9,55.7,5,325,2026-03-30T13:25:00+05:30,76.05,22472.55,TP,9,6521.25,36.32
2026-03-30,30_MAR_26,0,2026-03-30T13:43:00+05:30,CE,22450,22458.0,35.65,60.8,5,325,2026-03-30T13:53:00+05:30,44.35,22426.6,SL,10,-5438.75,-27.2
2026-03-30,30_MAR_26,0,2026-03-30T14:02:00+05:30,PE,22450,22462.6,33.8,37.3,8,520,2026-03-30T14:10:00+05:30,50.05,22440.4,TP,8,6518.0,33.87
2026-03-30,30_MAR_26,0,2026-03-30T14:11:00+05:30,CE,22450,22430.9,31.9,38.75,7,455,2026-03-30T14:19:00+05:30,28.65,22411.55,SL,8,-4701.0,-26.29
2026-03-30,30_MAR_26,0,2026-03-30T14:24:00+05:30,CE,22400,22388.0,38.45,37.75,8,520,2026-03-30T14:34:00+05:30,22.35,22362.5,SL,10,-8120.0,-41.01
2026-04-06,07_APR_26,1,2026-04-06T10:07:00+05:30,PE,22600,22617.5,37.35,199.0,1,65,2026-04-06T12:20:00+05:30,144.85,22713.35,SL,133,-3586.25,-27.25
2026-04-06,07_APR_26,1,2026-04-06T12:32:00+05:30,CE,22700,22686.3,38.95,189.2,1,65,2026-04-06T12:51:00+05:30,249.05,22783.7,TP,19,3823.75,31.57
2026-04-06,07_APR_26,1,2026-04-06T13:07:00+05:30,PE,22800,22801.9,35.5,193.2,1,65,2026-04-06T14:02:00+05:30,141.65,22889.55,SL,55,-3417.25,-26.73
2026-04-06,07_APR_26,1,2026-04-06T14:12:00+05:30,PE,22900,22906.2,40.15,179.25,1,65,2026-04-06T15:25:00+05:30,154.85,22968.95,EOD,73,-1652.5,-13.66
2026-04-07,07_APR_26,0,2026-04-07T09:30:00+05:30,PE,22900,22897.75,81.55,117.8,2,130,2026-04-07T09:43:00+05:30,171.45,22794.95,TP,13,6901.5,45.44
2026-04-07,07_APR_26,0,2026-04-07T09:43:00+05:30,CE,22800,22794.95,65.6,91.8,3,195,2026-04-07T09:47:00+05:30,130.4,22854.0,TP,4,7447.5,41.92
2026-04-07,07_APR_26,0,2026-04-07T09:58:00+05:30,PE,22900,22878.55,37.15,111.2,2,130,2026-04-07T10:16:00+05:30,77.9,22931.85,SL,18,-4402.0,-30.02
2026-04-07,07_APR_26,0,2026-04-07T10:34:00+05:30,CE,22900,22913.7,33.0,93.4,3,195,2026-04-07T10:42:00+05:30,122.85,22962.4,TP,8,5663.25,31.41
2026-04-07,07_APR_26,0,2026-04-07T10:42:00+05:30,PE,22950,22962.4,44.8,81.75,3,195,2026-04-07T10:52:00+05:30,107.4,22914.95,TP,10,4922.25,31.23
2026-04-07,07_APR_26,0,2026-04-07T10:52:00+05:30,CE,22900,22914.95,38.3,91.75,3,195,2026-04-07T10:56:00+05:30,68.6,22865.65,SL,4,-4593.75,-25.33
2026-04-07,07_APR_26,0,2026-04-07T11:05:00+05:30,PE,22850,22864.55,33.5,82.4,3,195,2026-04-07T11:19:00+05:30,61.65,22893.7,SL,14,-4125.75,-25.29
2026-04-07,07_APR_26,0,2026-04-07T11:24:00+05:30,PE,22950,22927.5,34.5,92.1,3,195,2026-04-07T11:56:00+05:30,60.4,22982.2,SL,32,-6261.0,-34.51
2026-04-07,07_APR_26,0,2026-04-07T12:02:00+05:30,CE,22950,22956.6,34.3,77.9,3,195,2026-04-07T12:11:00+05:30,56.6,22920.7,SL,9,-4233.0,-27.45
2026-04-07,07_APR_26,0,2026-04-07T13:13:00+05:30,PE,22950,22949.65,36.9,57.55,5,325,2026-04-07T13:30:00+05:30,36.8,22982.75,SL,17,-6836.25,-36.2
2026-04-07,07_APR_26,0,2026-04-07T13:36:00+05:30,PE,23050,23030.35,47.1,60.85,5,325,2026-04-07T13:43:00+05:30,44.5,23055.25,SL,7,-5406.25,-27.01
2026-04-07,07_APR_26,0,2026-04-07T13:49:00+05:30,CE,23000,23020.75,41.7,68.35,4,260,2026-04-07T13:57:00+05:30,43.9,22978.15,SL,8,-6443.0,-35.89
2026-04-07,07_APR_26,0,2026-04-07T14:02:00+05:30,PE,23000,23014.6,51.05,40.4,7,455,2026-04-07T14:27:00+05:30,25.6,23022.1,SL,25,-6839.5,-36.84
2026-04-13,13_APR_26,0,2026-04-13T09:36:00+05:30,CE,23600,23580.4,35.15,67.55,4,260,2026-04-13T09:41:00+05:30,92.3,23625.4,TP,5,6349.0,36.46
2026-04-13,13_APR_26,0,2026-04-13T09:41:00+05:30,PE,23650,23625.4,45.0,93.6,3,195,2026-04-13T10:04:00+05:30,69.45,23671.35,SL,23,-4788.75,-25.89
2026-04-13,13_APR_26,0,2026-04-13T10:15:00+05:30,CE,23650,23646.15,31.9,61.85,4,260,2026-04-13T10:20:00+05:30,87.55,23688.75,TP,5,6596.0,41.36
2026-04-16,21_APR_26,5,2026-04-16T09:34:00+05:30,CE,24350,24358.3,30.6,189.45,1,65,2026-04-16T11:40:00+05:30,141.1,24271.95,SL,126,-3209.25,-25.57
2026-04-16,21_APR_26,5,2026-04-16T11:46:00+05:30,CE,24250,24233.05,34.2,175.2,1,65,2026-04-16T13:16:00+05:30,130.9,24123.8,SL,90,-2946.0,-25.34
2026-04-16,21_APR_26,5,2026-04-16T13:24:00+05:30,CE,24100,24106.85,31.0,194.35,1,65,2026-04-16T14:34:00+05:30,255.9,24221.2,TP,70,3934.25,31.61
2026-04-17,21_APR_26,4,2026-04-17T09:33:00+05:30,CE,24200,24199.3,34.05,172.35,1,65,2026-04-17T10:26:00+05:30,225.35,24296.55,TP,53,3378.5,30.68
2026-04-17,21_APR_26,4,2026-04-17T11:54:00+05:30,PE,24300,24316.45,34.0,160.35,1,65,2026-04-17T15:25:00+05:30,133.6,24361.95,EOD,211,-1805.25,-16.74
2026-04-20,21_APR_26,1,2026-04-20T09:30:00+05:30,CE,24400,24375.65,38.1,117.3,2,130,2026-04-20T09:44:00+05:30,85.75,24302.75,SL,14,-4174.5,-26.97
2026-04-20,21_APR_26,1,2026-04-20T09:53:00+05:30,PE,24300,24319.05,36.1,137.85,2,130,2026-04-20T10:17:00+05:30,100.35,24396.1,SL,24,-4948.0,-27.27
2026-04-20,21_APR_26,1,2026-04-20T10:31:00+05:30,PE,24450,24432.15,30.5,149.65,2,130,2026-04-20T15:16:00+05:30,196.8,24366.95,TP,285,6056.5,31.43
2026-04-21,21_APR_26,0,2026-04-21T09:45:00+05:30,PE,24500,24502.05,47.65,60.15,5,325,2026-04-21T10:09:00+05:30,44.7,24523.2,SL,24,-5113.75,-25.83
2026-04-21,21_APR_26,0,2026-04-21T10:34:00+05:30,PE,24550,24527.8,34.2,60.15,5,325,2026-04-21T10:58:00+05:30,44.0,24552.45,SL,24,-5341.25,-26.99
2026-04-21,21_APR_26,0,2026-04-21T14:18:00+05:30,PE,24550,24567.8,30.6,17.15,17,1105,2026-04-21T14:22:00+05:30,9.7,24582.85,SL,4,-8402.75,-43.9
