timestamp,spot,strike,pos,ce_ltp,ce_oi,ce_delta,pe_ltp,pe_oi,pe_delta
2026-05-14 12:33:39,23688.0,23350.0,-7.0,426.7,371085.0,0.7454,75.75,1937910.0,0.2453
2026-05-14 12:33:39,23688.0,23400.0,-6.0,389.75,1744665.0,0.7186,86.95,9950785.0,0.2754
2026-05-14 12:33:39,23688.0,23450.0,-5.0,351.55,975000.0,0.6877,99.0,2684175.0,0.3064
2026-05-14 12:33:39,23688.0,23500.0,-4.0,314.6,4556565.0,0.6552,113.35,8915140.0,0.3412
2026-05-14 12:33:39,23688.0,23550.0,-3.0,280.7,1747330.0,0.6188,128.6,3432650.0,0.3776
2026-05-14 12:33:39,23688.0,23600.0,-2.0,248.55,3221465.0,0.5811,146.5,5789810.0,0.4167
2026-05-14 12:33:39,23688.0,23650.0,-1.0,219.25,1920425.0,0.5416,166.35,2847325.0,0.4574
2026-05-14 12:33:39,23688.0,23700.0,ATM,190.9,3862885.0,0.5007,188.25,4484610.0,0.4995
2026-05-14 12:33:39,23688.0,23750.0,+1.0,165.2,1355835.0,0.459,212.4,823940.0,0.5425
2026-05-14 12:33:39,23688.0,23800.0,+2.0,141.75,4151810.0,0.417,239.9,1713725.0,0.5863
2026-05-14 12:33:39,23688.0,23850.0,+3.0,120.9,1273415.0,0.3754,267.4,291395.0,0.6288
2026-05-14 12:33:39,23688.0,23900.0,+4.0,102.45,3101930.0,0.3351,299.4,727480.0,0.6715
2026-05-14 12:33:39,23688.0,23950.0,+5.0,86.3,1282255.0,0.2962,333.0,153725.0,0.7127
2026-05-14 12:33:39,23688.0,24000.0,+6.0,71.9,6580535.0,0.2595,368.8,1555190.0,0.7509
2026-05-14 12:33:39,23688.0,24050.0,+7.0,59.7,896545.0,0.2256,407.1,50115.0,0.7824
2026-05-14 12:34:39,23689.75,23350.0,-7.0,425.85,371345.0,0.7465,75.8,1932970.0,0.246
2026-05-14 12:34:39,23689.75,23400.0,-6.0,387.1,1747720.0,0.7169,87.45,9949615.0,0.2765
2026-05-14 12:34:39,23689.75,23450.0,-5.0,349.05,979745.0,0.6881,99.35,2688660.0,0.3077
2026-05-14 12:34:39,23689.75,23500.0,-4.0,313.15,4558060.0,0.6536,113.75,8936135.0,0.3421
2026-05-14 12:34:39,23689.75,23550.0,-3.0,279.4,1750190.0,0.6179,129.35,3436485.0,0.3788
2026-05-14 12:34:39,23689.75,23600.0,-2.0,247.7,3227575.0,0.5797,147.1,5782595.0,0.418
2026-05-14 12:34:39,23689.75,23650.0,-1.0,217.35,1934790.0,0.5401,167.2,2858050.0,0.4587
2026-05-14 12:34:39,23689.75,23700.0,ATM,188.9,3884985.0,0.4993,189.45,4502940.0,0.501
2026-05-14 12:34:39,23689.75,23750.0,+1.0,163.9,1360385.0,0.4572,214.15,827905.0,0.5443
2026-05-14 12:34:39,23689.75,23800.0,+2.0,140.4,4150055.0,0.4156,241.1,1716650.0,0.5878
2026-05-14 12:34:39,23689.75,23850.0,+3.0,119.35,1284660.0,0.3734,269.85,293540.0,0.6304
2026-05-14 12:34:39,23689.75,23900.0,+4.0,101.3,3106350.0,0.3331,300.9,729625.0,0.671
2026-05-14 12:34:39,23689.75,23950.0,+5.0,85.3,1305590.0,0.2949,334.9,155675.0,0.7115
2026-05-14 12:34:39,23689.75,24000.0,+6.0,71.05,6592625.0,0.2583,370.65,1557530.0,0.7513
2026-05-14 12:34:39,23689.75,24050.0,+7.0,59.0,901810.0,0.224,411.35,50245.0,0.7818
2026-05-14 12:35:40,23683.95,23350.0,-7.0,425.55,371930.0,0.7469,75.75,1929915.0,0.2462
2026-05-14 12:35:40,23683.95,23400.0,-6.0,386.4,1743950.0,0.7185,87.65,9965995.0,0.2762
2026-05-14 12:35:40,23683.95,23450.0,-5.0,348.65,977405.0,0.6873,99.5,2675725.0,0.3078
2026-05-14 12:35:40,23683.95,23500.0,-4.0,312.75,4560595.0,0.6535,113.8,8946340.0,0.342
2026-05-14 12:35:40,23683.95,23550.0,-3.0,279.15,1754610.0,0.6176,129.3,3428490.0,0.3788
2026-05-14 12:35:40,23683.95,23600.0,-2.0,247.9,3220555.0,0.5798,147.25,5763875.0,0.418
2026-05-14 12:35:40,23683.95,23650.0,-1.0,217.55,1958320.0,0.5401,167.25,2834000.0,0.4587
2026-05-14 12:35:40,23683.95,23700.0,ATM,188.6,3931330.0,0.4993,189.8,4424745.0,0.501
2026-05-14 12:35:40,23683.95,23750.0,+1.0,163.0,1360775.0,0.4575,214.3,823160.0,0.5442
2026-05-14 12:35:40,23683.95,23800.0,+2.0,140.45,4144010.0,0.4154,240.4,1698255.0,0.5876
2026-05-14 12:35:40,23683.95,23850.0,+3.0,119.75,1282385.0,0.374,269.4,292825.0,0.6306
2026-05-14 12:35:40,23683.95,23900.0,+4.0,101.35,3112200.0,0.3335,300.6,729365.0,0.6729
2026-05-14 12:35:40,23683.95,23950.0,+5.0,85.25,1311115.0,0.2948,334.4,154635.0,0.7138
2026-05-14 12:35:40,23683.95,24000.0,+6.0,71.3,6612710.0,0.2582,370.0,1565200.0,0.7508
2026-05-14 12:35:40,23683.95,24050.0,+7.0,58.95,917735.0,0.2247,408.6,50050.0,0.784
2026-05-14 12:36:41,23686.55,23350.0,-7.0,426.0,372255.0,0.7415,76.15,1934335.0,0.2476
2026-05-14 12:36:41,23686.55,23400.0,-6.0,387.0,1744210.0,0.7128,87.55,9979775.0,0.2778
2026-05-14 12:36:41,23686.55,23450.0,-5.0,349.35,975325.0,0.6817,99.55,2689245.0,0.3094
2026-05-14 12:36:41,23686.55,23500.0,-4.0,314.15,4559880.0,0.6493,114.0,8964475.0,0.3441
2026-05-14 12:36:41,23686.55,23550.0,-3.0,279.25,1751685.0,0.6142,129.55,3431025.0,0.381
2026-05-14 12:36:41,23686.55,23600.0,-2.0,247.5,3221465.0,0.5764,147.75,5782335.0,0.4201
2026-05-14 12:36:41,23686.55,23650.0,-1.0,217.3,1938950.0,0.5372,167.6,2849470.0,0.4613
2026-05-14 12:36:41,23686.55,23700.0,ATM,189.05,3902340.0,0.4966,189.4,4477850.0,0.5039
2026-05-14 12:36:41,23686.55,23750.0,+1.0,163.95,1347320.0,0.4552,214.2,827580.0,0.5473
2026-05-14 12:36:41,23686.55,23800.0,+2.0,140.25,4138225.0,0.4133,240.85,1709565.0,0.5913
2026-05-14 12:36:41,23686.55,23850.0,+3.0,119.95,1281280.0,0.3723,268.0,296530.0,0.6364
2026-05-14 12:36:41,23686.55,23900.0,+4.0,101.45,3112980.0,0.3321,301.0,730600.0,0.6777
2026-05-14 12:36:41,23686.55,23950.0,+5.0,85.25,1307865.0,0.2936,332.3,154375.0,0.7221
2026-05-14 12:36:41,23686.55,24000.0,+6.0,71.2,6607120.0,0.2576,369.75,1571050.0,0.7579
2026-05-14 12:36:41,23686.55,24050.0,+7.0,59.05,915395.0,0.2236,404.35,49790.0,0.8024
2026-05-14 12:37:41,23679.05,23350.0,-7.0,419.15,371865.0,0.7444,77.05,1930175.0,0.2509
2026-05-14 12:37:41,23679.05,23400.0,-6.0,382.2,1795105.0,0.7141,89.0,9972690.0,0.2813
2026-05-14 12:37:41,23679.05,23450.0,-5.0,343.75,975910.0,0.6829,101.3,2685735.0,0.3136
2026-05-14 12:37:41,23679.05,23500.0,-4.0,308.3,4552795.0,0.648,115.7,8929700.0,0.3481
2026-05-14 12:37:41,23679.05,23550.0,-3.0,274.05,1752010.0,0.6112,131.5,3424395.0,0.3852
2026-05-14 12:37:41,23679.05,23600.0,-2.0,242.65,3234140.0,0.5737,150.05,5810415.0,0.4249
2026-05-14 12:37:41,23679.05,23650.0,-1.0,213.05,1953705.0,0.5335,169.7,2852135.0,0.4659
2026-05-14 12:37:41,23679.05,23700.0,ATM,185.1,3946930.0,0.4921,192.15,4484870.0,0.5083
2026-05-14 12:37:41,23679.05,23750.0,+1.0,159.7,1361945.0,0.4503,216.8,820755.0,0.5518
2026-05-14 12:37:41,23679.05,23800.0,+2.0,136.9,4145440.0,0.4082,244.05,1711320.0,0.5947
2026-05-14 12:37:41,23679.05,23850.0,+3.0,116.7,1284205.0,0.3671,273.95,296140.0,0.6386
2026-05-14 12:37:41,23679.05,23900.0,+4.0,98.6,3114410.0,0.3268,305.2,730990.0,0.6801
2026-05-14 12:37:41,23679.05,23950.0,+5.0,82.95,1320865.0,0.2879,339.8,154505.0,0.7192
2026-05-14 12:37:41,23679.05,24000.0,+6.0,69.1,6596850.0,0.2518,374.8,1574040.0,0.7571
2026-05-14 12:37:41,23679.05,24050.0,+7.0,57.25,928785.0,0.2182,412.2,49725.0,0.7983
2026-05-14 12:38:42,23682.55,23350.0,-7.0,421.45,371930.0,0.7414,76.25,1933750.0,0.2484
2026-05-14 12:38:42,23682.55,23400.0,-6.0,385.6,1794000.0,0.7102,87.8,9981400.0,0.2788
2026-05-14 12:38:42,23682.55,23450.0,-5.0,347.8,979810.0,0.6791,99.95,2693405.0,0.311
2026-05-14 12:38:42,23682.55,23500.0,-4.0,311.75,4545385.0,0.6464,114.1,8913645.0,0.3458
2026-05-14 12:38:42,23682.55,23550.0,-3.0,277.65,1751165.0,0.6108,129.8,3422510.0,0.3829
2026-05-14 12:38:42,23682.55,23600.0,-2.0,245.6,3227770.0,0.5737,148.0,5793970.0,0.4227
2026-05-14 12:38:42,23682.55,23650.0,-1.0,215.8,1948830.0,0.5342,168.0,2847195.0,0.4642
2026-05-14 12:38:42,23682.55,23700.0,ATM,187.35,4009070.0,0.4936,189.65,4462315.0,0.5073
2026-05-14 12:38:42,23682.55,23750.0,+1.0,162.05,1356550.0,0.4522,214.4,819780.0,0.5513
2026-05-14 12:38:42,23682.55,23800.0,+2.0,138.85,4134780.0,0.4101,241.0,1701960.0,0.5957
2026-05-14 12:38:42,23682.55,23850.0,+3.0,118.0,1283685.0,0.3693,269.75,297310.0,0.64
2026-05-14 12:38:42,23682.55,23900.0,+4.0,99.65,3125330.0,0.3292,301.2,732095.0,0.6837
2026-05-14 12:38:42,23682.55,23950.0,+5.0,83.85,1315470.0,0.2904,334.7,154375.0,0.7254
2026-05-14 12:38:42,23682.55,24000.0,+6.0,69.65,6603350.0,0.2544,371.55,1573780.0,0.7642
2026-05-14 12:38:42,23682.55,24050.0,+7.0,57.85,929045.0,0.2205,412.2,49725.0,0.795
2026-05-14 12:39:42,23670.1,23300.0,-7.0,451.2,725270.0,0.7719,68.35,5044065.0,0.2273
2026-05-14 12:39:42,23670.1,23350.0,-6.0,411.0,371345.0,0.7437,78.45,1929980.0,0.2548
2026-05-14 12:39:42,23670.1,23400.0,-5.0,373.3,1794520.0,0.7133,90.45,9990500.0,0.2857
2026-05-14 12:39:42,23670.1,23450.0,-4.0,336.55,981760.0,0.6799,102.95,2692690.0,0.3177
2026-05-14 12:39:42,23670.1,23500.0,-3.0,301.0,4542720.0,0.6452,117.45,8880300.0,0.3531
2026-05-14 12:39:42,23670.1,23550.0,-2.0,268.0,1753765.0,0.6083,133.55,3416400.0,0.3906
2026-05-14 12:39:42,23670.1,23600.0,-1.0,236.75,3239470.0,0.5693,152.15,5799820.0,0.4303
2026-05-14 12:39:42,23670.1,23650.0,ATM,207.55,1969500.0,0.5284,173.25,2846350.0,0.4714
2026-05-14 12:39:42,23670.1,23700.0,+1.0,179.85,4068740.0,0.4864,195.55,4446520.0,0.5138
2026-05-14 12:39:42,23670.1,23750.0,+2.0,155.6,1372540.0,0.444,221.1,823615.0,0.5571
2026-05-14 12:39:42,23670.1,23800.0,+3.0,132.8,4148755.0,0.4016,248.1,1710670.0,0.6003
2026-05-14 12:39:42,23670.1,23850.0,+4.0,112.75,1286805.0,0.3598,279.6,297765.0,0.6424
2026-05-14 12:39:42,23670.1,23900.0,+5.0,95.15,3134495.0,0.3193,310.6,731445.0,0.6825
2026-05-14 12:39:42,23670.1,23950.0,+6.0,79.85,1322360.0,0.281,346.8,151450.0,0.7226
2026-05-14 12:39:42,23670.1,24000.0,+7.0,66.45,6600035.0,0.2452,382.0,1572805.0,0.7574
2026-05-14 12:40:43,23682.5,23350.0,-7.0,419.35,371800.0,0.7522,76.2,1938885.0,0.2471
2026-05-14 12:40:43,23682.5,23400.0,-6.0,383.35,1791465.0,0.7182,87.9,10020010.0,0.2774
2026-05-14 12:40:43,23682.5,23450.0,-5.0,345.6,981825.0,0.6879,100.0,2704585.0,0.3088
2026-05-14 12:40:43,23682.5,23500.0,-4.0,309.15,4530370.0,0.6545,114.2,8921835.0,0.3434
2026-05-14 12:40:43,23682.5,23550.0,-3.0,276.1,1751620.0,0.6174,130.1,3414255.0,0.3802
2026-05-14 12:40:43,23682.5,23600.0,-2.0,243.5,3225430.0,0.5794,148.55,5712265.0,0.4193
2026-05-14 12:40:43,23682.5,23650.0,-1.0,214.35,1948960.0,0.5392,168.55,2854150.0,0.4602
2026-05-14 12:40:43,23682.5,23700.0,ATM,186.35,4126915.0,0.4979,190.3,4500145.0,0.5024
2026-05-14 12:40:43,23682.5,23750.0,+1.0,160.85,1356810.0,0.4556,215.0,835120.0,0.5454
2026-05-14 12:40:43,23682.5,23800.0,+2.0,137.7,4135365.0,0.4132,241.9,1719445.0,0.5889
2026-05-14 12:40:43,23682.5,23850.0,+3.0,117.05,1277250.0,0.3712,271.15,296075.0,0.6324
2026-05-14 12:40:43,23682.5,23900.0,+4.0,99.05,3113175.0,0.3307,303.0,733395.0,0.6741
2026-05-14 12:40:43,23682.5,23950.0,+5.0,83.2,1314495.0,0.2917,336.85,151190.0,0.7133
2026-05-14 12:40:43,23682.5,24000.0,+6.0,69.25,6595940.0,0.255,372.65,1576900.0,0.7517
2026-05-14 12:40:43,23682.5,24050.0,+7.0,57.4,951145.0,0.2211,419.7,49595.0,0.7706
2026-05-14 12:41:43,23678.75,23350.0,-7.0,420.4,372190.0,0.7482,75.85,1935050.0,0.2472
2026-05-14 12:41:43,23678.75,23400.0,-6.0,384.9,1796340.0,0.7147,87.85,10022415.0,0.2775
2026-05-14 12:41:43,23678.75,23450.0,-5.0,347.15,984360.0,0.6845,99.6,2694640.0,0.3093
2026-05-14 12:41:43,23678.75,23500.0,-4.0,310.85,4525300.0,0.6514,114.2,8920730.0,0.3441
2026-05-14 12:41:43,23678.75,23550.0,-3.0,276.35,1753765.0,0.6152,129.85,3415035.0,0.3809
2026-05-14 12:41:43,23678.75,23600.0,-2.0,245.0,3240965.0,0.5773,148.15,5718765.0,0.4202
2026-05-14 12:41:43,23678.75,23650.0,-1.0,215.35,1983345.0,0.5375,168.6,2853175.0,0.4613
2026-05-14 12:41:43,23678.75,23700.0,ATM,187.35,4151615.0,0.4965,190.1,4489355.0,0.5038
2026-05-14 12:41:43,23678.75,23750.0,+1.0,161.55,1370135.0,0.4545,214.25,835575.0,0.5473
2026-05-14 12:41:43,23678.75,23800.0,+2.0,138.45,4146805.0,0.4126,241.65,1710735.0,0.5909
2026-05-14 12:41:43,23678.75,23850.0,+3.0,118.35,1284920.0,0.371,270.85,296530.0,0.6344
2026-05-14 12:41:43,23678.75,23900.0,+4.0,99.55,3127150.0,0.3305,302.25,732875.0,0.6766
2026-05-14 12:41:43,23678.75,23950.0,+5.0,83.95,1318070.0,0.2919,336.65,150735.0,0.7162
2026-05-14 12:41:43,23678.75,24000.0,+6.0,69.5,6581770.0,0.2556,371.6,1575730.0,0.7564
2026-05-14 12:41:43,23678.75,24050.0,+7.0,57.9,946660.0,0.2217,417.4,49595.0,0.7777
2026-05-14 12:42:44,23681.35,23350.0,-7.0,418.25,371540.0,0.7512,76.8,1937910.0,0.2487
2026-05-14 12:42:44,23681.35,23400.0,-6.0,380.9,1797965.0,0.721,88.7,10030670.0,0.2788
2026-05-14 12:42:44,23681.35,23450.0,-5.0,343.4,985010.0,0.6888,101.1,2642835.0,0.3107
2026-05-14 12:42:44,23681.35,23500.0,-4.0,307.7,4524130.0,0.655,114.95,8940425.0,0.3453
2026-05-14 12:42:44,23681.35,23550.0,-3.0,274.0,1753765.0,0.6179,131.05,3419130.0,0.382
2026-05-14 12:42:44,23681.35,23600.0,-2.0,242.15,3232190.0,0.5788,149.2,5705115.0,0.4208
2026-05-14 12:42:44,23681.35,23650.0,-1.0,212.45,1985620.0,0.5382,169.4,2867800.0,0.4616
2026-05-14 12:42:44,23681.35,23700.0,ATM,184.55,4167930.0,0.4965,191.8,4509115.0,0.5036
2026-05-14 12:42:44,23681.35,23750.0,+1.0,159.45,1378845.0,0.4539,216.9,835835.0,0.5463
2026-05-14 12:42:44,23681.35,23800.0,+2.0,136.1,4146545.0,0.411,244.25,1721655.0,0.5887
2026-05-14 12:42:44,23681.35,23850.0,+3.0,115.8,1284920.0,0.3693,273.6,297895.0,0.6316
2026-05-14 12:42:44,23681.35,23900.0,+4.0,98.0,3134625.0,0.3284,304.55,735865.0,0.6727
2026-05-14 12:42:44,23681.35,23950.0,+5.0,82.25,1316250.0,0.2899,340.0,150800.0,0.7115
2026-05-14 12:42:44,23681.35,24000.0,+6.0,68.35,6585150.0,0.2534,376.0,1572480.0,0.7487
2026-05-14 12:42:44,23681.35,24050.0,+7.0,56.7,947765.0,0.2197,412.15,49660.0,0.7866
2026-05-14 12:43:44,23682.15,23350.0,-7.0,423.0,371670.0,0.7505,75.4,1937130.0,0.2457
2026-05-14 12:43:44,23682.15,23400.0,-6.0,385.55,1799785.0,0.7213,87.2,10040485.0,0.2758
2026-05-14 12:43:44,23682.15,23450.0,-5.0,346.95,987675.0,0.6905,99.0,2638870.0,0.3073
2026-05-14 12:43:44,23682.15,23500.0,-4.0,311.6,4521400.0,0.6554,113.1,8934510.0,0.3416
2026-05-14 12:43:44,23682.15,23550.0,-3.0,278.05,1752855.0,0.6188,129.0,3417505.0,0.3784
2026-05-14 12:43:44,23682.15,23600.0,-2.0,245.35,3226470.0,0.5808,146.6,5706285.0,0.4173
2026-05-14 12:43:44,23682.15,23650.0,-1.0,215.05,2007135.0,0.5407,166.7,2853045.0,0.4584
2026-05-14 12:43:44,23682.15,23700.0,ATM,187.45,4145765.0,0.4994,189.0,4467645.0,0.5008
2026-05-14 12:43:44,23682.15,23750.0,+1.0,161.6,1382615.0,0.4572,213.0,832650.0,0.544
2026-05-14 12:43:44,23682.15,23800.0,+2.0,138.45,4157465.0,0.4146,240.45,1728350.0,0.5877
2026-05-14 12:43:44,23682.15,23850.0,+3.0,117.95,1293240.0,0.3726,269.05,297245.0,0.6304
2026-05-14 12:43:44,23682.15,23900.0,+4.0,99.5,3149055.0,0.3323,300.7,737035.0,0.6729
2026-05-14 12:43:44,23682.15,23950.0,+5.0,83.65,1314235.0,0.2928,336.0,150865.0,0.711
2026-05-14 12:43:44,23682.15,24000.0,+6.0,69.5,6580795.0,0.256,371.15,1573845.0,0.7507
2026-05-14 12:43:44,23682.15,24050.0,+7.0,57.6,947570.0,0.2217,413.0,49660.0,0.7781
2026-05-14 12:44:45,23701.4,23350.0,-7.0,439.25,372320.0,0.75,72.9,1937325.0,0.2389
2026-05-14 12:44:45,23701.4,23400.0,-6.0,400.8,1800760.0,0.7201,83.85,10035740.0,0.2686
2026-05-14 12:44:45,23701.4,23450.0,-5.0,362.05,989235.0,0.6909,95.25,2632825.0,0.2991
2026-05-14 12:44:45,23701.4,23500.0,-4.0,326.0,4517825.0,0.6592,108.5,8947445.0,0.333
2026-05-14 12:44:45,23701.4,23550.0,-3.0,291.9,1748305.0,0.6243,123.3,3408275.0,0.3688
2026-05-14 12:44:45,23701.4,23600.0,-2.0,258.55,3233165.0,0.5881,140.6,5697900.0,0.4078
2026-05-14 12:44:45,23701.4,23650.0,-1.0,227.9,2014480.0,0.5491,159.9,2848105.0,0.4484
2026-05-14 12:44:45,23701.4,23700.0,ATM,198.75,4154410.0,0.5091,180.6,4441775.0,0.4908
2026-05-14 12:44:45,23701.4,23750.0,+1.0,171.85,1374230.0,0.4678,204.1,832000.0,0.5345
2026-05-14 12:44:45,23701.4,23800.0,+2.0,147.95,4164680.0,0.4261,230.45,1723020.0,0.5789
2026-05-14 12:44:45,23701.4,23850.0,+3.0,126.05,1293370.0,0.3846,257.7,298155.0,0.6235
2026-05-14 12:44:45,23701.4,23900.0,+4.0,106.7,3146390.0,0.344,288.15,737035.0,0.6673
2026-05-14 12:44:45,23701.4,23950.0,+5.0,89.85,1317355.0,0.3033,322.0,150735.0,0.7082
2026-05-14 12:44:45,23701.4,24000.0,+6.0,75.0,6570655.0,0.2677,356.05,1574170.0,0.7499
2026-05-14 12:44:45,23701.4,24050.0,+7.0,62.1,947375.0,0.2323,393.1,49660.0,0.7845
2026-05-14 12:45:45,23699.45,23350.0,-7.0,442.0,371345.0,0.7509,72.35,1912040.0,0.2357
2026-05-14 12:45:45,23699.45,23400.0,-6.0,403.95,1792375.0,0.7233,83.55,10005840.0,0.2647
2026-05-14 12:45:45,23699.45,23450.0,-5.0,363.75,983190.0,0.6944,94.9,2603640.0,0.2949
2026-05-14 12:45:45,23699.45,23500.0,-4.0,327.05,4533165.0,0.6631,107.8,8884915.0,0.3283
2026-05-14 12:45:45,23699.45,23550.0,-3.0,292.95,1736800.0,0.6281,122.9,3374150.0,0.364
2026-05-14 12:45:45,23699.45,23600.0,-2.0,259.35,3210155.0,0.5922,140.0,5686070.0,0.4026
2026-05-14 12:45:45,23699.45,23650.0,-1.0,228.2,1991600.0,0.5541,159.2,2806765.0,0.443
2026-05-14 12:45:45,23699.45,23700.0,ATM,199.75,4086810.0,0.5142,179.5,4473105.0,0.4854
2026-05-14 12:45:45,23699.45,23750.0,+1.0,172.85,1365715.0,0.4732,203.25,818740.0,0.5291
2026-05-14 12:45:45,23699.45,23800.0,+2.0,148.45,4187820.0,0.4314,228.9,1717885.0,0.5734
2026-05-14 12:45:45,23699.45,23850.0,+3.0,126.8,1287520.0,0.3899,256.75,302315.0,0.6177
2026-05-14 12:45:45,23699.45,23900.0,+4.0,107.45,3152695.0,0.3492,287.0,738595.0,0.6622
2026-05-14 12:45:45,23699.45,23950.0,+5.0,90.45,1310075.0,0.31,319.7,151125.0,0.7041
2026-05-14 12:45:45,23699.45,24000.0,+6.0,75.3,6562075.0,0.2723,355.55,1573325.0,0.7455
2026-05-14 12:45:45,23699.45,24050.0,+7.0,62.8,921115.0,0.2376,389.5,49725.0,0.7833
2026-05-14 12:46:46,23690.05,23350.0,-7.0,432.6,371215.0,0.752,75.4,1917565.0,0.2429
2026-05-14 12:46:46,23690.05,23400.0,-6.0,392.3,1796730.0,0.7254,87.0,10020270.0,0.2725
2026-05-14 12:46:46,23690.05,23450.0,-5.0,354.6,978640.0,0.6945,98.5,2608450.0,0.3031
2026-05-14 12:46:46,23690.05,23500.0,-4.0,318.2,4533425.0,0.6617,112.3,8904545.0,0.3367
2026-05-14 12:46:46,23690.05,23550.0,-3.0,284.0,1743820.0,0.626,127.65,3383380.0,0.3726
2026-05-14 12:46:46,23690.05,23600.0,-2.0,251.9,3214510.0,0.5879,145.1,5703230.0,0.4109
2026-05-14 12:46:46,23690.05,23650.0,-1.0,222.0,1970085.0,0.5483,164.2,2811640.0,0.451
2026-05-14 12:46:46,23690.05,23700.0,ATM,193.3,4090190.0,0.5073,185.95,4526860.0,0.4927
2026-05-14 12:46:46,23690.05,23750.0,+1.0,166.6,1418690.0,0.4652,209.9,843440.0,0.5354
2026-05-14 12:46:46,23690.05,23800.0,+2.0,143.3,4197245.0,0.4228,236.0,1737255.0,0.5785
2026-05-14 12:46:46,23690.05,23850.0,+3.0,122.15,1295580.0,0.3806,264.65,304655.0,0.6215
2026-05-14 12:46:46,23690.05,23900.0,+4.0,103.2,3139760.0,0.3395,295.6,741650.0,0.6632
2026-05-14 12:46:46,23690.05,23950.0,+5.0,86.75,1314885.0,0.3001,329.0,152945.0,0.7042
2026-05-14 12:46:46,23690.05,24000.0,+6.0,72.2,6613880.0,0.2627,363.75,1570335.0,0.7436
2026-05-14 12:46:46,23690.05,24050.0,+7.0,59.85,938275.0,0.228,399.6,50180.0,0.7826
2026-05-14 12:47:46,23702.05,23350.0,-7.0,439.9,371150.0,0.7493,72.85,1924780.0,0.2387
2026-05-14 12:47:46,23702.05,23400.0,-6.0,401.45,1786850.0,0.7224,83.75,10465910.0,0.2675
2026-05-14 12:47:46,23702.05,23450.0,-5.0,363.9,975780.0,0.6919,95.3,2603835.0,0.2984
2026-05-14 12:47:46,23702.05,23500.0,-4.0,326.6,4522960.0,0.6611,108.35,8922940.0,0.3316
2026-05-14 12:47:46,23702.05,23550.0,-3.0,292.45,1739400.0,0.6263,123.55,3392090.0,0.3673
2026-05-14 12:47:46,23702.05,23600.0,-2.0,258.8,3195075.0,0.5895,140.75,5719545.0,0.406
2026-05-14 12:47:46,23702.05,23650.0,-1.0,228.45,1947010.0,0.551,159.35,2818010.0,0.4466
2026-05-14 12:47:46,23702.05,23700.0,ATM,199.05,4021095.0,0.5101,180.35,4619290.0,0.4898
2026-05-14 12:47:46,23702.05,23750.0,+1.0,172.55,1407640.0,0.4697,203.65,858455.0,0.5325
2026-05-14 12:47:46,23702.05,23800.0,+2.0,148.15,4175275.0,0.4271,230.0,1762020.0,0.5775
2026-05-14 12:47:46,23702.05,23850.0,+3.0,126.7,1304810.0,0.3863,257.95,300755.0,0.6217
2026-05-14 12:47:46,23702.05,23900.0,+4.0,107.5,3120650.0,0.3455,288.6,746655.0,0.6653
2026-05-14 12:47:46,23702.05,23950.0,+5.0,90.45,1317875.0,0.3065,321.0,153920.0,0.7069
2026-05-14 12:47:46,23702.05,24000.0,+6.0,75.3,6585670.0,0.2684,355.0,1570855.0,0.7488
2026-05-14 12:47:46,23702.05,24050.0,+7.0,62.65,934830.0,0.2337,393.8,49985.0,0.7839
2026-05-14 12:48:47,23707.2,23350.0,-7.0,445.0,370695.0,0.7631,71.15,1925625.0,0.2331
2026-05-14 12:48:47,23707.2,23400.0,-6.0,406.15,1792960.0,0.7329,82.05,10485020.0,0.2616
2026-05-14 12:48:47,23707.2,23450.0,-5.0,367.0,974805.0,0.7028,93.1,2609295.0,0.2918
2026-05-14 12:48:47,23707.2,23500.0,-4.0,330.05,4517435.0,0.6713,106.2,8953555.0,0.325
2026-05-14 12:48:47,23707.2,23550.0,-3.0,295.0,1738100.0,0.6362,120.9,3404895.0,0.3602
2026-05-14 12:48:47,23707.2,23600.0,-2.0,261.9,3185390.0,0.599,137.8,5760885.0,0.3985
2026-05-14 12:48:47,23707.2,23650.0,-1.0,231.1,1969630.0,0.56,156.1,2838940.0,0.4384
2026-05-14 12:48:47,23707.2,23700.0,ATM,201.6,4108000.0,0.5194,176.9,4673175.0,0.4803
2026-05-14 12:48:47,23707.2,23750.0,+1.0,174.7,1447160.0,0.4775,200.5,865995.0,0.5233
2026-05-14 12:48:47,23707.2,23800.0,+2.0,150.65,4188795.0,0.4351,226.4,1760265.0,0.5667
2026-05-14 12:48:47,23707.2,23850.0,+3.0,128.3,1301560.0,0.3931,254.05,301925.0,0.6106
2026-05-14 12:48:47,23707.2,23900.0,+4.0,109.0,3125655.0,0.3517,283.65,742690.0,0.653
2026-05-14 12:48:47,23707.2,23950.0,+5.0,91.55,1306890.0,0.3113,317.0,153725.0,0.6933
2026-05-14 12:48:47,23707.2,24000.0,+6.0,76.5,6590025.0,0.2736,352.0,1575340.0,0.7338
2026-05-14 12:48:47,23707.2,24050.0,+7.0,63.55,932620.0,0.2383,386.05,49985.0,0.7767
2026-05-14 12:49:47,23707.45,23350.0,-7.0,444.65,370890.0,0.7658,70.95,1933555.0,0.2313
2026-05-14 12:49:47,23707.45,23400.0,-6.0,405.0,1795755.0,0.7356,81.6,10731760.0,0.2599
2026-05-14 12:49:47,23707.45,23450.0,-5.0,366.75,972075.0,0.7078,92.8,2623010.0,0.2897
2026-05-14 12:49:47,23707.45,23500.0,-4.0,329.15,4514965.0,0.675,105.85,8970650.0,0.3227
2026-05-14 12:49:47,23707.45,23550.0,-3.0,294.8,1728675.0,0.64,120.1,3404245.0,0.3577
2026-05-14 12:49:47,23707.45,23600.0,-2.0,260.55,3189875.0,0.6026,137.45,5750615.0,0.3959
2026-05-14 12:49:47,23707.45,23650.0,-1.0,230.15,1981135.0,0.5633,156.0,2831660.0,0.4358
2026-05-14 12:49:47,23707.45,23700.0,ATM,201.1,4157790.0,0.5224,176.85,4761835.0,0.4774
2026-05-14 12:49:47,23707.45,23750.0,+1.0,173.9,1472575.0,0.4803,199.75,878865.0,0.5202
2026-05-14 12:49:47,23707.45,23800.0,+2.0,149.25,4174755.0,0.4376,225.3,1768715.0,0.5637
2026-05-14 12:49:47,23707.45,23850.0,+3.0,127.7,1304030.0,0.3951,253.05,305500.0,0.6074
2026-05-14 12:49:47,23707.45,23900.0,+4.0,108.0,3134495.0,0.3536,283.8,729820.0,0.6496
2026-05-14 12:49:47,23707.45,23950.0,+5.0,90.9,1297205.0,0.3131,315.05,154440.0,0.6917
2026-05-14 12:49:47,23707.45,24000.0,+6.0,75.8,6592365.0,0.2747,350.35,1571700.0,0.7315
2026-05-14 12:49:47,23707.45,24050.0,+7.0,62.9,940225.0,0.2393,388.75,49855.0,0.7697
2026-05-14 12:50:47,23699.6,23350.0,-7.0,437.8,370500.0,0.7583,71.85,1933620.0,0.236
2026-05-14 12:50:47,23699.6,23400.0,-6.0,398.65,1794195.0,0.7307,82.65,10736635.0,0.2654
2026-05-14 12:50:47,23699.6,23450.0,-5.0,358.3,968045.0,0.7015,94.1,2623140.0,0.2955
2026-05-14 12:50:47,23699.6,23500.0,-4.0,322.3,4495075.0,0.6676,107.35,8986575.0,0.3293
2026-05-14 12:50:47,23699.6,23550.0,-3.0,287.8,1724450.0,0.6325,122.6,3405285.0,0.3652
2026-05-14 12:50:47,23699.6,23600.0,-2.0,255.5,3191565.0,0.5952,139.8,5766150.0,0.4033
2026-05-14 12:50:47,23699.6,23650.0,-1.0,224.95,1997385.0,0.5556,158.65,2838810.0,0.4438
2026-05-14 12:50:47,23699.6,23700.0,ATM,195.75,4221555.0,0.5137,180.0,4777890.0,0.4862
2026-05-14 12:50:47,23699.6,23750.0,+1.0,169.5,1517035.0,0.4714,203.55,900575.0,0.5294
2026-05-14 12:50:47,23699.6,23800.0,+2.0,145.2,4181190.0,0.4289,229.8,1796340.0,0.572
2026-05-14 12:50:47,23699.6,23850.0,+3.0,123.7,1289535.0,0.3861,257.65,306410.0,0.6169
2026-05-14 12:50:47,23699.6,23900.0,+4.0,104.8,3139240.0,0.3447,289.1,729170.0,0.6575
2026-05-14 12:50:47,23699.6,23950.0,+5.0,88.1,1331525.0,0.3053,321.55,156130.0,0.7011
2026-05-14 12:50:47,23699.6,24000.0,+6.0,73.25,6597695.0,0.2673,357.7,1575795.0,0.7371
2026-05-14 12:50:47,23699.6,24050.0,+7.0,60.95,949390.0,0.2324,395.0,49725.0,0.7751
2026-05-14 12:51:50,23697.2,23350.0,-7.0,431.05,370110.0,0.7562,73.0,1938105.0,0.2396
2026-05-14 12:51:50,23697.2,23400.0,-6.0,393.6,1802320.0,0.728,84.3,10735400.0,0.2692
2026-05-14 12:51:50,23697.2,23450.0,-5.0,354.7,969085.0,0.6976,95.9,2637180.0,0.2997
2026-05-14 12:51:50,23697.2,23500.0,-4.0,319.0,4480645.0,0.6645,109.35,9002760.0,0.3338
2026-05-14 12:51:50,23697.2,23550.0,-3.0,285.05,1714635.0,0.6279,124.9,3413800.0,0.3698
2026-05-14 12:51:50,23697.2,23600.0,-2.0,251.15,3169660.0,0.5903,142.2,5787600.0,0.4086
2026-05-14 12:51:50,23697.2,23650.0,-1.0,222.0,1990040.0,0.5502,161.7,2865070.0,0.449
2026-05-14 12:51:50,23697.2,23700.0,ATM,192.45,4184050.0,0.5089,183.5,4865185.0,0.4911
2026-05-14 12:51:50,23697.2,23750.0,+1.0,167.4,1506700.0,0.4666,207.0,929305.0,0.5341
2026-05-14 12:51:50,23697.2,23800.0,+2.0,143.35,4153305.0,0.4239,233.35,1815320.0,0.5776
2026-05-14 12:51:50,23697.2,23850.0,+3.0,122.4,1283100.0,0.3816,262.25,304460.0,0.6208
2026-05-14 12:51:50,23697.2,23900.0,+4.0,103.15,3127280.0,0.3403,292.75,728715.0,0.6635
2026-05-14 12:51:50,23697.2,23950.0,+5.0,86.6,1329575.0,0.3008,326.45,156390.0,0.7032
2026-05-14 12:51:50,23697.2,24000.0,+6.0,72.4,6593860.0,0.2637,360.95,1576055.0,0.7445
2026-05-14 12:51:50,23697.2,24050.0,+7.0,59.9,953745.0,0.229,398.3,49725.0,0.7811
2026-05-14 12:52:51,23678.95,23350.0,-7.0,417.05,370045.0,0.7442,76.7,1942915.0,0.2489
2026-05-14 12:52:51,23678.95,23400.0,-6.0,379.5,1800045.0,0.7132,88.5,10719800.0,0.2795
2026-05-14 12:52:51,23678.95,23450.0,-5.0,342.0,966550.0,0.6834,100.5,2637245.0,0.3115
2026-05-14 12:52:51,23678.95,23500.0,-4.0,306.2,4478110.0,0.6491,115.0,9000095.0,0.3465
2026-05-14 12:52:51,23678.95,23550.0,-3.0,271.95,1715675.0,0.6122,131.05,3413150.0,0.384
2026-05-14 12:52:51,23678.95,23600.0,-2.0,240.75,3162770.0,0.5742,148.85,5759650.0,0.4236
2026-05-14 12:52:51,23678.95,23650.0,-1.0,211.15,1991340.0,0.534,169.3,2869750.0,0.465
2026-05-14 12:52:51,23678.95,23700.0,ATM,183.0,4211155.0,0.4927,191.45,4864535.0,0.5079
2026-05-14 12:52:51,23678.95,23750.0,+1.0,157.8,1508910.0,0.4506,216.35,932945.0,0.5515
2026-05-14 12:52:51,23678.95,23800.0,+2.0,135.0,4155775.0,0.4084,243.8,1807780.0,0.5957
2026-05-14 12:52:51,23678.95,23850.0,+3.0,114.8,1283490.0,0.3668,273.8,300365.0,0.6393
2026-05-14 12:52:51,23678.95,23900.0,+4.0,96.9,3071510.0,0.326,305.0,728325.0,0.681
2026-05-14 12:52:51,23678.95,23950.0,+5.0,81.2,1324310.0,0.2879,338.7,156780.0,0.7211
2026-05-14 12:52:51,23678.95,24000.0,+6.0,67.6,6591065.0,0.251,375.3,1573975.0,0.7597
2026-05-14 12:52:51,23678.95,24050.0,+7.0,56.2,959075.0,0.218,405.2,49855.0,0.8112
2026-05-14 14:33:53,23772.45,23400.0,-7.0,454.3,1652495.0,0.767,63.25,11200800.0,0.2187
2026-05-14 14:33:53,23772.45,23450.0,-6.0,410.7,855790.0,0.7429,72.3,2643030.0,0.2454
2026-05-14 14:33:53,23772.45,23500.0,-5.0,372.15,3949400.0,0.7141,82.7,9447815.0,0.276
2026-05-14 14:33:53,23772.45,23550.0,-4.0,334.5,1437150.0,0.6826,94.65,3505645.0,0.3088
2026-05-14 14:33:53,23772.45,23600.0,-3.0,298.75,2747550.0,0.6476,108.8,6059820.0,0.345
2026-05-14 14:33:53,23772.45,23650.0,-2.0,264.2,1526135.0,0.6105,124.75,2919735.0,0.3837
2026-05-14 14:33:53,23772.45,23700.0,-1.0,232.2,3567785.0,0.5713,142.7,6353035.0,0.4251
2026-05-14 14:33:53,23772.45,23750.0,ATM,203.25,2199015.0,0.53,162.25,2572895.0,0.4687
2026-05-14 14:33:53,23772.45,23800.0,+1.0,174.85,4507490.0,0.4872,185.4,2873845.0,0.5138
2026-05-14 14:33:53,23772.45,23850.0,+2.0,150.45,1285895.0,0.4437,209.6,529425.0,0.5599
2026-05-14 14:33:53,23772.45,23900.0,+3.0,127.75,3070210.0,0.4002,237.2,951405.0,0.6063
2026-05-14 14:33:53,23772.45,23950.0,+4.0,107.35,1440530.0,0.3571,266.5,242905.0,0.6527
2026-05-14 14:33:53,23772.45,24000.0,+5.0,89.85,6604845.0,0.3157,300.35,1708655.0,0.696
2026-05-14 14:33:53,23772.45,24050.0,+6.0,74.25,925990.0,0.2765,334.1,66690.0,0.7394
2026-05-14 14:33:53,23772.45,24100.0,+7.0,61.55,2695160.0,0.2392,370.3,332930.0,0.7794
2026-05-14 14:34:54,23760.0,23400.0,-7.0,438.15,1643460.0,0.7737,65.55,11177790.0,0.2229
2026-05-14 14:34:54,23760.0,23450.0,-6.0,396.85,856375.0,0.7494,75.0,2626585.0,0.2512
2026-05-14 14:34:54,23760.0,23500.0,-5.0,358.7,3946020.0,0.718,86.1,9383920.0,0.2818
2026-05-14 14:34:54,23760.0,23550.0,-4.0,321.2,1429090.0,0.6839,98.5,3488550.0,0.315
2026-05-14 14:34:54,23760.0,23600.0,-3.0,285.8,2740725.0,0.647,112.85,5992415.0,0.3522
2026-05-14 14:34:54,23760.0,23650.0,-2.0,252.1,1523145.0,0.6081,129.95,2882490.0,0.3911
2026-05-14 14:34:54,23760.0,23700.0,-1.0,220.75,3560895.0,0.5671,148.1,6297070.0,0.4326
2026-05-14 14:34:54,23760.0,23750.0,ATM,191.95,2191735.0,0.5239,168.9,2555930.0,0.476
2026-05-14 14:34:54,23760.0,23800.0,+1.0,164.45,4547725.0,0.4796,192.4,2904655.0,0.5206
2026-05-14 14:34:54,23760.0,23850.0,+2.0,141.75,1285440.0,0.435,217.65,529945.0,0.5659
2026-05-14 14:34:54,23760.0,23900.0,+3.0,119.7,3059550.0,0.3907,246.15,959075.0,0.6107
2026-05-14 14:34:54,23760.0,23950.0,+4.0,100.15,1439750.0,0.3465,277.0,241670.0,0.6545
2026-05-14 14:34:54,23760.0,24000.0,+5.0,83.15,6583070.0,0.3051,310.35,1714505.0,0.697
2026-05-14 14:34:54,23760.0,24050.0,+6.0,68.95,934180.0,0.2658,339.0,65650.0,0.7462
2026-05-14 14:34:54,23760.0,24100.0,+7.0,56.7,2692690.0,0.2288,383.45,331695.0,0.773
2026-05-14 14:35:54,23752.15,23400.0,-7.0,433.7,1641640.0,0.7682,66.3,11178895.0,0.2266
2026-05-14 14:35:54,23752.15,23450.0,-6.0,392.0,859885.0,0.7405,75.8,2622945.0,0.2546
2026-05-14 14:35:54,23752.15,23500.0,-5.0,353.75,3935685.0,0.7118,87.15,9370335.0,0.2861
2026-05-14 14:35:54,23752.15,23550.0,-4.0,317.0,1425580.0,0.6772,99.8,3481465.0,0.3199
2026-05-14 14:35:54,23752.15,23600.0,-3.0,281.6,2729545.0,0.6406,114.55,6003140.0,0.3571
2026-05-14 14:35:54,23752.15,23650.0,-2.0,249.0,1511120.0,0.6015,131.45,2886780.0,0.3968
2026-05-14 14:35:54,23752.15,23700.0,-1.0,217.65,3501420.0,0.5604,149.55,6298305.0,0.4386
2026-05-14 14:35:54,23752.15,23750.0,ATM,188.3,2145585.0,0.5174,171.15,2676765.0,0.4824
2026-05-14 14:35:54,23752.15,23800.0,+1.0,162.0,4493190.0,0.4732,195.3,2963935.0,0.5274
2026-05-14 14:35:54,23752.15,23850.0,+2.0,138.45,1294735.0,0.4287,220.55,538850.0,0.5731
2026-05-14 14:35:54,23752.15,23900.0,+3.0,117.15,3048890.0,0.3843,249.1,968825.0,0.6184
2026-05-14 14:35:54,23752.15,23950.0,+4.0,98.25,1424800.0,0.3409,279.75,242190.0,0.663
2026-05-14 14:35:54,23752.15,24000.0,+5.0,81.85,6594510.0,0.2995,314.25,1713855.0,0.7062
2026-05-14 14:35:54,23752.15,24050.0,+6.0,67.7,909090.0,0.2605,352.6,65650.0,0.7391
2026-05-14 14:35:54,23752.15,24100.0,+7.0,55.3,2669680.0,0.2243,386.15,330785.0,0.7853
2026-05-14 14:36:55,23730.1,23400.0,-7.0,417.0,1636635.0,0.7489,70.1,11197550.0,0.2406
2026-05-14 14:36:55,23730.1,23450.0,-6.0,377.65,861185.0,0.7185,80.05,2620345.0,0.2701
2026-05-14 14:36:55,23730.1,23500.0,-5.0,339.85,3931915.0,0.689,91.95,9370335.0,0.3035
2026-05-14 14:36:55,23730.1,23550.0,-4.0,302.95,1423045.0,0.6543,105.3,3481205.0,0.339
2026-05-14 14:36:55,23730.1,23600.0,-3.0,269.05,2736175.0,0.6175,121.0,5996900.0,0.3777
2026-05-14 14:36:55,23730.1,23650.0,-2.0,237.05,1510665.0,0.5775,137.8,2874430.0,0.419
2026-05-14 14:36:55,23730.1,23700.0,-1.0,206.9,3479645.0,0.5363,157.7,6359145.0,0.4624
2026-05-14 14:36:55,23730.1,23750.0,ATM,178.5,2060045.0,0.4933,179.55,2669615.0,0.5074
2026-05-14 14:36:55,23730.1,23800.0,+1.0,153.2,4510870.0,0.4493,204.55,2954250.0,0.5535
2026-05-14 14:36:55,23730.1,23850.0,+2.0,130.75,1296685.0,0.4054,230.85,534365.0,0.5998
2026-05-14 14:36:55,23730.1,23900.0,+3.0,109.95,3067870.0,0.362,261.15,978250.0,0.6464
2026-05-14 14:36:55,23730.1,23950.0,+4.0,91.9,1416415.0,0.3202,293.7,239915.0,0.6897
2026-05-14 14:36:55,23730.1,24000.0,+5.0,76.7,6617520.0,0.2807,327.1,1713075.0,0.7316
2026-05-14 14:36:55,23730.1,24050.0,+6.0,63.35,904865.0,0.2431,365.6,69875.0,0.7729
2026-05-14 14:36:55,23730.1,24100.0,+7.0,52.25,2657915.0,0.2089,403.45,328575.0,0.8133
2026-05-14 14:37:55,23738.05,23400.0,-7.0,417.2,1640145.0,0.7568,69.9,11164790.0,0.2381
2026-05-14 14:37:55,23738.05,23450.0,-6.0,377.0,861120.0,0.73,80.05,2602340.0,0.2678
2026-05-14 14:37:55,23738.05,23500.0,-5.0,339.35,3925220.0,0.6973,92.0,9329645.0,0.3003
2026-05-14 14:37:55,23738.05,23550.0,-4.0,302.8,1422135.0,0.6619,105.55,3468530.0,0.3357
2026-05-14 14:37:55,23738.05,23600.0,-3.0,269.05,2747745.0,0.6237,121.05,5991050.0,0.3741
2026-05-14 14:37:55,23738.05,23650.0,-2.0,236.8,1507610.0,0.5836,138.7,2818140.0,0.4146
2026-05-14 14:37:55,23738.05,23700.0,-1.0,206.5,3486730.0,0.5418,158.5,6329830.0,0.4574
2026-05-14 14:37:55,23738.05,23750.0,ATM,178.75,2072395.0,0.4984,180.75,2589730.0,0.5018
2026-05-14 14:37:55,23738.05,23800.0,+1.0,153.0,4497805.0,0.454,205.45,2828020.0,0.5471
2026-05-14 14:37:55,23738.05,23850.0,+2.0,130.75,1297920.0,0.4096,232.05,521885.0,0.5922
2026-05-14 14:37:55,23738.05,23900.0,+3.0,110.3,3067480.0,0.366,261.6,966875.0,0.6376
2026-05-14 14:37:55,23738.05,23950.0,+4.0,92.2,1408485.0,0.3238,293.75,237770.0,0.6798
2026-05-14 14:37:55,23738.05,24000.0,+5.0,76.75,6669065.0,0.2836,329.1,1692795.0,0.7225
2026-05-14 14:37:55,23738.05,24050.0,+6.0,63.4,930410.0,0.2459,362.65,69875.0,0.7655
2026-05-14 14:37:55,23738.05,24100.0,+7.0,52.0,2685670.0,0.212,402.7,326170.0,0.799
2026-05-14 14:38:56,23742.2,23400.0,-7.0,425.8,1643005.0,0.7553,69.7,11140415.0,0.2349
2026-05-14 14:38:56,23742.2,23450.0,-6.0,380.05,856960.0,0.7273,79.8,2580630.0,0.2633
2026-05-14 14:38:56,23742.2,23500.0,-5.0,341.85,3924180.0,0.6969,91.75,9333805.0,0.2956
2026-05-14 14:38:56,23742.2,23550.0,-4.0,307.9,1422980.0,0.6624,104.8,3453125.0,0.3307
2026-05-14 14:38:56,23742.2,23600.0,-3.0,271.95,2761655.0,0.6265,120.2,5955560.0,0.3688
2026-05-14 14:38:56,23742.2,23650.0,-2.0,239.4,1514565.0,0.5873,137.4,2808585.0,0.4091
2026-05-14 14:38:56,23742.2,23700.0,-1.0,208.35,3487965.0,0.5465,157.25,6356350.0,0.4518
2026-05-14 14:38:56,23742.2,23750.0,ATM,181.15,2107820.0,0.5037,178.75,2567240.0,0.4965
2026-05-14 14:38:56,23742.2,23800.0,+1.0,154.8,4540120.0,0.4599,203.15,2801695.0,0.5422
2026-05-14 14:38:56,23742.2,23850.0,+2.0,132.0,1313455.0,0.416,230.55,524355.0,0.5884
2026-05-14 14:38:56,23742.2,23900.0,+3.0,111.4,3068845.0,0.3723,259.7,962715.0,0.6338
2026-05-14 14:38:56,23742.2,23950.0,+4.0,93.3,1419665.0,0.3297,291.25,237510.0,0.6787
2026-05-14 14:38:56,23742.2,24000.0,+5.0,77.35,6703190.0,0.2896,321.9,1685255.0,0.723
2026-05-14 14:38:56,23742.2,24050.0,+6.0,64.0,901420.0,0.2513,361.35,71695.0,0.7614
2026-05-14 14:38:56,23742.2,24100.0,+7.0,52.7,2718820.0,0.2164,395.0,326235.0,0.8009
2026-05-14 14:39:57,23738.55,23400.0,-7.0,415.0,1643525.0,0.7646,70.75,11130600.0,0.2389
2026-05-14 14:39:57,23738.55,23450.0,-6.0,376.05,856050.0,0.7329,81.1,2571855.0,0.2681
2026-05-14 14:39:57,23738.55,23500.0,-5.0,337.55,3922750.0,0.7022,93.15,9308910.0,0.3002
2026-05-14 14:39:57,23738.55,23550.0,-4.0,302.05,1423565.0,0.6657,106.3,3443505.0,0.3351
2026-05-14 14:39:57,23738.55,23600.0,-3.0,268.0,2755805.0,0.6276,121.9,5954195.0,0.3731
2026-05-14 14:39:57,23738.55,23650.0,-2.0,235.85,1516450.0,0.5868,139.55,2834715.0,0.4133
2026-05-14 14:39:57,23738.55,23700.0,-1.0,205.55,3489590.0,0.5447,159.1,6365255.0,0.4554
2026-05-14 14:39:57,23738.55,23750.0,ATM,177.15,2152345.0,0.5008,181.65,2553720.0,0.4992
2026-05-14 14:39:57,23738.55,23800.0,+1.0,152.0,4525950.0,0.456,206.55,2745340.0,0.5439
2026-05-14 14:39:57,23738.55,23850.0,+2.0,129.65,1328470.0,0.4111,233.2,524550.0,0.5887
2026-05-14 14:39:57,23738.55,23900.0,+3.0,109.1,3086135.0,0.3671,262.6,961740.0,0.6328
2026-05-14 14:39:57,23738.55,23950.0,+4.0,91.5,1430455.0,0.3241,295.35,236990.0,0.6751
2026-05-14 14:39:57,23738.55,24000.0,+5.0,76.1,6726005.0,0.2836,329.4,1683695.0,0.7159
2026-05-14 14:39:57,23738.55,24050.0,+6.0,62.65,922155.0,0.2457,366.1,71500.0,0.7556
2026-05-14 14:39:57,23738.55,24100.0,+7.0,51.3,2737345.0,0.2115,405.0,326170.0,0.7883
2026-05-14 14:40:58,23728.25,23400.0,-7.0,405.6,1647750.0,0.7513,72.6,11142885.0,0.2456
2026-05-14 14:40:58,23728.25,23450.0,-6.0,367.15,851760.0,0.7209,83.35,2579330.0,0.2755
2026-05-14 14:40:58,23728.25,23500.0,-5.0,327.5,3919955.0,0.6895,95.6,9226685.0,0.3094
2026-05-14 14:40:58,23728.25,23550.0,-4.0,292.55,1421615.0,0.6521,109.4,3431870.0,0.3451
2026-05-14 14:40:58,23728.25,23600.0,-3.0,259.1,2760225.0,0.6142,125.8,5916235.0,0.3843
2026-05-14 14:40:58,23728.25,23650.0,-2.0,227.65,1520870.0,0.5735,144.4,2837510.0,0.4255
2026-05-14 14:40:58,23728.25,23700.0,-1.0,197.55,3541200.0,0.5311,164.3,6239675.0,0.4686
2026-05-14 14:40:58,23728.25,23750.0,ATM,170.2,2061930.0,0.4872,187.35,2518035.0,0.5131
2026-05-14 14:40:58,23728.25,23800.0,+1.0,145.8,4531475.0,0.4427,212.6,2673970.0,0.5582
2026-05-14 14:40:58,23728.25,23850.0,+2.0,123.95,1334255.0,0.3983,241.2,505830.0,0.6036
2026-05-14 14:40:58,23728.25,23900.0,+3.0,104.6,3142620.0,0.3548,271.0,949065.0,0.6473
2026-05-14 14:40:58,23728.25,23950.0,+4.0,87.25,1455285.0,0.3135,302.95,226200.0,0.691
2026-05-14 14:40:58,23728.25,24000.0,+5.0,72.85,6740500.0,0.2738,338.95,1670890.0,0.7303
2026-05-14 14:40:58,23728.25,24050.0,+6.0,59.9,901940.0,0.2366,377.15,71175.0,0.7705
2026-05-14 14:40:58,23728.25,24100.0,+7.0,49.1,2747160.0,0.2037,413.5,326170.0,0.8059
2026-05-14 14:41:59,23728.0,23400.0,-7.0,406.05,1642485.0,0.7471,71.6,11105575.0,0.2443
2026-05-14 14:41:59,23728.0,23450.0,-6.0,368.0,849160.0,0.7196,81.8,2587455.0,0.2741
2026-05-14 14:41:59,23728.0,23500.0,-5.0,329.8,3919175.0,0.6876,94.25,9232145.0,0.3081
2026-05-14 14:41:59,23728.0,23550.0,-4.0,294.15,1422265.0,0.6504,107.8,3434275.0,0.3438
2026-05-14 14:41:59,23728.0,23600.0,-3.0,260.0,2747225.0,0.6133,124.1,5923710.0,0.3834
2026-05-14 14:41:59,23728.0,23650.0,-2.0,228.65,1516970.0,0.5727,141.75,2835365.0,0.4246
2026-05-14 14:41:59,23728.0,23700.0,-1.0,198.6,3538795.0,0.5309,162.0,6263530.0,0.4683
2026-05-14 14:41:59,23728.0,23750.0,ATM,171.7,2094820.0,0.4872,184.85,2563210.0,0.5136
2026-05-14 14:41:59,23728.0,23800.0,+1.0,146.3,4551690.0,0.4429,210.15,2672540.0,0.5599
2026-05-14 14:41:59,23728.0,23850.0,+2.0,124.7,1331135.0,0.3988,237.85,500435.0,0.6057
2026-05-14 14:41:59,23728.0,23900.0,+3.0,104.95,3170050.0,0.3555,267.35,943540.0,0.6514
2026-05-14 14:41:59,23728.0,23950.0,+4.0,87.2,1469325.0,0.3128,300.15,226135.0,0.6947
2026-05-14 14:41:59,23728.0,24000.0,+5.0,72.75,6720545.0,0.2738,335.4,1669135.0,0.7384
2026-05-14 14:41:59,23728.0,24050.0,+6.0,60.0,898300.0,0.2366,373.0,71435.0,0.7745
2026-05-14 14:41:59,23728.0,24100.0,+7.0,48.95,3046290.0,0.2031,412.25,325715.0,0.8141
2026-05-14 14:43:00,23732.0,23400.0,-7.0,405.85,1641120.0,0.7513,71.95,11130340.0,0.2426
2026-05-14 14:43:00,23732.0,23450.0,-6.0,369.8,848705.0,0.722,82.2,2584985.0,0.2721
2026-05-14 14:43:00,23732.0,23500.0,-5.0,327.0,3916965.0,0.6896,94.85,9252750.0,0.3056
2026-05-14 14:43:00,23732.0,23550.0,-4.0,292.2,1418495.0,0.6541,108.85,3427580.0,0.3415
2026-05-14 14:43:00,23732.0,23600.0,-3.0,260.3,2749630.0,0.6163,123.75,5920525.0,0.3806
2026-05-14 14:43:00,23732.0,23650.0,-2.0,229.7,1507090.0,0.5763,141.75,2841605.0,0.4221
2026-05-14 14:43:00,23732.0,23700.0,-1.0,199.0,3540810.0,0.534,161.45,6251635.0,0.4654
2026-05-14 14:43:00,23732.0,23750.0,ATM,170.0,2142790.0,0.4902,183.85,2545075.0,0.5104
2026-05-14 14:43:00,23732.0,23800.0,+1.0,145.1,4574050.0,0.4456,210.75,2598895.0,0.5563
2026-05-14 14:43:00,23732.0,23850.0,+2.0,122.8,1320540.0,0.4012,236.6,485095.0,0.6029
2026-05-14 14:43:00,23732.0,23900.0,+3.0,103.25,3190135.0,0.3572,268.55,944710.0,0.6486
2026-05-14 14:43:00,23732.0,23950.0,+4.0,86.75,1477320.0,0.315,301.0,226135.0,0.6908
2026-05-14 14:43:00,23732.0,24000.0,+5.0,72.0,6721455.0,0.2742,333.65,1666730.0,0.732
2026-05-14 14:43:00,23732.0,24050.0,+6.0,59.15,902915.0,0.2365,370.35,70915.0,0.7712
2026-05-14 14:43:00,23732.0,24100.0,+7.0,47.45,3210350.0,0.203,407.9,325520.0,0.81
2026-05-14 14:44:00,23734.3,23400.0,-7.0,406.5,1640210.0,0.7607,72.2,11116430.0,0.2442
2026-05-14 14:44:00,23734.3,23450.0,-6.0,366.3,846365.0,0.7297,82.65,2579720.0,0.274
2026-05-14 14:44:00,23734.3,23500.0,-5.0,329.3,3915925.0,0.6959,95.4,9238645.0,0.3069
2026-05-14 14:44:00,23734.3,23550.0,-4.0,294.15,1415700.0,0.6592,109.0,3423745.0,0.3426
2026-05-14 14:44:00,23734.3,23600.0,-3.0,259.85,2744040.0,0.6202,124.95,5914935.0,0.3811
2026-05-14 14:44:00,23734.3,23650.0,-2.0,228.55,1505075.0,0.579,143.3,2843230.0,0.4218
2026-05-14 14:44:00,23734.3,23700.0,-1.0,198.55,3525340.0,0.5359,163.25,6220630.0,0.4644
2026-05-14 14:44:00,23734.3,23750.0,ATM,171.45,2175485.0,0.4914,185.65,2562560.0,0.5084
2026-05-14 14:44:00,23734.3,23800.0,+1.0,146.05,4586335.0,0.4462,211.0,2621645.0,0.5531
2026-05-14 14:44:00,23734.3,23850.0,+2.0,124.4,1337830.0,0.4012,238.95,485745.0,0.5976
2026-05-14 14:44:00,23734.3,23900.0,+3.0,104.4,3202810.0,0.357,269.0,943345.0,0.6413
2026-05-14 14:44:00,23734.3,23950.0,+4.0,87.0,1485705.0,0.3147,302.5,226265.0,0.6827
2026-05-14 14:44:00,23734.3,24000.0,+5.0,72.55,6722430.0,0.275,336.3,1666535.0,0.723
2026-05-14 14:44:00,23734.3,24050.0,+6.0,59.4,904865.0,0.2372,374.85,70915.0,0.7599
2026-05-14 14:44:00,23734.3,24100.0,+7.0,48.55,3219385.0,0.2031,414.9,325715.0,0.7919
2026-05-14 14:45:01,23730.9,23400.0,-7.0,402.0,1639885.0,0.753,72.2,11112400.0,0.2461
2026-05-14 14:45:01,23730.9,23450.0,-6.0,362.1,846430.0,0.7229,82.5,2560805.0,0.2765
2026-05-14 14:45:01,23730.9,23500.0,-5.0,325.85,3888950.0,0.6897,95.35,9167015.0,0.3097
2026-05-14 14:45:01,23730.9,23550.0,-4.0,288.65,1413360.0,0.6534,108.95,3424200.0,0.3461
2026-05-14 14:45:01,23730.9,23600.0,-3.0,255.6,2751190.0,0.6144,125.3,5880160.0,0.3855
2026-05-14 14:45:01,23730.9,23650.0,-2.0,225.95,1501955.0,0.5728,143.5,2822560.0,0.4268
2026-05-14 14:45:01,23730.9,23700.0,-1.0,196.2,3544125.0,0.5297,163.6,6194175.0,0.4702
2026-05-14 14:45:01,23730.9,23750.0,ATM,167.75,2191995.0,0.4853,186.8,2563275.0,0.5149
2026-05-14 14:45:01,23730.9,23800.0,+1.0,142.8,4595695.0,0.4401,212.35,2624635.0,0.5604
2026-05-14 14:45:01,23730.9,23850.0,+2.0,120.75,1326195.0,0.3951,239.7,489515.0,0.6065
2026-05-14 14:45:01,23730.9,23900.0,+3.0,101.3,3227315.0,0.3511,271.25,945035.0,0.6501
2026-05-14 14:45:01,23730.9,23950.0,+4.0,84.5,1479270.0,0.3086,303.15,229775.0,0.6935
2026-05-14 14:45:01,23730.9,24000.0,+5.0,70.35,6768515.0,0.2692,337.65,1665040.0,0.7348
2026-05-14 14:45:01,23730.9,24050.0,+6.0,57.35,905385.0,0.2314,377.0,70980.0,0.7702
2026-05-14 14:45:01,23730.9,24100.0,+7.0,46.75,3220685.0,0.1983,415.0,324740.0,0.806
2026-05-14 14:46:02,23715.55,23350.0,-7.0,427.2,341055.0,0.7786,64.5,1995175.0,0.2232
2026-05-14 14:46:02,23715.55,23400.0,-6.0,389.75,1639040.0,0.749,75.1,11121630.0,0.2531
2026-05-14 14:46:02,23715.55,23450.0,-5.0,349.4,842205.0,0.7177,86.0,2575625.0,0.2837
2026-05-14 14:46:02,23715.55,23500.0,-4.0,312.6,3867565.0,0.6839,98.95,9197045.0,0.3186
2026-05-14 14:46:02,23715.55,23550.0,-3.0,277.35,1364480.0,0.6466,113.65,3447470.0,0.3555
2026-05-14 14:46:02,23715.55,23600.0,-2.0,244.8,2718885.0,0.6051,130.55,5841550.0,0.3949
2026-05-14 14:46:02,23715.55,23650.0,-1.0,214.2,1504230.0,0.5625,149.4,2831920.0,0.4368
2026-05-14 14:46:02,23715.55,23700.0,ATM,185.25,3534895.0,0.5189,170.4,6180590.0,0.4809
2026-05-14 14:46:02,23715.55,23750.0,+1.0,159.1,2247895.0,0.4739,194.25,2584530.0,0.5261
2026-05-14 14:46:02,23715.55,23800.0,+2.0,135.0,4560465.0,0.4284,220.2,2630355.0,0.5718
2026-05-14 14:46:02,23715.55,23850.0,+3.0,113.95,1236950.0,0.383,248.65,492310.0,0.6165
2026-05-14 14:46:02,23715.55,23900.0,+4.0,95.5,3173625.0,0.339,279.9,944125.0,0.6597
2026-05-14 14:46:02,23715.55,23950.0,+5.0,79.0,1459185.0,0.2975,314.4,227435.0,0.705
2026-05-14 14:46:02,23715.55,24000.0,+6.0,65.5,6728800.0,0.259,350.0,1656525.0,0.7447
2026-05-14 14:46:02,23715.55,24050.0,+7.0,53.45,910520.0,0.2218,386.9,70915.0,0.7782
2026-05-14 14:47:02,23701.5,23350.0,-7.0,419.85,337870.0,0.7666,67.2,1986075.0,0.2319
2026-05-14 14:47:02,23701.5,23400.0,-6.0,382.9,1626820.0,0.7325,78.1,11104665.0,0.2617
2026-05-14 14:47:02,23701.5,23450.0,-5.0,342.8,838175.0,0.703,89.4,2576015.0,0.2936
2026-05-14 14:47:02,23701.5,23500.0,-4.0,306.25,3851315.0,0.6695,103.05,9076405.0,0.3287
2026-05-14 14:47:02,23701.5,23550.0,-3.0,271.7,1341405.0,0.6312,117.8,3372720.0,0.3662
2026-05-14 14:47:02,23701.5,23600.0,-2.0,239.55,2683720.0,0.5916,135.3,5717010.0,0.4069
2026-05-14 14:47:02,23701.5,23650.0,-1.0,209.0,1496690.0,0.5495,155.0,2763475.0,0.4494
2026-05-14 14:47:02,23701.5,23700.0,ATM,180.6,3527420.0,0.5062,176.4,6065865.0,0.4938
2026-05-14 14:47:02,23701.5,23750.0,+1.0,154.9,2208700.0,0.4616,201.4,2574195.0,0.5393
2026-05-14 14:47:02,23701.5,23800.0,+2.0,131.65,4513730.0,0.4169,227.75,2534480.0,0.585
2026-05-14 14:47:02,23701.5,23850.0,+3.0,111.25,1245530.0,0.3725,256.5,476190.0,0.6307
2026-05-14 14:47:02,23701.5,23900.0,+4.0,93.35,3129425.0,0.3297,288.5,925730.0,0.6751
2026-05-14 14:47:02,23701.5,23950.0,+5.0,77.55,1419860.0,0.2889,322.7,221325.0,0.719
2026-05-14 14:47:02,23701.5,24000.0,+6.0,64.1,6707870.0,0.2508,359.85,1636180.0,0.7586
2026-05-14 14:47:02,23701.5,24050.0,+7.0,52.35,890825.0,0.2155,397.8,68250.0,0.7944
2026-05-14 14:52:46,23711.75,23350.0,-7.0,426.0,336505.0,0.7785,63.2,1974375.0,0.2237
2026-05-14 14:52:46,23711.75,23400.0,-6.0,387.35,1595555.0,0.7471,73.6,9891895.0,0.253
2026-05-14 14:52:46,23711.75,23450.0,-5.0,348.3,826605.0,0.7158,84.2,2532725.0,0.2848
2026-05-14 14:52:46,23711.75,23500.0,-4.0,311.35,3852485.0,0.6814,97.5,8920665.0,0.3201
2026-05-14 14:52:46,23711.75,23550.0,-3.0,275.9,1305005.0,0.6421,111.7,3291665.0,0.357
2026-05-14 14:52:46,23711.75,23600.0,-2.0,243.25,2679105.0,0.6017,129.3,5598775.0,0.3976
2026-05-14 14:52:46,23711.75,23650.0,-1.0,212.9,1537770.0,0.5593,147.85,2770495.0,0.4405
2026-05-14 14:52:46,23711.75,23700.0,ATM,184.3,3937830.0,0.5152,169.3,6092060.0,0.4847
2026-05-14 14:52:46,23711.75,23750.0,+1.0,158.3,2128945.0,0.47,192.6,2367885.0,0.5305
2026-05-14 14:52:46,23711.75,23800.0,+2.0,134.2,4548635.0,0.4238,219.15,2405195.0,0.5761
2026-05-14 14:52:46,23711.75,23850.0,+3.0,113.35,1302860.0,0.3787,248.35,463645.0,0.6216
2026-05-14 14:52:46,23711.75,23900.0,+4.0,94.5,3206710.0,0.3356,279.75,902915.0,0.6669
2026-05-14 14:52:46,23711.75,23950.0,+5.0,78.45,1424020.0,0.2931,314.0,217620.0,0.7078
2026-05-14 14:52:46,23711.75,24000.0,+6.0,64.9,6815120.0,0.2541,349.55,1633060.0,0.7483
2026-05-14 14:52:46,23711.75,24050.0,+7.0,52.95,884065.0,0.218,388.35,68445.0,0.788
2026-05-14 14:53:46,23708.45,23350.0,-7.0,423.4,335855.0,0.778,63.85,1976130.0,0.2244
2026-05-14 14:53:46,23708.45,23400.0,-6.0,385.0,1594125.0,0.7473,74.2,9869990.0,0.254
2026-05-14 14:53:46,23708.45,23450.0,-5.0,345.1,822315.0,0.7165,85.5,2533310.0,0.2855
2026-05-14 14:53:46,23708.45,23500.0,-4.0,308.25,3851835.0,0.6813,98.5,8935355.0,0.3207
2026-05-14 14:53:46,23708.45,23550.0,-3.0,273.95,1298050.0,0.6422,113.2,3292835.0,0.3582
2026-05-14 14:53:46,23708.45,23600.0,-2.0,240.8,2677220.0,0.6015,130.85,5607160.0,0.3989
2026-05-14 14:53:46,23708.45,23650.0,-1.0,211.0,1533935.0,0.5585,149.45,2769585.0,0.4413
2026-05-14 14:53:46,23708.45,23700.0,ATM,182.15,3974360.0,0.5143,170.75,6146725.0,0.4857
2026-05-14 14:53:46,23708.45,23750.0,+1.0,156.5,2133560.0,0.469,194.85,2380365.0,0.5312
2026-05-14 14:53:46,23708.45,23800.0,+2.0,132.3,4549545.0,0.423,221.9,2411370.0,0.5767
2026-05-14 14:53:46,23708.45,23850.0,+3.0,111.5,1304680.0,0.3779,250.5,460915.0,0.622
2026-05-14 14:53:46,23708.45,23900.0,+4.0,93.45,3223350.0,0.334,281.75,904345.0,0.6664
2026-05-14 14:53:46,23708.45,23950.0,+5.0,77.1,1432860.0,0.2921,316.7,217165.0,0.7069
2026-05-14 14:53:46,23708.45,24000.0,+6.0,63.95,6827925.0,0.2536,352.0,1639170.0,0.7473
2026-05-14 14:53:46,23708.45,24050.0,+7.0,52.0,892190.0,0.2168,389.25,68770.0,0.7822
2026-05-14 14:54:46,23711.55,23350.0,-7.0,422.75,335855.0,0.7796,63.5,1980940.0,0.2241
2026-05-14 14:54:46,23711.55,23400.0,-6.0,383.5,1594125.0,0.7472,73.8,9869990.0,0.2537
2026-05-14 14:54:46,23711.55,23450.0,-5.0,346.45,822315.0,0.7146,85.1,2526420.0,0.2855
2026-05-14 14:54:46,23711.55,23500.0,-4.0,307.55,3853070.0,0.6808,98.3,8960900.0,0.3208
2026-05-14 14:54:46,23711.55,23550.0,-3.0,273.6,1297790.0,0.6427,112.7,3295695.0,0.358
2026-05-14 14:54:46,23711.55,23600.0,-2.0,240.25,2676700.0,0.6019,130.4,5600725.0,0.3989
2026-05-14 14:54:46,23711.55,23650.0,-1.0,210.55,1529775.0,0.5586,149.45,2769780.0,0.4414
2026-05-14 14:54:46,23711.55,23700.0,ATM,181.7,4005690.0,0.5142,170.35,6163170.0,0.4858
2026-05-14 14:54:46,23711.55,23750.0,+1.0,155.5,2133560.0,0.4686,194.5,2380365.0,0.5314
2026-05-14 14:54:46,23711.55,23800.0,+2.0,131.7,4552795.0,0.4225,220.8,2399345.0,0.5772
2026-05-14 14:54:46,23711.55,23850.0,+3.0,111.0,1305655.0,0.3772,250.1,459615.0,0.6225
2026-05-14 14:54:46,23711.55,23900.0,+4.0,92.6,3219905.0,0.3333,281.4,903110.0,0.6673
2026-05-14 14:54:46,23711.55,23950.0,+5.0,76.75,1435980.0,0.2912,316.15,217035.0,0.7098
2026-05-14 14:54:46,23711.55,24000.0,+6.0,63.4,6843265.0,0.2519,351.7,1639170.0,0.7501
2026-05-14 14:54:46,23711.55,24050.0,+7.0,51.35,892190.0,0.2154,391.05,68965.0,0.7822
2026-05-14 14:55:47,23703.75,23350.0,-7.0,418.55,335920.0,0.7731,64.2,1973140.0,0.2263
2026-05-14 14:55:47,23703.75,23400.0,-6.0,381.95,1586065.0,0.7372,74.7,9856925.0,0.2563
2026-05-14 14:55:47,23703.75,23450.0,-5.0,342.95,824265.0,0.7059,85.85,2516735.0,0.2886
2026-05-14 14:55:47,23703.75,23500.0,-4.0,305.6,3851900.0,0.6712,99.2,8925410.0,0.3242
2026-05-14 14:55:47,23703.75,23550.0,-3.0,271.1,1287195.0,0.6337,113.95,3280420.0,0.3625
2026-05-14 14:55:47,23703.75,23600.0,-2.0,238.45,2680990.0,0.5936,131.55,5569980.0,0.4037
2026-05-14 14:55:47,23703.75,23650.0,-1.0,208.5,1535235.0,0.5514,150.55,2738060.0,0.4471
2026-05-14 14:55:47,23703.75,23700.0,ATM,180.25,4068545.0,0.5077,172.1,6123650.0,0.4923
2026-05-14 14:55:47,23703.75,23750.0,+1.0,154.15,2187445.0,0.4629,196.35,2316405.0,0.5388
2026-05-14 14:55:47,23703.75,23800.0,+2.0,130.45,4556955.0,0.4176,223.4,2397070.0,0.5855
2026-05-14 14:55:47,23703.75,23850.0,+3.0,109.9,1308710.0,0.3727,252.35,460330.0,0.632
2026-05-14 14:55:47,23703.75,23900.0,+4.0,91.55,3232840.0,0.3295,283.5,903305.0,0.6785
2026-05-14 14:55:47,23703.75,23950.0,+5.0,75.8,1438710.0,0.288,317.8,218595.0,0.7177
2026-05-14 14:55:47,23703.75,24000.0,+6.0,62.55,6912425.0,0.2497,353.65,1642615.0,0.761
2026-05-14 14:55:47,23703.75,24050.0,+7.0,50.7,899600.0,0.2132,392.3,69030.0,0.7975
2026-05-14 14:56:47,23701.95,23350.0,-7.0,416.15,335660.0,0.7802,65.0,1969630.0,0.2271
2026-05-14 14:56:47,23701.95,23400.0,-6.0,375.0,1498510.0,0.75,75.55,9844445.0,0.2574
2026-05-14 14:56:47,23701.95,23450.0,-5.0,337.55,823290.0,0.7161,87.0,2511860.0,0.2894
2026-05-14 14:56:47,23701.95,23500.0,-4.0,300.0,3849690.0,0.6811,100.95,8927100.0,0.325
2026-05-14 14:56:47,23701.95,23550.0,-3.0,266.0,1275430.0,0.6409,115.4,3268070.0,0.3627
2026-05-14 14:56:47,23701.95,23600.0,-2.0,232.85,2674555.0,0.5988,133.15,5567575.0,0.4036
2026-05-14 14:56:47,23701.95,23650.0,-1.0,203.7,1530490.0,0.5549,153.2,2725580.0,0.4464
2026-05-14 14:56:47,23701.95,23700.0,ATM,175.5,4095715.0,0.5094,174.45,6125210.0,0.4906
2026-05-14 14:56:47,23701.95,23750.0,+1.0,150.35,2200315.0,0.4632,198.1,2280525.0,0.5359
2026-05-14 14:56:47,23701.95,23800.0,+2.0,126.8,4538040.0,0.4164,225.9,2351700.0,0.5814
2026-05-14 14:56:47,23701.95,23850.0,+3.0,106.7,1308905.0,0.3707,255.65,460265.0,0.6256
2026-05-14 14:56:47,23701.95,23900.0,+4.0,88.95,3238690.0,0.3264,287.55,901875.0,0.6698
2026-05-14 14:56:47,23701.95,23950.0,+5.0,73.3,1441570.0,0.2845,322.0,217425.0,0.7108
2026-05-14 14:56:47,23701.95,24000.0,+6.0,60.15,6939530.0,0.2458,359.0,1642745.0,0.7486
2026-05-14 14:56:47,23701.95,24050.0,+7.0,49.05,895570.0,0.2094,396.6,69030.0,0.7833
2026-05-14 14:57:48,23701.05,23350.0,-7.0,413.95,335855.0,0.7807,64.55,1962155.0,0.2267
2026-05-14 14:57:48,23701.05,23400.0,-6.0,376.3,1494610.0,0.7486,75.1,9837360.0,0.257
2026-05-14 14:57:48,23701.05,23450.0,-5.0,337.5,823355.0,0.7154,86.55,2511340.0,0.2891
2026-05-14 14:57:48,23701.05,23500.0,-4.0,300.35,3855540.0,0.6796,100.25,8916440.0,0.3247
2026-05-14 14:57:48,23701.05,23550.0,-3.0,266.15,1268735.0,0.6392,115.05,3255395.0,0.3629
2026-05-14 14:57:48,23701.05,23600.0,-2.0,233.95,2671955.0,0.5978,133.15,5562115.0,0.4036
2026-05-14 14:57:48,23701.05,23650.0,-1.0,204.0,1534910.0,0.5541,152.45,2721485.0,0.4466
2026-05-14 14:57:48,23701.05,23700.0,ATM,176.05,4129905.0,0.509,174.85,6100120.0,0.491
2026-05-14 14:57:48,23701.05,23750.0,+1.0,150.45,2203175.0,0.4631,198.45,2274350.0,0.5364
2026-05-14 14:57:48,23701.05,23800.0,+2.0,127.25,4543240.0,0.4167,226.5,2340845.0,0.5817
2026-05-14 14:57:48,23701.05,23850.0,+3.0,107.0,1304095.0,0.3713,255.95,456885.0,0.6265
2026-05-14 14:57:48,23701.05,23900.0,+4.0,89.35,3256565.0,0.3276,288.0,898235.0,0.6705
2026-05-14 14:57:48,23701.05,23950.0,+5.0,73.65,1447095.0,0.2853,322.35,214825.0,0.7107
2026-05-14 14:57:48,23701.05,24000.0,+6.0,60.9,6956950.0,0.2469,358.9,1641705.0,0.7511
2026-05-14 14:57:48,23701.05,24050.0,+7.0,49.45,891865.0,0.211,395.3,68965.0,0.7866
2026-05-14 15:00:33,23711.85,23350.0,-7.0,423.05,336050.0,0.7795,62.85,1914445.0,0.2223
2026-05-14 15:00:33,23711.85,23400.0,-6.0,384.65,1463930.0,0.7482,73.15,9746815.0,0.2522
2026-05-14 15:00:33,23711.85,23450.0,-5.0,345.35,815880.0,0.7177,84.3,2444130.0,0.2838
2026-05-14 15:00:33,23711.85,23500.0,-4.0,307.2,3863730.0,0.6829,97.25,8698105.0,0.3191
2026-05-14 15:00:33,23711.85,23550.0,-3.0,273.0,1257360.0,0.6427,111.55,3167190.0,0.3565
2026-05-14 15:00:33,23711.85,23600.0,-2.0,240.05,2599480.0,0.6021,128.9,5435755.0,0.3983
2026-05-14 15:00:33,23711.85,23650.0,-1.0,209.95,1521975.0,0.5587,148.15,2610660.0,0.4409
2026-05-14 15:00:33,23711.85,23700.0,ATM,181.1,4208035.0,0.5149,169.15,5923515.0,0.485
2026-05-14 15:00:33,23711.85,23750.0,+1.0,155.65,2062580.0,0.4694,193.35,2176590.0,0.5309
2026-05-14 15:00:33,23711.85,23800.0,+2.0,131.5,4515225.0,0.4232,219.85,2292550.0,0.5772
2026-05-14 15:00:33,23711.85,23850.0,+3.0,110.85,1322945.0,0.3776,249.4,439725.0,0.6226
2026-05-14 15:00:33,23711.85,23900.0,+4.0,92.8,3205150.0,0.3337,279.9,885430.0,0.6681
2026-05-14 15:00:33,23711.85,23950.0,+5.0,76.4,1399255.0,0.2912,315.15,213200.0,0.7075
2026-05-14 15:00:33,23711.85,24000.0,+6.0,63.1,6925945.0,0.2525,351.1,1632930.0,0.7497
2026-05-14 15:00:33,23711.85,24050.0,+7.0,51.15,880360.0,0.2156,390.4,67340.0,0.7817
2026-05-14 15:01:34,23692.8,23350.0,-7.0,410.0,335205.0,0.7766,64.9,1895725.0,0.2291
2026-05-14 15:01:34,23692.8,23400.0,-6.0,371.7,1426750.0,0.743,75.55,9816885.0,0.2597
2026-05-14 15:01:34,23692.8,23450.0,-5.0,331.7,795405.0,0.71,87.05,2430610.0,0.2925
2026-05-14 15:01:34,23692.8,23500.0,-4.0,295.2,3853525.0,0.6748,100.8,8690565.0,0.3282
2026-05-14 15:01:34,23692.8,23550.0,-3.0,262.3,1255670.0,0.6345,115.7,3179475.0,0.3668
2026-05-14 15:01:34,23692.8,23600.0,-2.0,229.15,2597660.0,0.5929,133.4,5432700.0,0.4085
2026-05-14 15:01:34,23692.8,23650.0,-1.0,199.7,1529710.0,0.5483,153.95,2576535.0,0.4518
2026-05-14 15:01:34,23692.8,23700.0,ATM,171.7,4287855.0,0.503,175.8,5986955.0,0.497
2026-05-14 15:01:34,23692.8,23750.0,+1.0,147.2,2136355.0,0.4567,199.95,2227940.0,0.5428
2026-05-14 15:01:34,23692.8,23800.0,+2.0,124.3,4485000.0,0.41,228.2,2313285.0,0.5888
2026-05-14 15:01:34,23692.8,23850.0,+3.0,104.45,1324505.0,0.3647,257.95,452140.0,0.6351
2026-05-14 15:01:34,23692.8,23900.0,+4.0,86.45,3204695.0,0.3205,289.65,882635.0,0.6785
2026-05-14 15:01:34,23692.8,23950.0,+5.0,71.1,1405235.0,0.2788,324.9,212810.0,0.7185
2026-05-14 15:01:34,23692.8,24000.0,+6.0,58.75,6929130.0,0.2406,361.6,1631240.0,0.7595
2026-05-14 15:01:34,23692.8,24050.0,+7.0,47.45,885690.0,0.2051,395.9,67665.0,0.8004
2026-05-14 15:02:40,23703.55,23350.0,-7.0,416.7,334230.0,0.788,63.65,1892605.0,0.2239
2026-05-14 15:02:40,23703.55,23400.0,-6.0,377.0,1422005.0,0.7582,74.0,9803430.0,0.2539
2026-05-14 15:02:40,23703.55,23450.0,-5.0,338.1,790660.0,0.7223,85.5,2424435.0,0.2854
2026-05-14 15:02:40,23703.55,23500.0,-4.0,300.3,3858725.0,0.6864,99.0,8682765.0,0.3212
2026-05-14 15:02:40,23703.55,23550.0,-3.0,267.35,1250470.0,0.6481,113.1,3169595.0,0.3574
2026-05-14 15:02:40,23703.55,23600.0,-2.0,233.5,2581345.0,0.6043,131.75,5439460.0,0.3997
2026-05-14 15:02:40,23703.55,23650.0,-1.0,204.6,1517750.0,0.5593,151.0,2595320.0,0.4423
2026-05-14 15:02:40,23703.55,23700.0,ATM,175.6,4287205.0,0.5136,172.75,6018740.0,0.4866
2026-05-14 15:02:40,23703.55,23750.0,+1.0,150.75,2125565.0,0.4669,196.4,2283580.0,0.5318
2026-05-14 15:02:40,23703.55,23800.0,+2.0,127.3,4466020.0,0.4198,223.85,2319720.0,0.5768
2026-05-14 15:02:40,23703.55,23850.0,+3.0,107.0,1318720.0,0.3737,253.4,460005.0,0.6211
2026-05-14 15:02:40,23703.55,23900.0,+4.0,89.5,3201250.0,0.3306,284.8,881010.0,0.6635
2026-05-14 15:02:40,23703.55,23950.0,+5.0,73.4,1409850.0,0.2867,321.05,207740.0,0.7067
2026-05-14 15:02:40,23703.55,24000.0,+6.0,60.45,6997445.0,0.2475,356.0,1630980.0,0.7435
2026-05-14 15:02:40,23703.55,24050.0,+7.0,49.2,880620.0,0.2115,394.65,67405.0,0.7773
2026-05-14 15:03:44,23697.55,23350.0,-7.0,414.15,334620.0,0.7762,65.15,1889940.0,0.2297
2026-05-14 15:03:44,23697.55,23400.0,-6.0,374.7,1417260.0,0.7403,76.0,9789065.0,0.2605
2026-05-14 15:03:44,23697.55,23450.0,-5.0,334.8,785265.0,0.7076,87.25,2414750.0,0.2924
2026-05-14 15:03:44,23697.55,23500.0,-4.0,299.85,3843450.0,0.6717,100.6,8642400.0,0.3284
2026-05-14 15:03:44,23697.55,23550.0,-3.0,265.1,1235910.0,0.6328,115.6,3148340.0,0.3669
2026-05-14 15:03:44,23697.55,23600.0,-2.0,233.0,2566395.0,0.5918,132.85,5341050.0,0.4083
2026-05-14 15:03:44,23697.55,23650.0,-1.0,202.9,1516320.0,0.5481,152.55,2583945.0,0.4518
2026-05-14 15:03:44,23697.55,23700.0,ATM,174.85,4308655.0,0.5032,174.35,6085820.0,0.4968
2026-05-14 15:03:44,23697.55,23750.0,+1.0,149.45,2121535.0,0.4573,198.75,2280785.0,0.5429
2026-05-14 15:03:44,23697.55,23800.0,+2.0,125.55,4456465.0,0.411,226.1,2339935.0,0.5894
2026-05-14 15:03:44,23697.55,23850.0,+3.0,105.45,1331980.0,0.3654,255.6,458900.0,0.6348
2026-05-14 15:03:44,23697.55,23900.0,+4.0,87.65,3251495.0,0.3215,288.4,874380.0,0.6802
2026-05-14 15:03:44,23697.55,23950.0,+5.0,72.45,1416350.0,0.28,322.5,206830.0,0.721
2026-05-14 15:03:44,23697.55,24000.0,+6.0,59.4,7009470.0,0.2416,359.95,1623245.0,0.76
2026-05-14 15:03:44,23697.55,24050.0,+7.0,48.0,892970.0,0.2054,400.65,66235.0,0.7903
2026-05-14 15:05:29,23705.8,23350.0,-7.0,415.0,332930.0,0.7797,64.85,1874405.0,0.2273
2026-05-14 15:05:29,23705.8,23400.0,-6.0,375.35,1412905.0,0.7488,75.55,10730720.0,0.2578
2026-05-14 15:05:29,23705.8,23450.0,-5.0,336.0,781755.0,0.7157,86.8,2381405.0,0.2899
2026-05-14 15:05:29,23705.8,23500.0,-4.0,299.3,3847350.0,0.6794,99.9,8546265.0,0.3254
2026-05-14 15:05:29,23705.8,23550.0,-3.0,265.85,1218880.0,0.6394,114.95,3132350.0,0.3631
2026-05-14 15:05:29,23705.8,23600.0,-2.0,233.1,2528305.0,0.5978,132.5,5276830.0,0.4043
2026-05-14 15:05:29,23705.8,23650.0,-1.0,203.15,1520545.0,0.5536,151.9,2479425.0,0.4472
2026-05-14 15:05:29,23705.8,23700.0,ATM,175.05,4356820.0,0.5082,173.9,6109285.0,0.4918
2026-05-14 15:05:29,23705.8,23750.0,+1.0,149.75,2138110.0,0.462,198.2,2267330.0,0.5374
2026-05-14 15:05:29,23705.8,23800.0,+2.0,126.15,4420520.0,0.4151,225.0,2308215.0,0.5832
2026-05-14 15:05:29,23705.8,23850.0,+3.0,105.75,1343095.0,0.3692,254.7,458510.0,0.6282
2026-05-14 15:05:29,23705.8,23900.0,+4.0,87.9,3234075.0,0.3249,286.1,872950.0,0.6726
2026-05-14 15:05:29,23705.8,23950.0,+5.0,72.2,1409265.0,0.2825,320.55,196170.0,0.7132
2026-05-14 15:05:29,23705.8,24000.0,+6.0,59.25,7048665.0,0.2434,356.5,1623440.0,0.7532
2026-05-14 15:05:29,23705.8,24050.0,+7.0,47.7,898040.0,0.2067,396.15,62140.0,0.7866
2026-05-14 15:06:30,23690.45,23350.0,-7.0,397.95,332605.0,0.7776,68.6,1869530.0,0.236
2026-05-14 15:06:30,23690.45,23400.0,-6.0,360.25,1381965.0,0.7459,79.85,10686585.0,0.2673
2026-05-14 15:06:30,23690.45,23450.0,-5.0,322.25,778765.0,0.7108,91.75,2376010.0,0.2999
2026-05-14 15:06:30,23690.45,23500.0,-4.0,286.0,3847545.0,0.6728,106.3,8569860.0,0.3358
2026-05-14 15:06:30,23690.45,23550.0,-3.0,251.95,1213160.0,0.6319,121.6,3136705.0,0.3743
2026-05-14 15:06:30,23690.45,23600.0,-2.0,220.05,2517905.0,0.5884,140.3,5242770.0,0.4154
2026-05-14 15:06:30,23690.45,23650.0,-1.0,191.75,1523145.0,0.5433,160.45,2425930.0,0.4584
2026-05-14 15:06:30,23690.45,23700.0,ATM,164.55,4383145.0,0.4968,183.25,6045520.0,0.5028
2026-05-14 15:06:30,23690.45,23750.0,+1.0,139.9,2158260.0,0.4495,208.05,2239315.0,0.5477
2026-05-14 15:06:30,23690.45,23800.0,+2.0,117.65,4435340.0,0.4023,236.1,2302950.0,0.5927
2026-05-14 15:06:30,23690.45,23850.0,+3.0,98.2,1351155.0,0.3559,266.7,463060.0,0.6366
2026-05-14 15:06:30,23690.45,23900.0,+4.0,81.25,3228745.0,0.3122,300.85,872040.0,0.6786
2026-05-14 15:06:30,23690.45,23950.0,+5.0,66.15,1407770.0,0.2703,335.1,195195.0,0.7186
2026-05-14 15:06:30,23690.45,24000.0,+6.0,54.65,7090265.0,0.2322,372.0,1625195.0,0.7552
2026-05-14 15:06:30,23690.45,24050.0,+7.0,44.0,902265.0,0.1966,409.1,59800.0,0.7888
2026-05-14 15:07:33,23677.3,23350.0,-7.0,388.45,325585.0,0.7685,73.15,1877200.0,0.2477
2026-05-14 15:07:33,23677.3,23400.0,-6.0,349.75,1371565.0,0.7347,84.8,10548200.0,0.2795
2026-05-14 15:07:33,23677.3,23450.0,-5.0,312.75,770900.0,0.6993,96.8,2358070.0,0.313
2026-05-14 15:07:33,23677.3,23500.0,-4.0,277.0,3839615.0,0.6597,111.95,8387535.0,0.3497
2026-05-14 15:07:33,23677.3,23550.0,-3.0,244.5,1196130.0,0.618,128.45,3055455.0,0.3886
2026-05-14 15:07:33,23677.3,23600.0,-2.0,214.6,2509650.0,0.5739,147.2,5149235.0,0.4299
2026-05-14 15:07:33,23677.3,23650.0,-1.0,184.9,1491555.0,0.5283,168.05,2314000.0,0.4728
2026-05-14 15:07:33,23677.3,23700.0,ATM,158.65,4428580.0,0.4818,192.05,5852860.0,0.5169
2026-05-14 15:07:33,23677.3,23750.0,+1.0,135.05,2109445.0,0.4349,217.9,2146235.0,0.5614
2026-05-14 15:07:33,23677.3,23800.0,+2.0,113.5,4426565.0,0.3879,245.85,2244905.0,0.6055
2026-05-14 15:07:33,23677.3,23850.0,+3.0,94.3,1343680.0,0.3425,276.9,447525.0,0.6475
2026-05-14 15:07:33,23677.3,23900.0,+4.0,78.0,3184935.0,0.2994,310.45,860860.0,0.6886
2026-05-14 15:07:33,23677.3,23950.0,+5.0,64.15,1410825.0,0.2587,345.8,186810.0,0.7275
2026-05-14 15:07:33,23677.3,24000.0,+6.0,52.25,7052955.0,0.2217,383.3,1617460.0,0.7636
2026-05-14 15:07:33,23677.3,24050.0,+7.0,41.95,898365.0,0.1874,425.65,60060.0,0.7918
2026-05-14 15:08:40,23681.2,23350.0,-7.0,397.45,314210.0,0.7636,68.4,1857635.0,0.2429
2026-05-14 15:08:40,23681.2,23400.0,-6.0,357.45,1349855.0,0.7318,79.45,10292165.0,0.2736
2026-05-14 15:08:40,23681.2,23450.0,-5.0,319.05,763880.0,0.6945,91.75,2313545.0,0.308
2026-05-14 15:08:40,23681.2,23500.0,-4.0,282.5,3819790.0,0.658,106.2,8152235.0,0.3463
2026-05-14 15:08:40,23681.2,23550.0,-3.0,249.65,1188265.0,0.6161,122.2,3026140.0,0.3854
2026-05-14 15:08:40,23681.2,23600.0,-2.0,219.15,2510170.0,0.5728,140.8,5081570.0,0.4278
2026-05-14 15:08:40,23681.2,23650.0,-1.0,189.3,1481675.0,0.5281,161.2,2199990.0,0.4721
2026-05-14 15:08:40,23681.2,23700.0,ATM,162.0,4468750.0,0.482,183.7,5764265.0,0.5175
2026-05-14 15:08:40,23681.2,23750.0,+1.0,138.15,2091570.0,0.4358,209.2,2056080.0,0.5641
2026-05-14 15:08:40,23681.2,23800.0,+2.0,116.15,4383275.0,0.3888,237.35,2209090.0,0.6087
2026-05-14 15:08:40,23681.2,23850.0,+3.0,96.95,1336400.0,0.3434,268.5,402480.0,0.6525
2026-05-14 15:08:40,23681.2,23900.0,+4.0,80.4,3174015.0,0.3005,301.6,840840.0,0.695
2026-05-14 15:08:40,23681.2,23950.0,+5.0,66.2,1383135.0,0.2607,337.1,185640.0,0.7377
2026-05-14 15:08:40,23681.2,24000.0,+6.0,54.05,7103915.0,0.2236,373.15,1586520.0,0.7752
2026-05-14 15:08:40,23681.2,24050.0,+7.0,43.85,899535.0,0.1889,413.0,59605.0,0.8009
2026-05-14 15:09:42,23676.1,23350.0,-7.0,396.95,319475.0,0.7596,70.0,1847755.0,0.2426
2026-05-14 15:09:42,23676.1,23400.0,-6.0,356.75,1347255.0,0.7281,81.5,9526075.0,0.2741
2026-05-14 15:09:42,23676.1,23450.0,-5.0,318.05,757705.0,0.6937,94.2,2295995.0,0.3082
2026-05-14 15:09:42,23676.1,23500.0,-4.0,282.75,3822585.0,0.6566,108.75,8021000.0,0.3453
2026-05-14 15:09:42,23676.1,23550.0,-3.0,250.05,1150435.0,0.6152,124.8,2990195.0,0.3846
2026-05-14 15:09:42,23676.1,23600.0,-2.0,219.7,2477865.0,0.5736,143.45,5054400.0,0.4267
2026-05-14 15:09:42,23676.1,23650.0,-1.0,190.85,1475305.0,0.5297,164.75,2236260.0,0.4705
2026-05-14 15:09:42,23676.1,23700.0,ATM,164.0,4437420.0,0.4845,187.25,5634005.0,0.5154
2026-05-14 15:09:42,23676.1,23750.0,+1.0,140.05,2093585.0,0.4388,213.65,2025725.0,0.5609
2026-05-14 15:09:42,23676.1,23800.0,+2.0,117.85,4398290.0,0.3931,242.0,2148315.0,0.6064
2026-05-14 15:09:42,23676.1,23850.0,+3.0,98.9,1331460.0,0.3483,272.3,404560.0,0.652
2026-05-14 15:09:42,23676.1,23900.0,+4.0,82.55,3162835.0,0.3058,306.0,841490.0,0.6938
2026-05-14 15:09:42,23676.1,23950.0,+5.0,67.7,1379430.0,0.2656,340.9,185705.0,0.7331
2026-05-14 15:09:42,23676.1,24000.0,+6.0,55.7,7105995.0,0.2286,377.45,1581450.0,0.7724
2026-05-14 15:09:42,23676.1,24050.0,+7.0,45.25,925080.0,0.1949,416.6,59020.0,0.8031
2026-05-14 15:10:45,23683.95,23350.0,-7.0,404.2,318630.0,0.7641,66.75,1840865.0,0.2377
2026-05-14 15:10:45,23683.95,23400.0,-6.0,365.45,1348100.0,0.7337,77.85,9484280.0,0.2668
2026-05-14 15:10:45,23683.95,23450.0,-5.0,327.15,763360.0,0.6992,89.3,2278705.0,0.3004
2026-05-14 15:10:45,23683.95,23500.0,-4.0,290.3,3815630.0,0.6628,103.75,8011250.0,0.3372
2026-05-14 15:10:45,23683.95,23550.0,-3.0,257.15,1118585.0,0.6226,119.15,2968875.0,0.3765
2026-05-14 15:10:45,23683.95,23600.0,-2.0,224.9,2487290.0,0.5809,137.25,4997785.0,0.4187
2026-05-14 15:10:45,23683.95,23650.0,-1.0,195.95,1465815.0,0.5352,157.8,2228915.0,0.4648
2026-05-14 15:10:45,23683.95,23700.0,ATM,167.85,4376645.0,0.4899,180.5,5576350.0,0.5082
2026-05-14 15:10:45,23683.95,23750.0,+1.0,143.75,2088060.0,0.4459,205.0,2016625.0,0.5544
2026-05-14 15:10:45,23683.95,23800.0,+2.0,121.35,4411680.0,0.4001,232.05,2118285.0,0.6009
2026-05-14 15:10:45,23683.95,23850.0,+3.0,101.35,1338805.0,0.3548,263.45,403455.0,0.6467
2026-05-14 15:10:45,23683.95,23900.0,+4.0,84.45,3140540.0,0.312,295.3,838565.0,0.6897
2026-05-14 15:10:45,23683.95,23950.0,+5.0,69.4,1362725.0,0.271,331.25,187980.0,0.7312
2026-05-14 15:10:45,23683.95,24000.0,+6.0,57.0,7136350.0,0.2316,367.5,1581255.0,0.7687
2026-05-14 15:10:45,23683.95,24050.0,+7.0,46.15,929240.0,0.1974,412.05,58565.0,0.8004
2026-05-14 15:11:49,23691.2,23350.0,-7.0,407.5,319150.0,0.7635,65.85,1855165.0,0.2339
2026-05-14 15:11:49,23691.2,23400.0,-6.0,368.05,1351025.0,0.732,76.75,9488050.0,0.2652
2026-05-14 15:11:49,23691.2,23450.0,-5.0,330.75,760110.0,0.6998,88.3,2245815.0,0.2983
2026-05-14 15:11:49,23691.2,23500.0,-4.0,293.25,3810690.0,0.6643,102.5,7952620.0,0.3353
2026-05-14 15:11:49,23691.2,23550.0,-3.0,259.7,1108575.0,0.6246,117.85,2938910.0,0.3744
2026-05-14 15:11:49,23691.2,23600.0,-2.0,228.3,2455570.0,0.5829,135.7,5001425.0,0.4161
2026-05-14 15:11:49,23691.2,23650.0,-1.0,198.1,1471925.0,0.5393,156.05,2253810.0,0.4602
2026-05-14 15:11:49,23691.2,23700.0,ATM,170.65,4333485.0,0.4945,177.95,5491265.0,0.5058
2026-05-14 15:11:49,23691.2,23750.0,+1.0,146.0,2085135.0,0.4487,202.3,1951235.0,0.5524
2026-05-14 15:11:49,23691.2,23800.0,+2.0,123.05,4364165.0,0.403,230.15,2111330.0,0.5989
2026-05-14 15:11:49,23691.2,23850.0,+3.0,103.05,1349465.0,0.3579,260.2,396370.0,0.6443
2026-05-14 15:11:49,23691.2,23900.0,+4.0,85.55,3137745.0,0.3145,292.35,834340.0,0.6889
2026-05-14 15:11:49,23691.2,23950.0,+5.0,70.4,1354275.0,0.2736,327.3,186680.0,0.7317
2026-05-14 15:11:49,23691.2,24000.0,+6.0,57.75,7083635.0,0.2357,364.5,1582295.0,0.7726
2026-05-14 15:11:49,23691.2,24050.0,+7.0,46.8,926055.0,0.2004,405.0,58305.0,0.8036
2026-05-14 15:12:56,23678.25,23350.0,-7.0,398.0,319085.0,0.7635,69.25,1859715.0,0.2406
2026-05-14 15:12:56,23678.25,23400.0,-6.0,359.3,1355640.0,0.7307,80.25,9429550.0,0.272
2026-05-14 15:12:56,23678.25,23450.0,-5.0,321.1,760240.0,0.6968,92.7,2227810.0,0.3057
2026-05-14 15:12:56,23678.25,23500.0,-4.0,285.3,3812055.0,0.6599,107.05,7902050.0,0.3429
2026-05-14 15:12:56,23678.25,23550.0,-3.0,252.5,1104025.0,0.6191,123.05,2914535.0,0.3823
2026-05-14 15:12:56,23678.25,23600.0,-2.0,220.65,2446795.0,0.5768,141.6,4936035.0,0.4242
2026-05-14 15:12:56,23678.25,23650.0,-1.0,191.5,1468805.0,0.5325,162.5,2325895.0,0.4677
2026-05-14 15:12:56,23678.25,23700.0,ATM,164.5,4307680.0,0.487,185.0,5396625.0,0.5127
2026-05-14 15:12:56,23678.25,23750.0,+1.0,140.1,2106715.0,0.4408,210.95,1897480.0,0.5585
2026-05-14 15:12:56,23678.25,23800.0,+2.0,118.3,4351945.0,0.3948,238.65,2100605.0,0.6037
2026-05-14 15:12:56,23678.25,23850.0,+3.0,98.65,1383330.0,0.3499,270.05,401245.0,0.648
2026-05-14 15:12:56,23678.25,23900.0,+4.0,82.25,3155230.0,0.3075,301.85,828035.0,0.6923
2026-05-14 15:12:56,23678.25,23950.0,+5.0,67.65,1345825.0,0.2663,337.85,186680.0,0.7308
2026-05-14 15:12:56,23678.25,24000.0,+6.0,55.6,7121530.0,0.2293,374.55,1587235.0,0.77
2026-05-14 15:12:56,23678.25,24050.0,+7.0,45.0,938600.0,0.195,414.45,58045.0,0.8024
2026-05-14 15:14:00,23678.9,23350.0,-7.0,395.25,319215.0,0.7713,68.45,1864395.0,0.2389
2026-05-14 15:14:00,23678.9,23400.0,-6.0,356.4,1354210.0,0.7374,79.65,9402120.0,0.2708
2026-05-14 15:14:00,23678.9,23450.0,-5.0,318.6,766155.0,0.7028,92.4,2208375.0,0.3044
2026-05-14 15:14:00,23678.9,23500.0,-4.0,282.3,3808935.0,0.665,106.6,7843615.0,0.3415
2026-05-14 15:14:00,23678.9,23550.0,-3.0,249.55,1097330.0,0.6235,122.35,2896920.0,0.3806
2026-05-14 15:14:00,23678.9,23600.0,-2.0,218.2,2443935.0,0.5801,141.3,4936230.0,0.4224
2026-05-14 15:14:00,23678.9,23650.0,-1.0,189.1,1462110.0,0.5349,162.95,2306005.0,0.466
2026-05-14 15:14:00,23678.9,23700.0,ATM,162.6,4302025.0,0.4887,185.45,5353335.0,0.5107
2026-05-14 15:14:00,23678.9,23750.0,+1.0,138.75,2090660.0,0.4421,211.0,1866865.0,0.5559
2026-05-14 15:14:00,23678.9,23800.0,+2.0,117.0,4351295.0,0.3956,239.55,2148900.0,0.6006
2026-05-14 15:14:00,23678.9,23850.0,+3.0,97.8,1382615.0,0.35,270.65,399555.0,0.6444
2026-05-14 15:14:00,23678.9,23900.0,+4.0,81.35,3156465.0,0.307,303.15,825955.0,0.6864
2026-05-14 15:14:00,23678.9,23950.0,+5.0,66.5,1330095.0,0.2661,338.15,184665.0,0.7257
2026-05-14 15:14:00,23678.9,24000.0,+6.0,54.65,7145775.0,0.2288,376.0,1589250.0,0.7624
2026-05-14 15:14:00,23678.9,24050.0,+7.0,44.3,936195.0,0.1948,417.2,58045.0,0.7924
2026-05-14 15:15:03,23684.15,23350.0,-7.0,401.0,316160.0,0.7727,67.7,1892280.0,0.2362
2026-05-14 15:15:03,23684.15,23400.0,-6.0,362.4,1325740.0,0.739,78.75,9377030.0,0.2671
2026-05-14 15:15:03,23684.15,23450.0,-5.0,325.25,766220.0,0.7054,90.6,2242890.0,0.3006
2026-05-14 15:15:03,23684.15,23500.0,-4.0,289.2,3856970.0,0.6684,104.75,7794605.0,0.3374
2026-05-14 15:15:03,23684.15,23550.0,-3.0,255.65,1084070.0,0.627,120.8,2868710.0,0.3762
2026-05-14 15:15:03,23684.15,23600.0,-2.0,224.0,2445560.0,0.5843,139.25,4891055.0,0.418
2026-05-14 15:15:03,23684.15,23650.0,-1.0,195.0,1444300.0,0.5395,159.45,2295280.0,0.4615
2026-05-14 15:15:03,23684.15,23700.0,ATM,167.45,4276675.0,0.4935,182.1,5339035.0,0.5062
2026-05-14 15:15:03,23684.15,23750.0,+1.0,142.25,2077140.0,0.447,207.8,1832155.0,0.5518
2026-05-14 15:15:03,23684.15,23800.0,+2.0,121.0,4350645.0,0.4004,234.6,2120430.0,0.5969
2026-05-14 15:15:03,23684.15,23850.0,+3.0,101.2,1349660.0,0.3551,265.85,392145.0,0.641
2026-05-14 15:15:03,23684.15,23900.0,+4.0,84.4,3128255.0,0.312,298.2,822120.0,0.6833
2026-05-14 15:15:03,23684.15,23950.0,+5.0,69.2,1327495.0,0.2703,334.55,184925.0,0.7218
2026-05-14 15:15:03,23684.15,24000.0,+6.0,57.0,7129720.0,0.2326,369.6,1639495.0,0.7615
2026-05-14 15:15:03,23684.15,24050.0,+7.0,46.15,963300.0,0.1979,409.95,58240.0,0.7902
