timestamp,spot,india_vix,pcr,focus_pcr,max_pain_strike,max_pain_dist,support_strike,resistance_strike,total_ce_oi_change,total_pe_oi_change,focus_ce_oi_change,focus_pe_oi_change,total_ce_oi,total_pe_oi,atm_iv
2026-05-27 10:59:04,23962.6,13.5,5302.8333,1.0835354494429288,23950.0,12.599999999998545,23950.0,23950.0,28951650.0,35507680.0,11820055.0,16593720.0,27040975.0,29299855.0,12.675
2026-05-27 10:59:05,23962.95,13.5,5302.8333,1.0835354494429288,23950.0,12.950000000000728,23950.0,23950.0,28951650.0,35507680.0,11820055.0,16593720.0,27040975.0,29299855.0,12.675
2026-05-27 11:00:04,23965.25,13.5,5302.8333,1.0901992253947508,23950.0,15.25,23950.0,23950.0,28969460.0,35688705.0,11832860.0,16787875.0,27053780.0,29494010.0,12.72
2026-05-27 11:00:05,23965.85,13.5,5302.8333,1.0901992253947508,23950.0,15.849999999998545,23950.0,23950.0,28969460.0,35688705.0,11832860.0,16787875.0,27053780.0,29494010.0,12.72
2026-05-27 11:01:05,23964.55,13.5,5301.1667,1.0907159707336933,23950.0,14.549999999999272,23950.0,23950.0,29153540.0,35853220.0,11919505.0,16896360.0,27140425.0,29602495.0,12.715
2026-05-27 11:01:06,23964.7,13.5,5301.1667,1.0907159707336933,23950.0,14.700000000000728,23950.0,23950.0,29153540.0,35853220.0,11919505.0,16896360.0,27140425.0,29602495.0,12.715
2026-05-27 11:02:05,23964.3,13.5,5301.1667,1.0916692214834545,23950.0,14.299999999999272,23950.0,23950.0,29019705.0,35862970.0,11917360.0,16919890.0,27138280.0,29626025.0,12.675
2026-05-27 11:02:07,23963.6,13.5,5301.1667,1.0916692214834545,23950.0,13.599999999998545,23950.0,23950.0,29020680.0,35859330.0,11917360.0,16919890.0,27138280.0,29626025.0,12.675
2026-05-27 11:03:06,23956.7,13.5,5301.1667,1.0869706226734106,23950.0,6.700000000000728,23950.0,23950.0,29238755.0,35842170.0,12035985.0,16921320.0,27256905.0,29627455.0,12.614999999999998
2026-05-27 11:03:08,23955.0,13.5,5301.1667,1.0869706226734106,23950.0,5.0,23950.0,23950.0,29238755.0,35842170.0,12035985.0,16921320.0,27256905.0,29627455.0,12.614999999999998
2026-05-27 11:04:08,23957.65,13.5,5301.1667,1.0880229806718535,23950.0,7.650000000001455,23950.0,23950.0,29055780.0,35619935.0,11864450.0,16763370.0,27085370.0,29469505.0,12.68
2026-05-27 11:04:08,23956.35,13.5,5301.1667,1.0880229806718535,23950.0,6.349999999998545,23950.0,23950.0,29055780.0,35619935.0,11864450.0,16763370.0,27085370.0,29469505.0,12.68
2026-05-27 11:05:09,23955.9,13.5,5301.1667,1.0832443435894012,23950.0,5.900000000001455,23950.0,23950.0,29357185.0,35796215.0,12048140.0,16832920.0,27269060.0,29539055.0,12.61
2026-05-27 11:05:10,23955.1,13.5,5301.1667,1.0832443435894012,23950.0,5.099999999998545,23950.0,23950.0,29357185.0,35796215.0,12048140.0,16832920.0,27269060.0,29539055.0,12.61
2026-05-27 11:06:10,23959.8,13.5,5301.1667,1.0770854881717165,23950.0,9.799999999999272,23950.0,23950.0,29637530.0,35877335.0,12178660.0,16805555.0,27399580.0,29511690.0,12.620000000000001
2026-05-27 11:06:11,23958.65,13.5,5301.1667,1.0770854881717165,23950.0,8.650000000001455,23950.0,23950.0,29637595.0,35877335.0,12178660.0,16805555.0,27399580.0,29511690.0,12.645
2026-05-27 11:07:11,23969.9,13.5,5301.1667,1.0701376195474004,23950.0,19.900000000001455,23950.0,23950.0,29884140.0,35886760.0,12338755.0,16786510.0,27559675.0,29492645.0,12.754999999999999
2026-05-27 11:07:12,23968.15,13.5,5301.1667,1.0701376195474004,23950.0,18.150000000001455,23950.0,23950.0,29884205.0,35886760.0,12338755.0,16786510.0,27559675.0,29492645.0,12.690000000000001
2026-05-27 11:08:11,23967.25,13.5,5301.1667,1.074624101214844,23950.0,17.25,23950.0,23950.0,29620045.0,35923485.0,12152140.0,16709615.0,27373060.0,29415750.0,12.645
2026-05-27 11:08:13,23967.0,13.5,5301.1667,1.074624101214844,23950.0,17.0,23950.0,23950.0,29620045.0,35923485.0,12152140.0,16709615.0,27373060.0,29415750.0,12.645
2026-05-27 11:09:12,23961.9,13.5,5301.1667,1.0817121455323702,23950.0,11.900000000001455,23950.0,23950.0,29668470.0,36112635.0,12113205.0,16861520.0,27334125.0,29567655.0,12.635
2026-05-27 11:09:13,23961.1,13.5,5301.1667,1.0817121455323702,23950.0,11.099999999998545,23950.0,23950.0,29668470.0,36112635.0,12113205.0,16861520.0,27334125.0,29567655.0,12.635
2026-05-27 11:10:12,23968.05,13.5,5301.1667,1.077101279347939,23950.0,18.049999999999272,23950.0,23950.0,29843450.0,36229505.0,12275900.0,16910725.0,27496820.0,29616860.0,12.64
2026-05-27 11:10:15,23966.65,13.5,5301.1667,1.077101279347939,23950.0,16.650000000001455,23950.0,23950.0,29843450.0,36229505.0,12275900.0,16910725.0,27496820.0,29616860.0,12.625
2026-05-27 11:11:14,23962.25,13.5,5289.1667,1.0725693233961162,23950.0,12.25,23950.0,23950.0,30012905.0,36203245.0,12373660.0,16890965.0,27594580.0,29597100.0,12.585
2026-05-27 11:11:16,23963.7,13.5,5289.1667,1.0725693233961162,23950.0,13.700000000000728,23950.0,23950.0,30012905.0,36203245.0,12373660.0,16890965.0,27594580.0,29597100.0,12.585
2026-05-27 11:12:15,23957.7,13.5,5289.6667,1.072345193547705,23950.0,7.700000000000728,23950.0,23950.0,30147975.0,36230480.0,12450165.0,16966820.0,27671085.0,29672955.0,12.59
2026-05-27 11:12:16,23957.3,13.5,5289.6667,1.072345193547705,23950.0,7.299999999999272,23950.0,23950.0,30150770.0,36230610.0,12450165.0,16966820.0,27671085.0,29672955.0,12.559999999999999
2026-05-27 11:13:16,23961.15,13.5,5291.0,1.077478087658772,23950.0,11.150000000001455,23950.0,23950.0,30296240.0,36415275.0,12418185.0,17074395.0,27639105.0,29780530.0,12.594999999999999
2026-05-27 11:13:17,23961.5,13.5,5291.0,1.077478087658772,23950.0,11.5,23950.0,23950.0,30296240.0,36415275.0,12418185.0,17074395.0,27639105.0,29780530.0,12.585
2026-05-27 11:14:16,23966.0,13.5,5293.5,1.0713086835914183,23950.0,16.0,23950.0,23950.0,30472975.0,36402600.0,12546105.0,17040920.0,27767025.0,29747055.0,12.615
2026-05-27 11:14:18,23966.5,13.5,5293.5,1.0713086835914183,23950.0,16.5,23950.0,23950.0,30472975.0,36402600.0,12546105.0,17040920.0,27767025.0,29747055.0,12.615
2026-05-27 11:15:17,23963.15,13.5,5293.6667,1.0707720459193464,23950.0,13.150000000001455,23950.0,23950.0,30470700.0,36466755.0,12557350.0,17038060.0,27778270.0,29744195.0,12.57
2026-05-27 11:15:18,23963.55,13.5,5293.6667,1.0707720459193464,23950.0,13.549999999999272,23950.0,23950.0,30470700.0,36466755.0,12557350.0,17038060.0,27778270.0,29744195.0,12.57
2026-05-27 11:16:18,23961.05,13.5,5293.8333,1.0716237756395146,23950.0,11.049999999999272,23950.0,23950.0,30676490.0,36527075.0,12630865.0,17140500.0,27851785.0,29846635.0,12.58
2026-05-27 11:16:19,23960.35,13.5,5293.8333,1.0716237756395146,23950.0,10.349999999998545,23950.0,23950.0,30676555.0,36527075.0,12630865.0,17140500.0,27851785.0,29846635.0,12.58
2026-05-27 11:17:19,23961.8,13.5,5274.5,1.0730529173586103,23950.0,11.799999999999272,23950.0,23950.0,30759235.0,36635625.0,12647440.0,17198090.0,27868360.0,29904225.0,12.605
2026-05-27 11:17:20,23961.6,13.5,5274.5,1.0730529173586103,23950.0,11.599999999998545,23950.0,23950.0,30759235.0,36635625.0,12647440.0,17198090.0,27868360.0,29904225.0,12.605
2026-05-27 11:18:20,23962.8,13.5,5270.0,1.076812088214831,23950.0,12.799999999999272,23950.0,23950.0,30671680.0,36778235.0,12619750.0,17273035.0,27840670.0,29979170.0,12.64
2026-05-27 11:18:21,23962.95,13.5,5270.0,1.076812088214831,23950.0,12.950000000000728,23950.0,23950.0,30671680.0,36778235.0,12619750.0,17273035.0,27840670.0,29979170.0,12.64
2026-05-27 11:19:21,23974.35,13.5,5275.3333,1.076529114336976,23950.0,24.349999999998545,23950.0,23950.0,30763200.0,36847200.0,12675130.0,17324775.0,27896050.0,30030910.0,12.690000000000001
2026-05-27 11:19:22,23975.05,13.5,5275.3333,0.8945947079492604,23950.0,25.049999999999272,23950.0,24050.0,30763200.0,36847200.0,13219570.0,14648400.0,27896180.0,24955775.0,12.585
2026-05-27 11:20:22,23972.35,13.5,5295.8333,1.0686380535532771,23950.0,22.349999999998545,23950.0,23950.0,31056285.0,36778560.0,12787450.0,17224675.0,28008370.0,29930810.0,12.735
2026-05-27 11:20:23,23971.95,13.5,5295.8333,1.0686380535532771,23950.0,21.950000000000728,23950.0,23950.0,31056285.0,36778560.0,12787450.0,17224675.0,28008370.0,29930810.0,12.735
2026-05-27 11:21:23,23975.35,13.5,5301.0,0.9032868201811368,23950.0,25.349999999998545,23950.0,24050.0,30803760.0,37041550.0,13090805.0,14774565.0,27767415.0,25081940.0,12.59
2026-05-27 11:21:24,23975.05,13.5,5301.0,0.9032868201811368,23950.0,25.049999999999272,23950.0,24050.0,30803760.0,37041550.0,13090805.0,14774565.0,27767415.0,25081940.0,12.59
2026-05-27 11:22:23,23973.55,13.5,5302.0,1.1003895009019278,23950.0,23.549999999999272,23950.0,23950.0,30483635.0,37200345.0,12381070.0,17666805.0,27601990.0,30372940.0,12.725000000000001
2026-05-27 11:22:24,23974.75,13.5,5302.0,1.1003895009019278,23950.0,24.75,23950.0,23950.0,30483635.0,37200345.0,12381070.0,17666805.0,27601990.0,30372940.0,12.725000000000001
2026-05-27 11:23:24,23974.1,13.5,5301.0,1.112728349721597,23950.0,24.099999999998545,23950.0,23950.0,30298515.0,37346985.0,12212330.0,17819620.0,27433250.0,30525755.0,12.629999999999999
2026-05-27 11:23:25,23974.85,13.5,5301.0,1.112728349721597,23950.0,24.849999999998545,23950.0,23950.0,30298515.0,37346985.0,12212330.0,17819620.0,27433250.0,30525755.0,12.629999999999999
2026-05-27 11:24:25,23976.8,13.5,5280.8333,0.9319612332293384,23950.0,26.799999999999272,23950.0,24050.0,30109885.0,37470485.0,12720565.0,15225730.0,27397175.0,25533105.0,12.505
2026-05-27 11:24:26,23976.6,13.5,5280.8333,0.9319612332293384,23950.0,26.599999999998545,23950.0,24050.0,30109885.0,37470485.0,12720565.0,15225730.0,27397175.0,25533105.0,12.505
2026-05-27 11:25:26,23972.5,13.5,5280.8333,1.1155436530201375,23950.0,22.5,23950.0,23950.0,30364815.0,37620245.0,12351170.0,18051735.0,27572090.0,30757870.0,12.635
2026-05-27 11:25:26,23972.9,13.5,5280.8333,1.1155436530201375,23950.0,22.900000000001455,23950.0,23950.0,30364815.0,37620245.0,12351170.0,18051735.0,27572090.0,30757870.0,12.635
2026-05-27 11:26:27,23970.7,13.5,5280.8333,1.1203191231182834,23950.0,20.700000000000728,23950.0,23950.0,30476940.0,37864060.0,12365925.0,18199935.0,27586845.0,30906070.0,12.7
2026-05-27 11:26:27,23970.05,13.5,5280.8333,1.1203191231182834,23950.0,20.049999999999272,23950.0,23950.0,30476940.0,37863930.0,12365925.0,18199935.0,27586845.0,30906070.0,12.7
2026-05-27 11:27:28,23969.4,13.5,5281.5,1.1304798728989134,23950.0,19.400000000001455,23950.0,23950.0,30337840.0,37985285.0,12231245.0,18327985.0,27452165.0,31034120.0,12.575
2026-05-27 11:27:28,23969.75,13.5,5281.5,1.1304798728989134,23950.0,19.75,23950.0,23950.0,30337840.0,37985285.0,12231245.0,18327985.0,27452165.0,31034120.0,12.575
2026-05-27 11:28:29,23975.25,13.5,5280.8333,0.945242757110145,23950.0,25.25,23950.0,24050.0,30317820.0,38030590.0,12744420.0,15612155.0,27421030.0,25919530.0,12.504999999999999
2026-05-27 11:28:29,23975.4,13.5,5280.8333,0.945242757110145,23950.0,25.400000000001455,23950.0,24050.0,30317820.0,38030590.0,12744420.0,15612155.0,27421030.0,25919530.0,12.504999999999999
2026-05-27 11:29:30,23975.25,13.5,5280.8333,0.9424778135442244,23950.0,25.25,23950.0,24050.0,30515615.0,38067965.0,12906660.0,15689245.0,27583270.0,25996620.0,12.495000000000001
2026-05-27 11:29:30,23975.05,13.5,5280.8333,0.9424778135442244,23950.0,25.049999999999272,23950.0,24050.0,30515615.0,38067965.0,12906660.0,15689245.0,27583270.0,25996620.0,12.495000000000001
2026-05-27 11:30:31,23977.6,13.5,5280.8333,0.9411887750305538,23950.0,27.599999999998545,23950.0,24050.0,30733495.0,38086945.0,12979590.0,15722330.0,27656200.0,26029705.0,12.51
2026-05-27 11:30:31,23977.45,13.5,5280.8333,0.9411887750305538,23950.0,27.450000000000728,23950.0,24050.0,30733495.0,38086945.0,12979590.0,15722330.0,27656200.0,26029705.0,12.51
2026-05-27 11:31:31,23982.35,13.5,5201.0,0.9496456134084094,23950.0,32.349999999998545,23950.0,24050.0,30860895.0,38335635.0,12982450.0,15958930.0,27659060.0,26266305.0,12.52
2026-05-27 11:31:32,23981.4,13.5,5201.0,0.9496456134084094,23950.0,31.400000000001455,23950.0,24050.0,30860895.0,38335635.0,12982450.0,15958930.0,27659060.0,26266305.0,12.52
2026-05-27 11:32:32,23978.4,13.5,5194.8333,0.950492862597662,23950.0,28.400000000001455,23950.0,24050.0,30884230.0,38390885.0,12985765.0,15985515.0,27662375.0,26292890.0,12.54
2026-05-27 11:32:32,23977.5,13.5,5194.8333,0.950492862597662,23950.0,27.5,23950.0,24050.0,30884230.0,38390885.0,12985765.0,15985515.0,27662375.0,26292890.0,12.54
2026-05-27 11:33:33,23979.95,13.5,5194.6667,0.955658575725299,23950.0,29.950000000000728,23950.0,24050.0,31014100.0,38649130.0,13028860.0,16169595.0,27705470.0,26476970.0,12.54
2026-05-27 11:33:33,23979.95,13.5,5194.6667,0.955658575725299,23950.0,29.950000000000728,23950.0,24050.0,31014100.0,38649130.0,13028860.0,16169595.0,27705470.0,26476970.0,12.54
2026-05-27 11:34:33,23973.9,13.5,5188.8333,1.1489719740545832,23950.0,23.900000000001455,23950.0,23950.0,30997330.0,38739480.0,12397060.0,19026150.0,27617980.0,31732285.0,12.565000000000001
2026-05-27 11:34:34,23973.9,13.5,5188.8333,1.1489719740545832,23950.0,23.900000000001455,23950.0,23950.0,30997330.0,38739480.0,12397060.0,19026150.0,27617980.0,31732285.0,12.565000000000001
2026-05-27 11:35:34,23967.75,13.5,5188.5,1.1470763793257412,23950.0,17.75,23950.0,23950.0,31084625.0,38716210.0,12438790.0,19021665.0,27659710.0,31727800.0,12.59
2026-05-27 11:35:35,23967.4,13.5,5188.5,1.1550689095204503,23950.0,17.400000000001455,23950.0,23950.0,30797195.0,38729600.0,12237550.0,19010290.0,27458470.0,31716425.0,12.59
2026-05-27 11:36:35,23966.05,13.5,5163.5,1.157171680854939,23950.0,16.049999999999272,23950.0,23950.0,30926935.0,38798110.0,12258935.0,19092775.0,27479855.0,31798910.0,12.620000000000001
2026-05-27 11:36:36,23966.5,13.5,5163.5,1.1624850741857304,23950.0,16.5,23950.0,23950.0,30973670.0,39042835.0,12269205.0,19250725.0,27490125.0,31956860.0,12.614999999999998
2026-05-27 11:37:36,23960.9,13.5,5163.5,1.1595534537781131,23950.0,10.900000000001455,23950.0,23950.0,31007015.0,38911210.0,12255295.0,19154005.0,27476215.0,31860140.0,12.54
2026-05-27 11:37:37,23960.9,13.5,5163.5,1.1595534537781131,23950.0,10.900000000001455,23950.0,23950.0,31007015.0,38911210.0,12255295.0,19154005.0,27476215.0,31860140.0,12.54
2026-05-27 11:38:37,23955.55,13.5,5144.3333,1.1574247183760238,23950.0,5.549999999999272,23950.0,23950.0,30977505.0,38725830.0,12175540.0,19003205.0,27396460.0,31709340.0,12.504999999999999
2026-05-27 11:38:37,23955.4,13.5,5144.3333,1.1574247183760238,23950.0,5.400000000001455,23950.0,23950.0,30977505.0,38725830.0,12175540.0,19003205.0,27396460.0,31709340.0,12.504999999999999
2026-05-27 11:39:38,23947.5,13.5,5102.5,1.1407534579532332,23950.0,2.5,23950.0,23950.0,31164575.0,38247690.0,12190165.0,18563155.0,27411085.0,31269290.0,12.51
2026-05-27 11:39:38,23947.45,13.5,5102.5,1.1407534579532332,23950.0,2.5499999999992724,23950.0,23950.0,31164575.0,38247690.0,12190165.0,18563155.0,27411085.0,31269290.0,12.51
2026-05-27 11:40:39,23954.6,13.5,5097.3333,1.1145343527936955,23950.0,4.599999999998545,23950.0,23950.0,31487690.0,37659115.0,12467585.0,18153655.0,27688505.0,30859790.0,12.55
2026-05-27 11:40:39,23954.65,13.5,5097.3333,1.1145343527936955,23950.0,4.650000000001455,23950.0,23950.0,31487690.0,37659115.0,12467585.0,18153655.0,27688505.0,30859790.0,12.55
2026-05-27 11:41:39,23964.35,13.5,5097.3333,1.098354178842782,23950.0,14.349999999998545,23950.0,23950.0,31630235.0,37220950.0,12582830.0,17832230.0,27803750.0,30538365.0,12.555
2026-05-27 11:41:39,23964.35,13.5,5097.3333,1.098354178842782,23950.0,14.349999999998545,23950.0,23950.0,31630235.0,37220950.0,12582830.0,17832230.0,27803750.0,30538365.0,12.555
2026-05-27 11:42:40,23966.65,13.5,5038.6667,1.0893396834407842,23950.0,16.650000000001455,23950.0,23950.0,31906030.0,37104990.0,12716665.0,17727385.0,27937585.0,30433520.0,12.52
2026-05-27 11:42:40,23966.55,13.5,5038.6667,1.0893396834407842,23950.0,16.549999999999272,23950.0,23950.0,31906030.0,37104990.0,12716665.0,17727385.0,27937585.0,30433520.0,12.52
2026-05-27 11:43:41,23962.6,13.5,5032.3333,1.0880997862320438,23950.0,12.599999999998545,23950.0,23950.0,32029400.0,37110840.0,12783745.0,17765735.0,28004665.0,30471870.0,12.504999999999999
2026-05-27 11:43:41,23962.6,13.5,5032.3333,1.0880997862320438,23950.0,12.599999999998545,23950.0,23950.0,32029400.0,37110840.0,12783745.0,17765735.0,28004665.0,30471870.0,12.504999999999999
2026-05-27 11:44:42,23954.95,13.5,5032.1667,1.0907873233420617,23950.0,4.950000000000728,23950.0,23950.0,32086405.0,37210615.0,12779520.0,17836390.0,28000440.0,30542525.0,12.530000000000001
2026-05-27 11:44:42,23954.45,13.5,5032.1667,1.0907873233420617,23950.0,4.450000000000728,23950.0,23950.0,32086405.0,37210615.0,12779520.0,17836390.0,28000440.0,30542525.0,12.530000000000001
2026-05-27 11:45:43,23957.9,13.5,5032.1667,1.0930068457813653,23950.0,7.900000000001455,23950.0,23950.0,32204250.0,37430445.0,12874485.0,18002335.0,28095405.0,30708470.0,12.505
2026-05-27 11:45:43,23957.85,13.5,5032.1667,1.0930068457813653,23950.0,7.849999999998545,23950.0,23950.0,32204250.0,37430445.0,12874485.0,18002335.0,28095405.0,30708470.0,12.505
2026-05-27 11:46:43,23959.2,13.5,5036.5,1.0881493270929448,23950.0,9.200000000000728,23950.0,23950.0,32490185.0,37483420.0,12999545.0,18001945.0,28220465.0,30708080.0,12.5
2026-05-27 11:46:44,23958.85,13.5,5036.5,1.0881493270929448,23950.0,8.849999999998545,23950.0,23950.0,32490185.0,37483420.0,12999545.0,18001945.0,28220465.0,30708080.0,12.5
2026-05-27 11:47:44,23959.05,13.5,5031.6667,1.0834545458710239,23950.0,9.049999999999272,23950.0,23950.0,32783920.0,37539905.0,13155545.0,18038475.0,28376465.0,30744610.0,12.48
2026-05-27 11:47:45,23959.05,13.5,5031.6667,1.0834545458710239,23950.0,9.049999999999272,23950.0,23950.0,32783920.0,37539905.0,13155545.0,18038475.0,28376465.0,30744610.0,12.48
2026-05-27 11:48:45,23948.95,13.5,5032.8333,1.0897588407050935,23950.0,1.0499999999992724,23950.0,23950.0,32801600.0,37584365.0,13028665.0,18079100.0,28249585.0,30785235.0,12.48
2026-05-27 11:48:45,23949.35,13.5,5032.8333,1.0897588407050935,23950.0,0.6500000000014552,23950.0,23950.0,32793865.0,37588525.0,13028665.0,18079100.0,28249585.0,30785235.0,12.475
2026-05-27 11:49:45,23947.2,13.5,5032.8333,1.1033422626896332,23950.0,2.7999999999992724,23950.0,23950.0,32638840.0,37887460.0,12877410.0,18295940.0,28098330.0,31002075.0,12.455
2026-05-27 11:49:46,23948.7,13.5,5032.8333,1.1033422626896332,23950.0,1.2999999999992724,23950.0,23950.0,32638840.0,37887460.0,12877410.0,18295940.0,28098330.0,31002075.0,12.455
2026-05-27 11:50:46,23947.55,13.5,5019.0,1.1135453147936243,23950.0,2.4500000000007276,23950.0,23950.0,32627985.0,38351885.0,12897105.0,18604560.0,28118025.0,31310695.0,12.440000000000001
2026-05-27 11:50:47,23947.55,13.5,5019.0,1.1135453147936243,23950.0,2.4500000000007276,23950.0,23950.0,32627985.0,38351885.0,12897105.0,18604560.0,28118025.0,31310695.0,12.440000000000001
2026-05-27 11:51:46,23947.1,13.5,5007.3333,1.1115895451037312,23950.0,2.900000000001455,23950.0,23950.0,32800170.0,38443080.0,12992655.0,18655780.0,28213575.0,31361915.0,12.46
2026-05-27 11:51:47,23946.55,13.5,5007.3333,1.1115895451037312,23950.0,3.4500000000007276,23950.0,23950.0,32800170.0,38443080.0,12992655.0,18655780.0,28213575.0,31361915.0,12.46
2026-05-27 11:52:47,23941.5,13.5,4998.6667,1.1051409901730276,23950.0,8.5,23950.0,23950.0,32804265.0,38189970.0,12950015.0,18426720.0,28170935.0,31132855.0,12.485
2026-05-27 11:52:48,23941.25,13.5,4998.6667,1.1051409901730276,23950.0,8.75,23950.0,23950.0,32804265.0,38189970.0,12950015.0,18426720.0,28170935.0,31132855.0,12.485
2026-05-27 11:53:47,23945.5,13.5,4998.6667,1.1061079817515131,23950.0,4.5,23950.0,23950.0,32829940.0,38257115.0,12946895.0,18450510.0,28167815.0,31156645.0,12.469999999999999
2026-05-27 11:53:49,23945.75,13.5,4998.6667,1.1061079817515131,23950.0,4.25,23950.0,23950.0,32828705.0,38263680.0,12946895.0,18450510.0,28167815.0,31156645.0,12.455
2026-05-27 11:54:48,23942.2,13.5,4998.6667,1.0945682122152711,23950.0,7.799999999999272,23950.0,23950.0,33079930.0,38208365.0,13112385.0,18306600.0,28333305.0,31012735.0,12.434999999999999
2026-05-27 11:54:50,23939.45,13.5,4998.6667,1.0945682122152711,23950.0,10.549999999999272,23950.0,23950.0,33074730.0,38224875.0,13112385.0,18306600.0,28333305.0,31012735.0,12.420000000000002
2026-05-27 11:55:48,23942.2,13.5,4998.6667,1.1021613206035212,23950.0,7.799999999999272,23950.0,23950.0,33567820.0,38625600.0,13169130.0,18584280.0,28390050.0,31290415.0,12.43
2026-05-27 11:55:50,23941.6,13.5,4998.6667,1.1021613206035212,23950.0,8.400000000001455,23950.0,23950.0,33567820.0,38630605.0,13169130.0,18584280.0,28390050.0,31290415.0,12.435
2026-05-27 11:56:49,23949.25,13.5,4998.6667,1.0849123667672798,23950.0,0.75,23950.0,23950.0,34108685.0,38295140.0,13398645.0,18343585.0,28619565.0,31049720.0,12.405000000000001
2026-05-27 11:56:51,23949.05,13.5,4998.6667,1.0849123667672798,23950.0,0.9500000000007276,23950.0,23950.0,34107580.0,38294230.0,13398645.0,18343585.0,28619565.0,31049720.0,12.405000000000001
2026-05-27 11:57:49,23942.65,13.5,4989.3333,1.0773217790883844,23950.0,7.349999999998545,23950.0,23950.0,34426535.0,38189125.0,13522340.0,18259605.0,28743260.0,30965740.0,12.379999999999999
2026-05-27 11:57:52,23943.05,13.5,4989.3333,1.0773217790883844,23950.0,6.950000000000728,23950.0,23950.0,34429785.0,38189125.0,13522340.0,18259605.0,28743260.0,30965740.0,12.39
2026-05-27 11:58:50,23936.5,13.5,4979.6667,1.0746957834592992,23950.0,13.5,23950.0,23950.0,34508760.0,38094615.0,13538200.0,18201170.0,28759120.0,30907305.0,12.385
2026-05-27 11:58:53,23934.0,13.5,4979.6667,1.0746957834592992,23950.0,16.0,23950.0,23950.0,34512920.0,38094420.0,13538200.0,18201170.0,28759120.0,30907305.0,12.4
2026-05-27 11:59:50,23933.65,13.5,4979.6667,1.0620477617887578,23950.0,16.349999999998545,23950.0,23950.0,34584355.0,37579945.0,13489060.0,17785235.0,28709980.0,30491370.0,12.415
2026-05-27 11:59:54,23933.05,13.5,4979.6667,1.0620477617887578,23950.0,16.950000000000728,23950.0,23950.0,34584355.0,37579815.0,13489060.0,17785235.0,28709980.0,30491370.0,12.415
2026-05-27 12:00:51,23938.75,13.5,4979.0,1.0582717735989036,23950.0,11.25,23950.0,23950.0,34585070.0,37578255.0,13516750.0,17706130.0,28737670.0,30412265.0,12.415
2026-05-27 12:00:55,23939.8,13.5,4979.0,1.0582717735989036,23950.0,10.200000000000728,23950.0,23950.0,34584940.0,37578775.0,13516750.0,17706130.0,28737670.0,30412265.0,12.39
2026-05-27 12:01:51,23933.95,13.5,4978.5,1.0475479648556572,23950.0,16.049999999999272,23950.0,23950.0,35040980.0,37552385.0,13779480.0,17673175.0,29000400.0,30379310.0,12.43
2026-05-27 12:01:56,23933.0,13.5,4978.3333,1.0475479648556572,23950.0,17.0,23950.0,23950.0,35040980.0,37552320.0,13779480.0,17673175.0,29000400.0,30379310.0,12.45
2026-05-27 12:02:53,23919.1,13.5,4888.0,1.241411995165915,23950.0,30.900000000001455,23850.0,23950.0,35404590.0,36997415.0,12065235.0,18520450.0,24687195.0,30646980.0,12.51
2026-05-27 12:02:57,23919.7,13.5,4888.0,1.241411995165915,23950.0,30.299999999999272,23850.0,23950.0,35405045.0,36994230.0,12065235.0,18520450.0,24687195.0,30646980.0,12.535
2026-05-27 12:03:53,23930.3,13.5,4840.1667,1.0154180760429385,23950.0,19.700000000000728,23950.0,23950.0,35489610.0,36515310.0,14007435.0,16972865.0,29228355.0,29679000.0,12.39
2026-05-27 12:03:57,23929.55,13.5,4840.1667,1.0154180760429385,23950.0,20.450000000000728,23950.0,23950.0,35482265.0,36515245.0,14007435.0,16972865.0,29228355.0,29679000.0,12.41
2026-05-27 12:04:54,23927.25,13.5,4830.6667,1.0080173094482945,23950.0,22.75,23950.0,23950.0,35824685.0,36644660.0,14249690.0,17000750.0,29470610.0,29706885.0,12.41
2026-05-27 12:04:58,23928.1,13.5,4830.6667,1.0080173094482945,23950.0,21.900000000001455,23950.0,23950.0,35824230.0,36644855.0,14249690.0,17000750.0,29470610.0,29706885.0,12.455
2026-05-27 12:05:55,23929.85,13.5,4817.1667,1.0053514852900114,23950.0,20.150000000001455,23950.0,23950.0,35934340.0,36671115.0,14342835.0,17015830.0,29563755.0,29721965.0,12.420000000000002
2026-05-27 12:05:59,23928.85,13.5,4817.1667,1.0053514852900114,23950.0,21.150000000001455,23950.0,23950.0,35935510.0,36671375.0,14342835.0,17015830.0,29563755.0,29721965.0,12.435
2026-05-27 12:06:56,23926.35,13.5,4795.8333,1.0017085528273157,23950.0,23.650000000001455,23950.0,23950.0,36189400.0,36808850.0,14491360.0,17056910.0,29712280.0,29763045.0,12.399999999999999
2026-05-27 12:06:59,23926.3,13.5,4795.8333,1.0017085528273157,23950.0,23.700000000000728,23950.0,23950.0,36190245.0,36808850.0,14491360.0,17056910.0,29712280.0,29763045.0,12.365
2026-05-27 12:07:57,23926.35,13.5,4758.8333,1.003343480976445,23950.0,23.650000000001455,23950.0,23950.0,36265320.0,37055980.0,14542970.0,17157270.0,29763890.0,29863405.0,12.36
2026-05-27 12:08:00,23926.6,13.5,4758.8333,1.003343480976445,23950.0,23.400000000001455,23950.0,23950.0,36263045.0,37055850.0,14542970.0,17157270.0,29763890.0,29863405.0,12.375
2026-05-27 12:08:58,23921.7,13.5,4729.6667,1.2105123808887301,23950.0,28.299999999999272,23850.0,23950.0,36365615.0,37043305.0,12664795.0,18483400.0,25286755.0,30609930.0,12.469999999999999
2026-05-27 12:09:01,23921.3,13.5,4729.6667,1.2105123808887301,23950.0,28.700000000000728,23850.0,23950.0,36365290.0,37047530.0,12664795.0,18483400.0,25286755.0,30609930.0,12.47
2026-05-27 12:09:58,23930.85,13.5,4729.6667,0.9988000645783427,23950.0,19.150000000001455,23950.0,23950.0,36374715.0,36976420.0,14572350.0,17051385.0,29793270.0,29757520.0,12.39
2026-05-27 12:10:02,23931.15,13.5,4729.6667,0.9988000645783427,23950.0,18.849999999998545,23950.0,23950.0,36374715.0,36975510.0,14572350.0,17051385.0,29793270.0,29757520.0,12.41
2026-05-27 12:10:59,23928.95,13.5,4729.6667,0.9881124169825098,23950.0,21.049999999999272,23950.0,23950.0,36570170.0,36597015.0,14688440.0,16847675.0,29909360.0,29553810.0,12.43
2026-05-27 12:11:03,23926.95,13.5,4729.6667,0.9881124169825098,23950.0,23.049999999999272,23950.0,23950.0,36561395.0,36597080.0,14688440.0,16847675.0,29909360.0,29553810.0,12.425
2026-05-27 12:12:00,23932.5,13.5,4729.6667,0.9852057548097543,23950.0,17.5,23950.0,23950.0,36681905.0,36715185.0,14787370.0,16858205.0,30008290.0,29564340.0,12.405
2026-05-27 12:12:04,23931.05,13.5,4729.6667,0.9852057548097543,23950.0,18.950000000000728,23950.0,23950.0,36681905.0,36715185.0,14787370.0,16858205.0,30008290.0,29564340.0,12.405000000000001
2026-05-27 12:13:00,23928.35,13.5,4729.6667,0.9785507658440655,23950.0,21.650000000001455,23950.0,23950.0,36989550.0,36724090.0,14955915.0,16823430.0,30176835.0,29529565.0,12.405
2026-05-27 12:13:05,23927.7,13.5,4729.6667,0.9785507658440655,23950.0,22.299999999999272,23950.0,23950.0,36989485.0,36724090.0,14955915.0,16823430.0,30176835.0,29529565.0,12.405
2026-05-27 12:14:01,23922.7,13.5,4733.3333,1.1807758552900263,23950.0,27.299999999999272,23850.0,23950.0,37097320.0,36664225.0,13002535.0,18130255.0,25624495.0,30256785.0,12.504999999999999
2026-05-27 12:14:07,23923.1,13.5,4733.3333,1.1807758552900263,23950.0,26.900000000001455,23850.0,23950.0,37097320.0,36662210.0,13002535.0,18130255.0,25624495.0,30256785.0,12.505
2026-05-27 12:15:01,23923.5,13.5,4729.6667,1.1781346766877663,23950.0,26.5,23850.0,23950.0,37125465.0,36634065.0,13029250.0,18094050.0,25651210.0,30220580.0,12.530000000000001
2026-05-27 12:15:07,23923.0,13.5,4729.6667,1.1781346766877663,23950.0,27.0,23850.0,23950.0,37125400.0,36634065.0,13029250.0,18094050.0,25651210.0,30220580.0,12.515
2026-05-27 12:16:02,23923.65,13.5,4729.6667,1.1602241979126402,23950.0,26.349999999998545,23850.0,23950.0,37538410.0,36517195.0,13273910.0,17918485.0,25895870.0,30045015.0,12.495
2026-05-27 12:16:09,23925.05,13.5,4729.6667,0.9589407077572065,23950.0,24.950000000000728,23950.0,23950.0,37538735.0,36514075.0,15288130.0,16550235.0,30509050.0,29256370.0,12.425
2026-05-27 12:17:03,23926.3,13.5,4729.6667,0.9529983034488037,23950.0,23.700000000000728,23950.0,23950.0,37736010.0,36403380.0,15352870.0,16430635.0,30573790.0,29136770.0,12.375
2026-05-27 12:17:10,23926.5,13.5,4729.6667,0.9529983034488037,23950.0,23.5,23950.0,23950.0,37738285.0,36403445.0,15352870.0,16430635.0,30573790.0,29136770.0,12.379999999999999
2026-05-27 12:18:04,23929.45,13.5,4729.6667,0.9490139010570573,23950.0,20.549999999999272,23950.0,23950.0,37862175.0,36381345.0,15420275.0,16372785.0,30641195.0,29078920.0,12.344999999999999
2026-05-27 12:18:10,23929.0,13.5,4729.6667,0.9490139010570573,23950.0,21.0,23950.0,23950.0,37862175.0,36381345.0,15420275.0,16372785.0,30641195.0,29078920.0,12.385
2026-05-27 12:19:05,23931.85,13.5,4729.6667,0.945839403366138,23950.0,18.150000000001455,23950.0,23950.0,37833250.0,36295415.0,15431715.0,16286335.0,30652635.0,28992470.0,12.395
2026-05-27 12:19:11,23932.6,13.5,4729.6667,0.945839403366138,23950.0,17.400000000001455,23950.0,23950.0,37835005.0,36302500.0,15431715.0,16286335.0,30652635.0,28992470.0,12.41
2026-05-27 12:20:05,23936.15,13.5,4729.6667,0.9383965976894757,23950.0,13.849999999998545,23950.0,23950.0,37924445.0,36076365.0,15499380.0,16121690.0,30720300.0,28827825.0,12.415
2026-05-27 12:20:11,23938.5,13.5,4724.3333,0.9383965976894757,23950.0,11.5,23950.0,23950.0,37932635.0,36061675.0,15499380.0,16121690.0,30720300.0,28827825.0,12.375
2026-05-27 12:21:06,23931.4,13.5,4724.3333,0.930259389092075,23950.0,18.599999999998545,23950.0,23950.0,38071085.0,35790170.0,15596490.0,15962050.0,30817410.0,28668185.0,12.41
2026-05-27 12:21:12,23931.0,13.5,4724.3333,0.930259389092075,23950.0,19.0,23950.0,23950.0,38071085.0,35790820.0,15596490.0,15962050.0,30817410.0,28668185.0,12.395
2026-05-27 12:22:07,23934.55,13.5,4724.3333,0.9319734475104411,23950.0,15.450000000000728,23950.0,23950.0,38106965.0,36049455.0,15672605.0,16085810.0,30893525.0,28791945.0,12.355
2026-05-27 12:22:13,23934.45,13.5,4724.3333,0.9319734475104411,23950.0,15.549999999999272,23950.0,23950.0,38106510.0,36049130.0,15672605.0,16085810.0,30893525.0,28791945.0,12.36
2026-05-27 12:23:08,23937.85,13.5,4723.0,0.9311689869116722,23950.0,12.150000000001455,23950.0,23950.0,38175345.0,36037885.0,15674165.0,16062410.0,30895085.0,28768545.0,12.33
2026-05-27 12:23:13,23938.45,13.5,4723.0,0.9311689869116722,23950.0,11.549999999999272,23950.0,23950.0,38175410.0,36038535.0,15674165.0,16062410.0,30895085.0,28768545.0,12.32
2026-05-27 12:24:09,23935.6,13.5,4685.0,0.9174488023318434,23950.0,14.400000000001455,23950.0,23950.0,38202645.0,35660105.0,15798315.0,15752425.0,31019235.0,28458560.0,12.379999999999999
2026-05-27 12:24:14,23934.8,13.5,4685.0,0.9174488023318434,23950.0,15.200000000000728,23950.0,23950.0,38202645.0,35660105.0,15798315.0,15752425.0,31019235.0,28458560.0,12.375
2026-05-27 12:25:10,23931.65,13.5,4671.3333,0.9127968983299665,23950.0,18.349999999998545,23950.0,23950.0,38416950.0,35663225.0,15861690.0,15665975.0,31082610.0,28372110.0,12.375
2026-05-27 12:25:15,23933.2,13.5,4671.3333,0.9127968983299665,23950.0,16.799999999999272,23950.0,23950.0,38416950.0,35663225.0,15861690.0,15665975.0,31082610.0,28372110.0,12.36
2026-05-27 12:26:11,23928.35,13.5,4671.3333,0.9153650267082523,23950.0,21.650000000001455,23950.0,23950.0,38364040.0,35841130.0,15893995.0,15775370.0,31114915.0,28481505.0,12.379999999999999
2026-05-27 12:26:16,23927.25,13.5,4665.1667,0.9153650267082523,23950.0,22.75,23950.0,23950.0,38364690.0,35838725.0,15893995.0,15775370.0,31114915.0,28481505.0,12.370000000000001
2026-05-27 12:27:11,23927.55,13.5,4665.1667,0.9228288475562224,23950.0,22.450000000000728,23950.0,23950.0,38383865.0,36077015.0,15797860.0,15918890.0,31018780.0,28625025.0,12.355
2026-05-27 12:27:18,23925.5,13.5,4665.1667,0.9228288475562224,23950.0,24.5,23950.0,23950.0,38376585.0,36077015.0,15797860.0,15918890.0,31018780.0,28625025.0,12.344999999999999
2026-05-27 12:28:12,23919.4,13.5,4665.1667,1.129134852178648,23950.0,30.599999999998545,23850.0,23950.0,38420525.0,36365875.0,13640315.0,17527120.0,26262275.0,29653650.0,12.44
2026-05-27 12:28:18,23921.45,13.5,4665.1667,1.129134852178648,23950.0,28.549999999999272,23850.0,23950.0,38420525.0,36365875.0,13640315.0,17527120.0,26262275.0,29653650.0,12.455
2026-05-27 12:29:12,23910.95,13.5,4665.1667,1.131619995543341,23950.0,39.04999999999927,23850.0,23950.0,38246585.0,36583950.0,13630890.0,17581720.0,26252850.0,29708250.0,12.465
2026-05-27 12:29:20,23911.95,13.5,4665.1667,1.131619995543341,23950.0,38.04999999999927,23850.0,23950.0,38249770.0,36582130.0,13630890.0,17581720.0,26252850.0,29708250.0,12.465
2026-05-27 12:30:13,23905.05,13.5,4665.1667,1.1246787342127984,23950.0,44.95000000000073,23850.0,23950.0,37822655.0,35829430.0,13275600.0,16999905.0,25897560.0,29126435.0,12.475
2026-05-27 12:30:21,23904.05,13.5,4665.1667,1.1246787342127984,23950.0,45.95000000000073,23850.0,23950.0,37829220.0,35829430.0,13275600.0,16999905.0,25897560.0,29126435.0,12.495000000000001
2026-05-27 12:31:13,23907.8,13.5,4655.5,1.091011274986601,23950.0,42.20000000000073,23850.0,23950.0,38003485.0,35123400.0,13574080.0,16453645.0,26196040.0,28580175.0,12.44
2026-05-27 12:31:21,23907.05,13.5,4655.5,1.091011274986601,23950.0,42.95000000000073,23850.0,23950.0,38003030.0,35123400.0,13574080.0,16453645.0,26196040.0,28580175.0,12.44
2026-05-27 12:32:14,23907.05,13.5,4655.3333,1.0712455264436884,23950.0,42.95000000000073,23850.0,23950.0,38332320.0,34897265.0,13858650.0,16240705.0,26480610.0,28367235.0,12.469999999999999
2026-05-27 12:32:22,23906.8,13.5,4655.3333,1.0712455264436884,23950.0,43.20000000000073,23850.0,23950.0,38334725.0,34895575.0,13858650.0,16240705.0,26480610.0,28367235.0,12.45
2026-05-27 12:33:14,23909.75,13.5,4655.1667,1.0622088927159576,23950.0,40.25,23850.0,23950.0,38551565.0,34790470.0,13949000.0,16097380.0,26570960.0,28223910.0,12.440000000000001
2026-05-27 12:33:23,23911.2,13.5,4655.1667,1.0622088927159576,23950.0,38.79999999999927,23850.0,23950.0,38551565.0,34791250.0,13949000.0,16097380.0,26570960.0,28223910.0,12.445
2026-05-27 12:34:15,23916.8,13.5,4638.8333,1.0537130462333357,23950.0,33.20000000000073,23850.0,23950.0,38781405.0,34848515.0,14048190.0,15976155.0,26670150.0,28102685.0,12.405000000000001
2026-05-27 12:34:25,23916.6,13.5,4638.8333,1.0537130462333357,23950.0,33.400000000001455,23850.0,23950.0,38783420.0,34848515.0,14048190.0,15976155.0,26670150.0,28102685.0,12.4
2026-05-27 12:35:16,23913.6,13.5,4648.1667,1.049517218014181,23950.0,36.400000000001455,23850.0,23950.0,39200785.0,35080370.0,14237990.0,16063450.0,26859950.0,28189980.0,12.370000000000001
2026-05-27 12:35:25,23913.2,13.5,4648.1667,1.049517218014181,23950.0,36.79999999999927,23850.0,23950.0,39201370.0,35080370.0,14237990.0,16063450.0,26859950.0,28189980.0,12.379999999999999
2026-05-27 12:36:17,23922.1,13.5,4648.1667,1.0571715775585853,23950.0,27.900000000001455,23850.0,23950.0,39192140.0,35419670.0,14277770.0,16311100.0,26899730.0,28437630.0,12.31
2026-05-27 12:36:27,23920.55,13.5,4648.1667,1.0571715775585853,23950.0,29.450000000000728,23850.0,23950.0,39191685.0,35418630.0,14277770.0,16311100.0,26899730.0,28437630.0,12.3
2026-05-27 12:37:18,23924.1,13.5,4627.6667,1.055468666517714,23950.0,25.900000000001455,23850.0,23950.0,39086060.0,35114430.0,14142700.0,16122730.0,26764660.0,28249260.0,12.32
2026-05-27 12:37:28,23923.95,13.5,4627.6667,1.055468666517714,23950.0,26.049999999999272,23850.0,23950.0,39085150.0,35113780.0,14142700.0,16122730.0,26764660.0,28249260.0,12.32
2026-05-27 12:38:19,23936.6,13.5,4626.8333,0.8737032509581075,23950.0,13.400000000001455,23950.0,23950.0,39013260.0,35269130.0,16257800.0,14796925.0,31478720.0,27503060.0,12.205
2026-05-27 12:38:29,23935.8,13.5,4626.8333,0.8737032509581075,23950.0,14.200000000000728,23950.0,23950.0,39018980.0,35279530.0,16257800.0,14796925.0,31478720.0,27503060.0,12.21
2026-05-27 12:39:19,23933.05,13.5,4596.6667,0.8698228679574416,23950.0,16.950000000000728,23950.0,23950.0,38648285.0,34817575.0,15930135.0,14389765.0,31151055.0,27095900.0,12.205
2026-05-27 12:39:29,23932.65,13.5,4596.6667,0.8698228679574416,23950.0,17.349999999998545,23950.0,23950.0,38653290.0,34817575.0,15930135.0,14389765.0,31151055.0,27095900.0,12.190000000000001
2026-05-27 12:40:20,23928.25,13.5,4596.6667,0.8815852176231392,23950.0,21.75,23950.0,23950.0,38442235.0,35184760.0,15741895.0,14590225.0,30962815.0,27296360.0,12.18
2026-05-27 12:40:30,23927.65,13.5,4596.6667,0.8815852176231392,23950.0,22.349999999998545,23950.0,23950.0,38441780.0,35184825.0,15741895.0,14590225.0,30962815.0,27296360.0,12.195
2026-05-27 12:41:22,23929.65,13.5,4596.5,0.8922800453371423,23950.0,20.349999999998545,23950.0,23950.0,38315810.0,35401405.0,15632370.0,14823640.0,30853290.0,27529775.0,12.17
2026-05-27 12:41:31,23929.65,13.5,4596.5,0.8922800453371423,23950.0,20.349999999998545,23950.0,23950.0,38327055.0,35400170.0,15632370.0,14823640.0,30853290.0,27529775.0,12.155
2026-05-27 12:42:23,23934.15,13.5,4598.1667,0.8943338662598823,23950.0,15.849999999998545,23950.0,23950.0,38515750.0,35629360.0,15799615.0,15036580.0,31020535.0,27742715.0,12.16
2026-05-27 12:42:33,23932.25,13.5,4598.1667,0.8943338662598823,23950.0,17.75,23950.0,23950.0,38515815.0,35629360.0,15799615.0,15036580.0,31020535.0,27742715.0,12.165
2026-05-27 12:43:25,23930.95,13.5,4598.1667,0.8900357715966836,23950.0,19.049999999999272,23950.0,23950.0,38703990.0,35637290.0,15887560.0,14981525.0,31108480.0,27687660.0,12.184999999999999
2026-05-27 12:43:34,23931.75,13.5,4598.1667,0.8900357715966836,23950.0,18.25,23950.0,23950.0,38705160.0,35637290.0,15887560.0,14981525.0,31108480.0,27687660.0,12.184999999999999
2026-05-27 12:44:26,23937.9,13.5,4598.1667,0.8877069541590557,23950.0,12.099999999998545,23950.0,23950.0,38911080.0,35666865.0,16022110.0,15028520.0,31243030.0,27734655.0,12.175
2026-05-27 12:44:35,23937.05,13.5,4598.1667,0.8877069541590557,23950.0,12.950000000000728,23950.0,23950.0,38911275.0,35667060.0,16022110.0,15028520.0,31243030.0,27734655.0,12.155000000000001
2026-05-27 12:45:27,23933.25,13.5,4591.8333,0.8893502184096121,23950.0,16.75,23950.0,23950.0,38936235.0,35911850.0,16042585.0,15098070.0,31263505.0,27804205.0,12.219999999999999
2026-05-27 12:45:36,23932.65,13.5,4591.8333,0.8893502184096121,23950.0,17.349999999998545,23950.0,23950.0,38935780.0,35911850.0,16042585.0,15098070.0,31263505.0,27804205.0,12.219999999999999
2026-05-27 12:46:28,23934.3,13.5,4591.8333,0.8883928664080708,23950.0,15.700000000000728,23950.0,23950.0,39086385.0,35937005.0,16098225.0,15117570.0,31319145.0,27823705.0,12.184999999999999
2026-05-27 12:46:36,23933.1,13.5,4591.8333,0.8883928664080708,23950.0,16.900000000001455,23950.0,23950.0,39086385.0,35941360.0,16098225.0,15117570.0,31319145.0,27823705.0,12.215
2026-05-27 12:47:29,23928.55,13.5,4591.8333,0.8865815126746848,23950.0,21.450000000000728,23950.0,23950.0,39192270.0,35945585.0,16151655.0,15108210.0,31372575.0,27814345.0,12.22
2026-05-27 12:47:37,23928.25,13.5,4591.8333,0.8865815126746848,23950.0,21.75,23950.0,23950.0,39192270.0,35931805.0,16151655.0,15108210.0,31372575.0,27814345.0,12.2
2026-05-27 12:48:30,23931.1,13.5,4591.8333,0.891362211154261,23950.0,18.900000000001455,23950.0,23950.0,39101985.0,36097100.0,16061565.0,15177890.0,31282485.0,27884025.0,12.21
2026-05-27 12:48:38,23931.6,13.5,4591.8333,0.891362211154261,23950.0,18.400000000001455,23950.0,23950.0,39101985.0,36083515.0,16061565.0,15177890.0,31282485.0,27884025.0,12.175
2026-05-27 12:49:30,23931.3,13.5,4587.1667,0.8952564861245211,23950.0,18.700000000000728,23950.0,23950.0,39131300.0,36313095.0,16083405.0,15319265.0,31304325.0,28025400.0,12.205
2026-05-27 12:49:38,23931.9,13.5,4587.1667,0.8952564861245211,23950.0,18.099999999998545,23950.0,23950.0,39135070.0,36313095.0,16083405.0,15319265.0,31304325.0,28025400.0,12.205
2026-05-27 12:50:31,23926.65,13.5,4587.1667,0.8929048365557685,23950.0,23.349999999998545,23950.0,23950.0,39199745.0,36274680.0,16124940.0,15282735.0,31345860.0,27988870.0,12.21
2026-05-27 12:50:40,23927.05,13.5,4574.0,0.8929048365557685,23950.0,22.950000000000728,23950.0,23950.0,39199745.0,36269350.0,16124940.0,15282735.0,31345860.0,27988870.0,12.215
2026-05-27 12:51:32,23923.6,13.5,4552.8333,1.0854770252814172,23950.0,26.400000000001455,23850.0,23950.0,39108160.0,36042045.0,13795665.0,16549195.0,26417625.0,28675725.0,12.295
2026-05-27 12:51:40,23923.75,13.5,4552.8333,1.0854770252814172,23950.0,26.25,23850.0,23950.0,39110110.0,36041980.0,13795665.0,16549195.0,26417625.0,28675725.0,12.305
2026-05-27 12:52:33,23916.95,13.5,4552.8333,1.0885656053843709,23950.0,33.04999999999927,23850.0,23950.0,39033280.0,36065965.0,13752895.0,16584230.0,26374855.0,28710760.0,12.36
2026-05-27 12:52:41,23916.0,13.5,4552.8333,1.0885656053843709,23950.0,34.0,23850.0,23950.0,39033280.0,36060570.0,13752895.0,16584230.0,26374855.0,28710760.0,12.365
2026-05-27 12:53:35,23914.0,13.5,4552.8333,1.0892671546541912,23950.0,36.0,23850.0,23950.0,38962755.0,36184005.0,13707265.0,16553030.0,26329225.0,28679560.0,12.370000000000001
2026-05-27 12:53:43,23913.35,13.5,4552.8333,1.0892671546541912,23950.0,36.650000000001455,23850.0,23950.0,38967045.0,36184005.0,13707265.0,16553030.0,26329225.0,28679560.0,12.364999999999998
2026-05-27 12:54:36,23914.25,13.5,4552.8333,1.0821942684381274,23950.0,35.75,23850.0,23950.0,39172575.0,36136815.0,13865410.0,16537950.0,26487370.0,28664480.0,12.36
2026-05-27 12:54:44,23914.15,13.5,4552.8333,1.0821942684381274,23950.0,35.849999999998545,23850.0,23950.0,39174785.0,36136750.0,13865410.0,16537950.0,26487370.0,28664480.0,12.355
2026-05-27 12:55:38,23913.15,13.5,4552.8333,1.0677665909584368,23950.0,36.849999999998545,23850.0,23950.0,39326040.0,35990760.0,14021995.0,16322995.0,26643955.0,28449525.0,12.36
2026-05-27 12:55:46,23913.0,13.5,4552.8333,1.0677665909584368,23950.0,37.0,23850.0,23950.0,39326040.0,35990760.0,14021995.0,16322995.0,26643955.0,28449525.0,12.350000000000001
2026-05-27 12:56:39,23918.25,13.5,4552.8333,1.0635488221061395,23950.0,31.75,23850.0,23950.0,39454285.0,35971715.0,14081210.0,16273595.0,26703170.0,28400125.0,12.34
2026-05-27 12:56:47,23920.3,13.5,4552.8333,1.0635488221061395,23950.0,29.700000000000728,23850.0,23950.0,39450320.0,35971715.0,14081210.0,16273595.0,26703170.0,28400125.0,12.32
2026-05-27 12:57:40,23915.2,13.5,4552.8333,1.0501544273610939,23950.0,34.79999999999927,23850.0,23950.0,39773110.0,35734205.0,14253135.0,16096470.0,26875095.0,28223000.0,12.355
2026-05-27 12:57:48,23916.95,13.5,4552.8333,1.0501544273610939,23950.0,33.04999999999927,23850.0,23950.0,39773110.0,35737130.0,14253135.0,16096470.0,26875095.0,28223000.0,12.355
2026-05-27 12:58:42,23913.55,13.5,4552.8333,1.0479790798004387,23950.0,36.45000000000073,23850.0,23950.0,39937495.0,35835865.0,14347190.0,16136575.0,26969150.0,28263105.0,12.35
2026-05-27 12:58:48,23913.5,13.5,4552.8333,1.0479790798004387,23950.0,36.5,23850.0,23950.0,39937950.0,35835865.0,14347190.0,16136575.0,26969150.0,28263105.0,12.36
2026-05-27 12:59:43,23905.6,13.5,4552.5,1.044933512330899,23950.0,44.400000000001455,23850.0,23950.0,40196650.0,35928295.0,14443585.0,16155165.0,27065545.0,28281695.0,12.395
2026-05-27 12:59:49,23905.7,13.5,4552.5,1.044933512330899,23950.0,44.29999999999927,23850.0,23950.0,40196650.0,35928295.0,14443585.0,16155165.0,27065545.0,28281695.0,12.385
2026-05-27 13:00:44,23903.25,13.5,4552.3333,1.047399397491795,23950.0,46.75,23850.0,23950.0,40193335.0,35996220.0,14391780.0,16167645.0,27013740.0,28294175.0,12.35
2026-05-27 13:00:51,23902.25,13.5,4552.3333,1.047399397491795,23950.0,47.75,23850.0,23950.0,40198600.0,35995700.0,14391780.0,16167645.0,27013740.0,28294175.0,12.355
2026-05-27 13:01:44,23897.2,13.5,4552.3333,1.041529244346651,23950.0,52.79999999999927,23850.0,23950.0,40427595.0,36090210.0,14555515.0,16179605.0,27177475.0,28306135.0,12.370000000000001
2026-05-27 13:01:52,23897.6,13.5,4552.3333,1.041529244346651,23950.0,52.400000000001455,23850.0,23950.0,40427595.0,36076950.0,14555515.0,16179605.0,27177475.0,28306135.0,12.370000000000001
2026-05-27 13:02:45,23900.0,13.5,4552.3333,1.0388033267516306,23950.0,50.0,23850.0,23950.0,40504100.0,36054915.0,14536665.0,16085940.0,27158625.0,28212470.0,12.34
2026-05-27 13:02:52,23902.05,13.5,4552.3333,1.0388033267516306,23950.0,47.95000000000073,23850.0,23950.0,40504100.0,36054915.0,14536665.0,16085940.0,27158625.0,28212470.0,12.335
2026-05-27 13:03:47,23905.2,13.5,4552.3333,1.0249026979107903,23950.0,44.79999999999927,23850.0,23950.0,41030730.0,35978670.0,14800370.0,15978690.0,27422330.0,28105220.0,12.31
2026-05-27 13:03:53,23906.05,13.5,4552.3333,1.0249026979107903,23950.0,43.95000000000073,23850.0,23950.0,41030730.0,35978605.0,14800370.0,15978690.0,27422330.0,28105220.0,12.309999999999999
2026-05-27 13:04:47,23915.1,13.5,4552.3333,1.0053796333410687,23950.0,34.900000000001455,23850.0,23950.0,41546245.0,35746490.0,15107625.0,15752230.0,27729585.0,27878760.0,12.275
2026-05-27 13:04:53,23915.2,13.5,4552.3333,1.0053796333410687,23950.0,34.79999999999927,23850.0,23950.0,41546245.0,35750780.0,15107625.0,15752230.0,27729585.0,27878760.0,12.295
2026-05-27 13:05:48,23913.0,13.5,4552.3333,0.9775841957775475,23950.0,37.0,23850.0,23950.0,41775110.0,35168965.0,15351830.0,15220205.0,27973790.0,27346735.0,12.275
2026-05-27 13:05:54,23910.75,13.5,4552.3333,0.9775841957775475,23950.0,39.25,23850.0,23950.0,41775110.0,35168965.0,15351830.0,15220205.0,27973790.0,27346735.0,12.3
2026-05-27 13:06:49,23915.4,13.5,4552.3333,0.9755545871464442,23950.0,34.599999999998545,23850.0,23950.0,42219125.0,35356165.0,15568605.0,15374905.0,28190565.0,27501435.0,12.305
2026-05-27 13:06:55,23917.4,13.5,4552.3333,0.9755545871464442,23950.0,32.599999999998545,23850.0,23950.0,42260855.0,35356165.0,15568605.0,15374905.0,28190565.0,27501435.0,12.33
2026-05-27 13:07:50,23921.2,13.5,4552.3333,0.9712430703771691,23950.0,28.799999999999272,23850.0,23950.0,42403725.0,35505795.0,15670525.0,15352350.0,28292485.0,27478880.0,12.315
2026-05-27 13:07:56,23921.25,13.5,4552.3333,0.9712430703771691,23950.0,28.75,23850.0,23950.0,42403725.0,35505795.0,15670525.0,15352350.0,28292485.0,27478880.0,12.3
2026-05-27 13:08:50,23920.65,13.5,4551.8333,0.9608137318387858,23950.0,29.349999999998545,23850.0,23950.0,42694535.0,35412845.0,15885220.0,15263560.0,28507180.0,27390090.0,12.34
2026-05-27 13:08:57,23918.5,13.5,4551.8333,0.9608137318387858,23950.0,31.5,23850.0,23950.0,42694470.0,35412845.0,15885220.0,15263560.0,28507180.0,27390090.0,12.33
2026-05-27 13:09:51,23903.7,13.5,4494.8333,0.9563241628646104,23950.0,46.29999999999927,23850.0,23950.0,42862235.0,35454900.0,15928380.0,15176850.0,28550340.0,27303380.0,12.399999999999999
2026-05-27 13:09:57,23903.8,13.5,4494.8333,0.9563241628646104,23950.0,46.20000000000073,23850.0,23950.0,42862300.0,35452170.0,15928380.0,15176850.0,28550340.0,27303380.0,12.399999999999999
2026-05-27 13:10:52,23916.75,13.5,4494.6667,0.9648506795626962,23950.0,33.25,23850.0,23950.0,42633760.0,35554870.0,15738190.0,15236780.0,28360150.0,27363310.0,12.355
2026-05-27 13:10:58,23914.7,13.5,4494.6667,0.9648506795626962,23950.0,35.29999999999927,23850.0,23950.0,42633760.0,35554740.0,15738190.0,15236780.0,28360150.0,27363310.0,12.355
2026-05-27 13:11:53,23909.45,13.5,4494.6667,0.9600176439801346,23950.0,40.54999999999927,23850.0,23950.0,42772015.0,35548760.0,15818335.0,15176655.0,28440295.0,27303185.0,12.39
2026-05-27 13:11:59,23908.3,13.5,4494.6667,0.9600176439801346,23950.0,41.70000000000073,23850.0,23950.0,42770715.0,35548760.0,15818335.0,15176655.0,28440295.0,27303185.0,12.39
2026-05-27 13:12:53,23911.8,13.5,4494.6667,0.9616745107979549,23950.0,38.20000000000073,23850.0,23950.0,42816865.0,35763390.0,15841995.0,15246530.0,28463955.0,27373060.0,12.370000000000001
2026-05-27 13:12:59,23910.65,13.5,4494.6667,0.9616745107979549,23950.0,39.349999999998545,23850.0,23950.0,42816865.0,35763390.0,15841995.0,15246530.0,28463955.0,27373060.0,12.379999999999999
2026-05-27 13:13:55,23900.7,13.5,4494.6667,0.9702113728820931,23950.0,49.29999999999927,23850.0,23950.0,42816345.0,36083580.0,15770755.0,15420405.0,28392715.0,27546935.0,12.43
2026-05-27 13:14:00,23902.35,13.5,4494.6667,0.9719464538503475,23950.0,47.650000000001455,23850.0,23950.0,42786510.0,36132005.0,15754310.0,15453685.0,28376270.0,27580215.0,12.43
2026-05-27 13:14:56,23896.15,13.5,4494.5,0.9781255018928531,23950.0,53.849999999998545,23850.0,23950.0,42625700.0,36412935.0,15708290.0,15584010.0,28330250.0,27710540.0,12.445
2026-05-27 13:15:02,23898.65,13.5,4494.5,0.9716398519663859,23950.0,51.349999999998545,23850.0,23950.0,42717480.0,36287680.0,15795910.0,15485405.0,28417870.0,27611935.0,12.415
2026-05-27 13:15:57,23893.15,13.5,4492.8333,0.9677456908653879,23950.0,56.849999999998545,23850.0,23950.0,42806400.0,36156575.0,15853305.0,15430285.0,28475265.0,27556815.0,12.42
2026-05-27 13:16:02,23894.25,13.5,4492.8333,0.9677456908653879,23950.0,55.75,23850.0,23950.0,42806400.0,36156510.0,15853305.0,15430285.0,28475265.0,27556815.0,12.39
2026-05-27 13:16:58,23894.5,13.5,4493.0,0.9531757586787388,23950.0,55.5,23850.0,23950.0,42923140.0,35611875.0,15950740.0,15108275.0,28572700.0,27234805.0,12.39
2026-05-27 13:17:03,23894.7,13.5,4493.0,0.9525246644318197,23950.0,55.29999999999927,23850.0,23950.0,42921580.0,35592700.0,15958670.0,15097225.0,28580630.0,27223755.0,12.4
2026-05-27 13:18:00,23892.45,13.5,4487.3333,0.9398413333242951,23950.0,57.54999999999927,23850.0,23950.0,43043780.0,35398090.0,16144635.0,14909505.0,28766595.0,27036035.0,12.4
2026-05-27 13:18:05,23891.65,13.5,4487.3333,0.9305446823061487,23950.0,58.349999999998545,23850.0,23950.0,43237285.0,35282910.0,16271580.0,14760200.0,28893540.0,26886730.0,12.425
2026-05-27 13:19:01,23891.65,13.5,4487.1667,0.9304002609174848,23950.0,58.349999999998545,23850.0,23950.0,43251000.0,35274850.0,16276065.0,14760200.0,28898025.0,26886730.0,12.37
2026-05-27 13:19:05,23890.25,13.5,4487.1667,0.930632751196548,23950.0,59.75,23850.0,23950.0,43404140.0,35440340.0,16345745.0,14831765.0,28967705.0,26958295.0,12.375
2026-05-27 13:20:01,23888.9,13.5,4487.1667,0.930632751196548,23950.0,61.099999999998545,23850.0,23950.0,43437745.0,35428575.0,16345745.0,14831765.0,28967705.0,26958295.0,12.370000000000001
2026-05-27 13:20:06,23886.35,13.5,4487.1667,0.9233056987645941,23950.0,63.650000000001455,23850.0,23950.0,43641650.0,35317035.0,16489525.0,14752270.0,29111485.0,26878800.0,12.375
2026-05-27 13:21:03,23895.1,13.5,4487.1667,0.9233056987645941,23950.0,54.900000000001455,23850.0,23950.0,43660760.0,35312420.0,16489525.0,14752270.0,29111485.0,26878800.0,12.335
2026-05-27 13:21:07,23894.8,13.5,4487.1667,0.9169633802565214,23950.0,55.20000000000073,23850.0,23950.0,43665505.0,35067305.0,16477370.0,14556490.0,29099330.0,26683020.0,12.33
2026-05-27 13:22:04,23894.6,13.5,4499.5,0.9169633802565214,23950.0,55.400000000001455,23850.0,23950.0,43660890.0,35064640.0,16477370.0,14556490.0,29099330.0,26683020.0,12.36
2026-05-27 13:22:08,23893.5,13.5,4499.5,0.9119025657853893,23950.0,56.5,23850.0,23950.0,43944875.0,35104550.0,16693820.0,14606605.0,29315780.0,26733135.0,12.34
2026-05-27 13:23:06,23895.55,13.5,4498.6667,0.912457264673752,23950.0,54.45000000000073,23850.0,23950.0,44041790.0,35233900.0,16771170.0,14693445.0,29393130.0,26819975.0,12.305
2026-05-27 13:23:10,23893.9,13.5,4498.6667,0.9125766803331254,23950.0,56.099999999998545,23850.0,23950.0,44043350.0,35231755.0,16771170.0,14696955.0,29393130.0,26823485.0,12.295
2026-05-27 13:24:07,23896.9,13.5,4498.6667,0.9031687121555246,23950.0,53.099999999998545,23850.0,23950.0,44277610.0,35106240.0,16941470.0,14574235.0,29563430.0,26700765.0,12.27
2026-05-27 13:24:10,23896.85,13.5,4498.6667,0.9031687121555246,23950.0,53.150000000001455,23850.0,23950.0,44239975.0,35126195.0,16941470.0,14574235.0,29563430.0,26700765.0,12.239999999999998
2026-05-27 13:25:08,23897.2,13.5,4498.6667,0.8943221802128636,23950.0,52.79999999999927,23850.0,23950.0,44612490.0,34933145.0,17120090.0,14472445.0,29742050.0,26598975.0,12.315000000000001
2026-05-27 13:25:11,23896.35,13.5,4498.6667,0.8943221802128636,23950.0,53.650000000001455,23850.0,23950.0,44612490.0,34933145.0,17120090.0,14472445.0,29742050.0,26598975.0,12.315000000000001
2026-05-27 13:26:10,23900.4,13.5,4467.3333,0.8955044091749246,23950.0,49.599999999998545,23850.0,23950.0,44582135.0,35048325.0,17164225.0,14547130.0,29786185.0,26673660.0,12.285
2026-05-27 13:26:12,23901.85,13.5,4467.3333,0.8955044091749246,23950.0,48.150000000001455,23850.0,23950.0,44583370.0,35050340.0,17164225.0,14547130.0,29786185.0,26673660.0,12.3
2026-05-27 13:27:11,23903.65,13.5,4465.1667,0.8866944454099899,23950.0,46.349999999998545,23850.0,23950.0,44732610.0,34929180.0,17297800.0,14403155.0,29919760.0,26529685.0,12.3
2026-05-27 13:27:12,23903.45,13.5,4465.1667,0.8866944454099899,23950.0,46.54999999999927,23850.0,23950.0,44732610.0,34929180.0,17297800.0,14403155.0,29919760.0,26529685.0,12.3
2026-05-27 13:28:12,23897.2,13.5,4465.1667,0.8846243917670631,23950.0,52.79999999999927,23850.0,23950.0,44754255.0,34821410.0,17354220.0,14391130.0,29976180.0,26517660.0,12.32
2026-05-27 13:28:12,23896.85,13.5,4465.1667,0.8846243917670631,23950.0,53.150000000001455,23850.0,23950.0,44754255.0,34821410.0,17354220.0,14391130.0,29976180.0,26517660.0,12.32
2026-05-27 13:29:13,23889.95,13.5,4465.1667,0.8912049401373129,23950.0,60.04999999999927,23850.0,23950.0,44768035.0,35186710.0,17314050.0,14552590.0,29936010.0,26679120.0,12.345
2026-05-27 13:29:13,23889.75,13.5,4465.1667,0.8912049401373129,23950.0,60.25,23850.0,23950.0,44768035.0,35186710.0,17314050.0,14552590.0,29936010.0,26679120.0,12.345
2026-05-27 13:30:14,23891.95,13.5,4465.1667,0.8889269085002707,23950.0,58.04999999999927,23850.0,23950.0,44782855.0,35182615.0,17391790.0,14553500.0,30013750.0,26680030.0,12.3
2026-05-27 13:30:15,23892.05,13.5,4465.1667,0.8889269085002707,23950.0,57.95000000000073,23850.0,23950.0,44782855.0,35182615.0,17391790.0,14553500.0,30013750.0,26680030.0,12.3
2026-05-27 13:31:15,23892.4,13.5,4464.6667,0.8916241453375066,23950.0,57.599999999998545,23850.0,23950.0,44785065.0,35350705.0,17428645.0,14667315.0,30050605.0,26793845.0,12.315
2026-05-27 13:31:16,23893.1,13.5,4464.6667,0.8916241453375066,23950.0,56.900000000001455,23850.0,23950.0,44785065.0,35350705.0,17428645.0,14667315.0,30050605.0,26793845.0,12.315
2026-05-27 13:32:16,23896.2,13.5,4420.8333,0.8935102001102715,23950.0,53.79999999999927,23850.0,23950.0,44877105.0,35407060.0,17440215.0,14734330.0,30062175.0,26860860.0,12.254999999999999
2026-05-27 13:32:17,23896.6,13.5,4420.8333,0.8935102001102715,23950.0,53.400000000001455,23850.0,23950.0,44877105.0,35407060.0,17440215.0,14734330.0,30062175.0,26860860.0,12.254999999999999
2026-05-27 13:33:18,23897.65,13.5,4447.0,0.8943957548118403,23950.0,52.349999999998545,23850.0,23950.0,44875935.0,35423050.0,17437485.0,14758510.0,30059445.0,26885040.0,12.280000000000001
2026-05-27 13:33:18,23897.65,13.5,4447.0,0.8943957548118403,23950.0,52.349999999998545,23850.0,23950.0,44875935.0,35423050.0,17437485.0,14758510.0,30059445.0,26885040.0,12.280000000000001
2026-05-27 13:34:18,23899.65,13.5,4443.1667,0.8944664707014732,23950.0,50.349999999998545,23850.0,23950.0,44929690.0,35641775.0,17429295.0,14753310.0,30051255.0,26879840.0,12.3
2026-05-27 13:34:19,23899.6,13.5,4443.1667,0.8944664707014732,23950.0,50.400000000001455,23850.0,23950.0,44932355.0,35648600.0,17429295.0,14753310.0,30051255.0,26879840.0,12.29
2026-05-27 13:35:20,23904.3,13.5,4443.1667,0.8927137617383614,23950.0,45.70000000000073,23850.0,23950.0,44866900.0,35419670.0,17363060.0,14641510.0,29985020.0,26768040.0,12.235
2026-05-27 13:35:20,23905.8,13.5,4422.1667,0.8927137617383614,23950.0,44.20000000000073,23850.0,23950.0,44864235.0,35407255.0,17363060.0,14641510.0,29985020.0,26768040.0,12.235
2026-05-27 13:36:21,23906.95,13.5,4430.3333,0.8814866668978432,23950.0,43.04999999999927,23850.0,23950.0,45045325.0,35071400.0,17369560.0,14310595.0,29991520.0,26437125.0,12.25
2026-05-27 13:36:21,23907.35,13.5,4430.3333,0.8814866668978432,23950.0,42.650000000001455,23850.0,23950.0,45045325.0,35071205.0,17369560.0,14310595.0,29991520.0,26437125.0,12.25
2026-05-27 13:37:22,23908.75,13.5,4388.5,0.8726252465355968,23900.0,8.75,23850.0,23950.0,45432595.0,35046635.0,17599335.0,14245335.0,30221295.0,26371865.0,12.239999999999998
2026-05-27 13:37:22,23908.95,13.5,4388.5,0.8726252465355968,23900.0,8.950000000000728,23850.0,23950.0,45432595.0,35046635.0,17599335.0,14245335.0,30221295.0,26371865.0,12.239999999999998
2026-05-27 13:38:23,23909.25,13.5,4345.0,0.8747010352660303,23900.0,9.25,23850.0,23950.0,45635395.0,35228245.0,17653350.0,14355315.0,30275310.0,26481845.0,12.25
2026-05-27 13:38:23,23909.25,13.5,4345.0,0.8747010352660303,23900.0,9.25,23850.0,23950.0,45635395.0,35228245.0,17653350.0,14355315.0,30275310.0,26481845.0,12.25
2026-05-27 13:39:24,23910.7,13.5,4345.1667,0.8715139847050645,23900.0,10.700000000000728,23850.0,23950.0,45965205.0,35161230.0,17763915.0,14355185.0,30385875.0,26481715.0,12.225000000000001
2026-05-27 13:39:24,23909.8,13.5,4345.1667,0.8715139847050645,23900.0,9.799999999999272,23850.0,23950.0,45965205.0,35161230.0,17763915.0,14355185.0,30385875.0,26481715.0,12.225000000000001
2026-05-27 13:40:24,23913.0,13.5,4353.6667,0.8644602232914467,23900.0,13.0,23850.0,23950.0,46398560.0,35206860.0,17990050.0,14336335.0,30612010.0,26462865.0,12.254999999999999
2026-05-27 13:40:25,23914.3,13.5,4353.6667,0.8644602232914467,23900.0,14.299999999999272,23850.0,23950.0,46398560.0,35206860.0,17990050.0,14336335.0,30612010.0,26462865.0,12.265
2026-05-27 13:41:26,23909.4,13.5,4353.6667,0.8632275451766067,23900.0,9.400000000001455,23850.0,23950.0,46575815.0,35310795.0,18056805.0,14356225.0,30678765.0,26482755.0,12.27
2026-05-27 13:41:27,23908.35,13.5,4353.6667,0.8632275451766067,23900.0,8.349999999998545,23850.0,23950.0,46575815.0,35310795.0,18056805.0,14356225.0,30678765.0,26482755.0,12.27
2026-05-27 13:42:27,23904.3,13.5,4347.8333,0.8727118384436672,23900.0,4.299999999999272,23850.0,23950.0,46410585.0,35545185.0,17929860.0,14536405.0,30551820.0,26662935.0,12.25
2026-05-27 13:42:27,23903.95,13.5,4347.8333,0.8727118384436672,23900.0,3.9500000000007276,23850.0,23950.0,46410585.0,35545185.0,17929860.0,14536405.0,30551820.0,26662935.0,12.25
2026-05-27 13:43:28,23892.65,13.5,4347.8333,0.8876466950918144,23950.0,57.349999999998545,23850.0,23950.0,45843265.0,35553960.0,17547335.0,14653145.0,30169295.0,26779675.0,12.355
2026-05-27 13:43:29,23893.75,13.5,4347.8333,0.8876466950918144,23950.0,56.25,23850.0,23950.0,45843590.0,35553960.0,17547335.0,14653145.0,30169295.0,26779675.0,12.370000000000001
2026-05-27 13:44:29,23890.3,13.5,4346.5,0.8832470005059904,23950.0,59.70000000000073,23850.0,23950.0,45953635.0,35736740.0,17694820.0,14650675.0,30316780.0,26777205.0,12.344999999999999
2026-05-27 13:44:29,23890.3,13.5,4346.5,0.8832470005059904,23950.0,59.70000000000073,23850.0,23950.0,45953635.0,35736740.0,17694820.0,14650675.0,30316780.0,26777205.0,12.344999999999999
2026-05-27 13:45:30,23886.85,13.5,4317.0,0.8831584969622447,23950.0,63.150000000001455,23850.0,23950.0,46206615.0,35774375.0,17826510.0,14764295.0,30448470.0,26890825.0,12.33
2026-05-27 13:45:30,23887.05,13.5,4317.0,0.8831584969622447,23950.0,62.95000000000073,23850.0,23950.0,46206615.0,35774375.0,17826510.0,14764295.0,30448470.0,26890825.0,12.33
2026-05-27 13:46:31,23890.35,13.5,4306.1667,0.8856319671310178,23900.0,9.650000000001455,23850.0,23950.0,46290335.0,35940645.0,17879745.0,14886755.0,30501705.0,27013285.0,12.29
2026-05-27 13:46:31,23890.3,13.5,4306.1667,0.8856319671310178,23900.0,9.700000000000728,23850.0,23950.0,46290335.0,35940645.0,17879745.0,14886755.0,30501705.0,27013285.0,12.29
2026-05-27 13:47:32,23891.25,13.5,4289.8333,0.8846601023823922,23900.0,8.75,23850.0,23950.0,46451860.0,36123165.0,17902820.0,14877525.0,30524780.0,27004055.0,12.35
2026-05-27 13:47:32,23891.35,13.5,4289.8333,0.8846601023823922,23900.0,8.650000000001455,23850.0,23950.0,46451860.0,36123165.0,17902820.0,14877525.0,30524780.0,27004055.0,12.35
2026-05-27 13:48:33,23895.45,13.5,4289.8333,0.8780692866994738,23900.0,4.549999999999272,23850.0,23950.0,46500740.0,35865700.0,17916080.0,14687985.0,30538040.0,26814515.0,12.315000000000001
2026-05-27 13:48:33,23895.3,13.5,4289.8333,0.8780692866994738,23900.0,4.700000000000728,23850.0,23950.0,46500740.0,35865700.0,17916080.0,14687985.0,30538040.0,26814515.0,12.315000000000001
2026-05-27 13:49:33,23891.5,13.5,4289.8333,0.8719379098018583,23900.0,8.5,23850.0,23950.0,46766850.0,35745580.0,18139095.0,14695200.0,30761055.0,26821730.0,12.31
2026-05-27 13:49:34,23891.45,13.5,4289.8333,0.8719379098018583,23900.0,8.549999999999272,23850.0,23950.0,46766850.0,35745580.0,18139095.0,14695200.0,30761055.0,26821730.0,12.31
2026-05-27 13:50:34,23894.35,13.5,4289.5,0.8696415696559052,23900.0,5.650000000001455,23850.0,23950.0,47027175.0,35796345.0,18210530.0,14686685.0,30832490.0,26813215.0,12.36
2026-05-27 13:50:35,23894.3,13.5,4289.5,0.8696415696559052,23900.0,5.700000000000728,23850.0,23950.0,47030750.0,35796345.0,18210530.0,14686685.0,30832490.0,26813215.0,12.36
2026-05-27 13:51:35,23897.45,13.5,4289.3333,0.8688472778530447,23900.0,2.5499999999992724,23850.0,23950.0,47149765.0,35834695.0,18227495.0,14676935.0,30849455.0,26803465.0,12.375
2026-05-27 13:51:36,23896.6,13.5,4289.3333,0.8688472778530447,23900.0,3.400000000001455,23850.0,23950.0,47149765.0,35835345.0,18227495.0,14676935.0,30849455.0,26803465.0,12.36
2026-05-27 13:52:36,23901.45,13.5,4293.8333,0.863608363380252,23900.0,1.4500000000007276,23850.0,23950.0,47406060.0,35704305.0,18294965.0,14573585.0,30916925.0,26700115.0,12.26
2026-05-27 13:52:37,23900.95,13.5,4293.8333,0.863608363380252,23900.0,0.9500000000007276,23850.0,23950.0,47406060.0,35704305.0,18294965.0,14573585.0,30916925.0,26700115.0,12.26
2026-05-27 13:53:37,23907.2,13.5,4316.3333,0.8606513513683667,23900.0,7.200000000000728,23850.0,23950.0,47505705.0,35679085.0,18351645.0,14530945.0,30973605.0,26657475.0,12.265
2026-05-27 13:53:38,23907.25,13.5,4316.3333,0.8606513513683667,23900.0,7.25,23850.0,23950.0,47505705.0,35679085.0,18351645.0,14530945.0,30973605.0,26657475.0,12.265
2026-05-27 13:54:38,23910.85,13.5,4316.3333,0.863606169254222,23900.0,10.849999999998545,23850.0,23950.0,46982000.0,35171370.0,17907500.0,14238900.0,30529460.0,26365430.0,12.3
2026-05-27 13:54:39,23910.8,13.5,4316.3333,0.863606169254222,23900.0,10.799999999999272,23850.0,23950.0,46982000.0,35171370.0,17907500.0,14238900.0,30529460.0,26365430.0,12.3
2026-05-27 13:55:39,23909.75,13.5,4327.5,0.8708120398256136,23900.0,9.75,23850.0,23950.0,46984015.0,35372220.0,17852900.0,14411345.0,30474860.0,26537875.0,12.29
2026-05-27 13:55:40,23909.3,13.5,4327.5,0.8708120398256136,23900.0,9.299999999999272,23850.0,23950.0,46984015.0,35372220.0,17852900.0,14411345.0,30474860.0,26537875.0,12.29
2026-05-27 13:56:39,23911.0,13.5,4327.5,0.878486942967017,23900.0,11.0,23850.0,23950.0,46888660.0,35579050.0,17734860.0,14541540.0,30356820.0,26668070.0,12.245000000000001
2026-05-27 13:56:41,23910.6,13.5,4327.5,0.878486942967017,23900.0,10.599999999998545,23850.0,23950.0,46888595.0,35579050.0,17734860.0,14541540.0,30356820.0,26668070.0,12.27
2026-05-27 13:57:40,23912.0,13.5,4327.5,0.8814162471503544,23900.0,12.0,23850.0,23950.0,46931690.0,35702160.0,17772170.0,14663350.0,30394130.0,26789880.0,12.245000000000001
2026-05-27 13:57:42,23910.25,13.5,4327.5,0.8814162471503544,23900.0,10.25,23850.0,23950.0,46931690.0,35702160.0,17772170.0,14663350.0,30394130.0,26789880.0,12.245000000000001
2026-05-27 13:58:41,23910.25,13.5,4327.5,0.8819169031419878,23900.0,10.25,23850.0,23950.0,46880535.0,35735895.0,17797000.0,14700465.0,30418960.0,26826995.0,12.245000000000001
2026-05-27 13:58:43,23909.7,13.5,4327.5,0.8819169031419878,23900.0,9.700000000000728,23850.0,23950.0,46879560.0,35735765.0,17797000.0,14700465.0,30418960.0,26826995.0,12.245000000000001
2026-05-27 13:59:41,23915.85,13.5,4327.0,0.8839625583690419,23900.0,15.849999999998545,23850.0,23950.0,46861035.0,35897875.0,17807270.0,14771770.0,30429230.0,26898300.0,12.239999999999998
2026-05-27 13:59:43,23915.05,13.5,4327.0,0.8839625583690419,23900.0,15.049999999999272,23850.0,23950.0,46861035.0,35897875.0,17807270.0,14771770.0,30429230.0,26898300.0,12.239999999999998
2026-05-27 14:00:42,23918.8,13.5,4327.0,0.8759819624095933,23900.0,18.799999999999272,23850.0,23950.0,46916545.0,35598095.0,17835545.0,14553695.0,30457505.0,26680225.0,12.205
2026-05-27 14:00:44,23918.85,13.5,4327.0,0.8759819624095933,23900.0,18.849999999998545,23850.0,23950.0,46916545.0,35598095.0,17835545.0,14553695.0,30457505.0,26680225.0,12.205
2026-05-27 14:01:44,23921.1,13.5,4327.0,0.8634749371417929,23900.0,21.099999999998545,23850.0,23950.0,47374210.0,35300005.0,18090020.0,14392495.0,30711980.0,26519025.0,12.175
2026-05-27 14:01:45,23921.0,13.5,4327.0,0.8634749371417929,23900.0,21.0,23850.0,23950.0,47374210.0,35300005.0,18090020.0,14392495.0,30711980.0,26519025.0,12.175
2026-05-27 14:02:44,23917.75,13.5,4327.0,0.8630457220730392,23900.0,17.75,23850.0,23950.0,47389420.0,35365200.0,18046925.0,14342120.0,30668885.0,26468650.0,12.205
2026-05-27 14:02:45,23918.05,13.5,4327.0,0.8630457220730392,23900.0,18.049999999999272,23850.0,23950.0,47389420.0,35365200.0,18046925.0,14342120.0,30668885.0,26468650.0,12.205
2026-05-27 14:03:45,23921.75,13.5,4327.0,0.8653371810642518,23900.0,21.75,23850.0,23950.0,47566415.0,35564945.0,18078385.0,14439620.0,30700345.0,26566150.0,12.17
2026-05-27 14:03:46,23921.25,13.5,4327.0,0.8653371810642518,23900.0,21.25,23850.0,23950.0,47566415.0,35564945.0,18078385.0,14439620.0,30700345.0,26566150.0,12.17
2026-05-27 14:04:46,23919.7,13.5,4327.0,0.8691579670446161,23900.0,19.700000000000728,23850.0,23950.0,47314605.0,35848345.0,18036460.0,14520480.0,30658420.0,26647010.0,12.2
2026-05-27 14:04:47,23919.1,13.5,4327.0,0.8691579670446161,23900.0,19.099999999998545,23850.0,23950.0,47314605.0,35848345.0,18036460.0,14520480.0,30658420.0,26647010.0,12.2
2026-05-27 14:05:47,23916.2,13.5,4327.5,0.8716674303363541,23900.0,16.200000000000728,23850.0,23950.0,47206965.0,35987185.0,18019560.0,14582685.0,30641520.0,26709215.0,12.145
2026-05-27 14:05:48,23916.45,13.5,4327.5,0.8716674303363541,23900.0,16.450000000000728,23850.0,23950.0,47206965.0,35997780.0,18019560.0,14582685.0,30641520.0,26709215.0,12.149999999999999
2026-05-27 14:06:48,23918.0,13.5,4329.1667,0.8738473044985934,23900.0,18.0,23850.0,23950.0,47107060.0,36148645.0,17969380.0,14605630.0,30591340.0,26732160.0,12.129999999999999
2026-05-27 14:06:48,23918.1,13.5,4329.1667,0.8738473044985934,23900.0,18.099999999998545,23850.0,23950.0,47107060.0,36148645.0,17969380.0,14605630.0,30591340.0,26732160.0,12.129999999999999
2026-05-27 14:07:49,23916.95,13.5,4325.8333,0.8750138031207795,23900.0,16.950000000000728,23850.0,23950.0,47174400.0,36293920.0,17987060.0,14656785.0,30609020.0,26783315.0,12.11
2026-05-27 14:07:49,23916.4,13.5,4325.8333,0.8750138031207795,23900.0,16.400000000001455,23850.0,23950.0,47174335.0,36293855.0,17987060.0,14656785.0,30609020.0,26783315.0,12.115
2026-05-27 14:08:50,23917.5,13.5,4325.8333,0.8734936306340921,23900.0,17.5,23850.0,23950.0,47151975.0,36240815.0,17998435.0,14620190.0,30620395.0,26746720.0,12.149999999999999
2026-05-27 14:08:51,23917.05,13.5,4325.8333,0.8734936306340921,23900.0,17.049999999999272,23850.0,23950.0,47151975.0,36240815.0,17998435.0,14620190.0,30620395.0,26746720.0,12.149999999999999
2026-05-27 14:09:51,23916.4,13.5,4325.8333,0.8781243390256357,23900.0,16.400000000001455,23850.0,23950.0,46783230.0,36182315.0,17801875.0,14589380.0,30423835.0,26715910.0,12.14
2026-05-27 14:09:52,23915.3,13.5,4325.8333,0.8781243390256357,23900.0,15.299999999999272,23850.0,23950.0,46783230.0,36182315.0,17801875.0,14589380.0,30423835.0,26715910.0,12.14
2026-05-27 14:10:53,23910.4,13.5,4325.6667,0.8781865086743995,23900.0,10.400000000001455,23850.0,23950.0,46850375.0,35921015.0,17789655.0,14580540.0,30411615.0,26707070.0,12.16
2026-05-27 14:10:53,23909.15,13.5,4325.6667,0.8781865086743995,23900.0,9.150000000001455,23850.0,23950.0,46850375.0,35921015.0,17789655.0,14580540.0,30411615.0,26707070.0,12.16
2026-05-27 14:11:53,23906.15,13.5,4325.3333,0.8944165311840603,23950.0,43.849999999998545,23850.0,23950.0,46461220.0,36134150.0,17443400.0,14764425.0,30065360.0,26890955.0,12.16
2026-05-27 14:11:54,23906.05,13.5,4325.3333,0.8944165311840603,23950.0,43.95000000000073,23850.0,23950.0,46461220.0,36134150.0,17443400.0,14764425.0,30065360.0,26890955.0,12.16
2026-05-27 14:12:55,23904.75,13.5,4311.8333,0.9022905352944866,23950.0,45.25,23850.0,23950.0,46418580.0,36444980.0,17432805.0,14991600.0,30054765.0,27118130.0,12.16
2026-05-27 14:12:55,23905.05,13.5,4311.8333,0.9022905352944866,23950.0,44.95000000000073,23850.0,23950.0,46418970.0,36444980.0,17432805.0,14991600.0,30054765.0,27118130.0,12.16
2026-05-27 14:13:56,23894.75,13.5,4311.8333,0.9010879825127925,23950.0,55.25,23850.0,23950.0,46527130.0,36405655.0,17470895.0,14989780.0,30092855.0,27116310.0,12.145
2026-05-27 14:13:56,23895.85,13.5,4311.8333,0.9010879825127925,23950.0,54.150000000001455,23850.0,23950.0,46527130.0,36405655.0,17470895.0,14989780.0,30092855.0,27116310.0,12.145
2026-05-27 14:14:57,23898.65,13.5,4308.1667,0.9014104078371431,23950.0,51.349999999998545,23850.0,23950.0,46182500.0,36228075.0,17315480.0,14859390.0,29937440.0,26985920.0,12.19
2026-05-27 14:14:57,23898.3,13.5,4308.1667,0.9014104078371431,23950.0,51.70000000000073,23850.0,23950.0,46182500.0,36228075.0,17315480.0,14859390.0,29937440.0,26985920.0,12.19
2026-05-27 14:15:57,23898.2,13.5,4239.8333,0.8975586311708049,23950.0,51.79999999999927,23850.0,23950.0,46276165.0,36186865.0,17402385.0,14822080.0,30024345.0,26948610.0,12.24
2026-05-27 14:15:58,23897.5,13.5,4239.8333,0.8975586311708049,23950.0,52.5,23850.0,23950.0,46276165.0,36186865.0,17402385.0,14822080.0,30024345.0,26948610.0,12.24
2026-05-27 14:16:58,23901.25,13.5,4239.8333,0.8909556590621724,23950.0,48.75,23850.0,23950.0,46359755.0,36070580.0,17451265.0,14667380.0,30073225.0,26793910.0,12.25
2026-05-27 14:16:59,23899.9,13.5,4239.8333,0.8909556590621724,23950.0,50.099999999998545,23850.0,23950.0,46359755.0,36070580.0,17451265.0,14667380.0,30073225.0,26793910.0,12.25
2026-05-27 14:18:00,23901.0,13.5,4239.6667,0.8846373341571838,23950.0,49.0,23850.0,23950.0,46685080.0,35967035.0,17674800.0,14675115.0,30296760.0,26801645.0,12.2
2026-05-27 14:18:00,23901.9,13.5,4239.6667,0.8846373341571838,23950.0,48.099999999998545,23850.0,23950.0,46685080.0,35967035.0,17674800.0,14675115.0,30296760.0,26801645.0,12.2
2026-05-27 14:19:01,23903.15,13.5,4234.5,0.8782405748126909,23950.0,46.849999999998545,23850.0,23950.0,46880795.0,35934665.0,17846400.0,14632020.0,30468360.0,26758550.0,12.21
2026-05-27 14:19:01,23903.15,13.5,4234.5,0.8782405748126909,23950.0,46.849999999998545,23850.0,23950.0,46880795.0,35934665.0,17846400.0,14632020.0,30468360.0,26758550.0,12.21
2026-05-27 14:20:04,23902.05,13.5,4233.6667,0.8748174678243865,23900.0,2.0499999999992724,23850.0,23950.0,47093735.0,36025405.0,17958265.0,14625585.0,30580225.0,26752115.0,12.215
2026-05-27 14:20:04,23901.15,13.5,4233.6667,0.8748174678243865,23900.0,1.1500000000014552,23850.0,23950.0,47093735.0,36025405.0,17958265.0,14625585.0,30580225.0,26752115.0,12.215
2026-05-27 14:21:05,23900.4,13.5,4233.6667,0.869717579201904,23900.0,0.4000000000014552,23850.0,23950.0,47326240.0,35975290.0,18075850.0,14571895.0,30697810.0,26698425.0,12.24
2026-05-27 14:21:05,23901.75,13.5,4233.6667,0.869717579201904,23900.0,1.75,23850.0,23950.0,47326240.0,35975290.0,18075850.0,14571895.0,30697810.0,26698425.0,12.24
2026-05-27 14:22:06,23908.4,13.5,4233.6667,0.8673640759573358,23900.0,8.400000000001455,23850.0,23950.0,47437520.0,36000575.0,18147155.0,14561495.0,30769115.0,26688025.0,12.215
2026-05-27 14:23:06,23917.8,13.5,4233.6667,0.8635837881386217,23900.0,17.799999999999272,23850.0,23950.0,47355360.0,35839245.0,18117385.0,14419470.0,30739345.0,26546000.0,12.19
2026-05-27 14:23:07,23917.45,13.5,4233.6667,0.8635837881386217,23900.0,17.450000000000728,23850.0,23950.0,47355360.0,35839245.0,18117385.0,14419470.0,30739345.0,26546000.0,12.19
2026-05-27 14:24:08,23917.35,13.5,4233.5,0.8568688113588209,23900.0,17.349999999998545,23850.0,23950.0,47461830.0,35717890.0,18178420.0,14265355.0,30800380.0,26391885.0,12.195
2026-05-27 14:24:08,23917.35,13.5,4233.5,0.8568688113588209,23900.0,17.349999999998545,23850.0,23950.0,47461830.0,35717890.0,18178420.0,14265355.0,30800380.0,26391885.0,12.195
2026-05-27 14:25:10,23917.65,13.5,4233.5,0.8602075978713315,23900.0,17.650000000001455,23850.0,23950.0,47494005.0,35927645.0,18218915.0,14403025.0,30840875.0,26529555.0,12.19
2026-05-27 14:25:10,23917.85,13.5,4233.5,0.8602075978713315,23900.0,17.849999999998545,23850.0,23950.0,47494005.0,35927645.0,18218915.0,14403025.0,30840875.0,26529555.0,12.19
2026-05-27 14:26:11,23901.1,13.5,4233.5,0.8577952180595098,23900.0,1.0999999999985448,23850.0,23950.0,47753810.0,36020400.0,18337020.0,14429935.0,30958980.0,26556465.0,12.21
2026-05-27 14:26:11,23900.95,13.5,4233.5,0.8577952180595098,23900.0,0.9500000000007276,23850.0,23950.0,47753810.0,36020400.0,18337020.0,14429935.0,30958980.0,26556465.0,12.21
2026-05-27 14:27:11,23896.6,13.5,4220.5,0.8673067250698737,23900.0,3.400000000001455,23850.0,23950.0,47332090.0,36063105.0,18006495.0,14437735.0,30628455.0,26564265.0,12.27
2026-05-27 14:27:11,23897.7,13.5,4220.5,0.8673067250698737,23900.0,2.2999999999992724,23850.0,23950.0,47332090.0,36063105.0,18006495.0,14437735.0,30628455.0,26564265.0,12.27
2026-05-27 14:28:12,23894.4,13.5,4220.5,0.8748842818681365,23900.0,5.599999999998545,23850.0,23950.0,47352045.0,36286835.0,17991220.0,14656460.0,30613180.0,26782990.0,12.280000000000001
2026-05-27 14:28:12,23895.4,13.5,4220.5,0.8748842818681365,23900.0,4.599999999998545,23850.0,23950.0,47352045.0,36286835.0,17991220.0,14656460.0,30613180.0,26782990.0,12.280000000000001
2026-05-27 14:29:12,23887.5,13.5,4218.8333,0.8723371803345366,23900.0,12.5,23850.0,23950.0,47648120.0,36247380.0,18061680.0,14639950.0,30683640.0,26766480.0,12.34
2026-05-27 14:29:13,23888.05,13.5,4218.8333,0.8723371803345366,23900.0,11.950000000000728,23850.0,23950.0,47648120.0,36247380.0,18061680.0,14639950.0,30683640.0,26766480.0,12.34
2026-05-27 14:30:13,23887.45,13.5,4227.3333,0.87503999966093,23900.0,12.549999999999272,23850.0,23950.0,47567975.0,36358855.0,18050175.0,14712815.0,30672135.0,26839345.0,12.365
2026-05-27 14:30:14,23888.15,13.5,4227.3333,0.87503999966093,23900.0,11.849999999998545,23850.0,23950.0,47567975.0,36358855.0,18050175.0,14712815.0,30672135.0,26839345.0,12.365
2026-05-27 14:31:14,23883.85,13.5,4263.3333,0.8632710487211104,23900.0,16.150000000001455,23850.0,23950.0,47857745.0,36017475.0,18216315.0,14495260.0,30838275.0,26621790.0,12.344999999999999
2026-05-27 14:31:15,23885.0,13.5,4263.3333,0.8632710487211104,23900.0,15.0,23850.0,23950.0,47857745.0,36017475.0,18216315.0,14495260.0,30838275.0,26621790.0,12.344999999999999
2026-05-27 14:32:15,23883.55,13.5,4293.3333,0.8544912471037438,23900.0,16.450000000000728,23850.0,23950.0,47731385.0,35725885.0,18292950.0,14289990.0,30914910.0,26416520.0,12.34
2026-05-27 14:32:16,23882.75,13.5,4293.3333,0.8544912471037438,23900.0,17.25,23850.0,23950.0,47731385.0,35725885.0,18292950.0,14289990.0,30914910.0,26416520.0,12.34
2026-05-27 14:33:17,23875.9,13.5,4267.3333,0.8442102627240667,23900.0,24.099999999998545,23850.0,23950.0,47939840.0,35548435.0,18526690.0,14169480.0,31148650.0,26296010.0,12.350000000000001
2026-05-27 14:33:18,23875.15,13.5,4267.3333,0.8442102627240667,23900.0,24.849999999998545,23850.0,23950.0,47939970.0,35548435.0,18526690.0,14169480.0,31148650.0,26296010.0,12.335
2026-05-27 14:34:18,23873.45,13.5,4269.5,1.0066705861576395,23900.0,26.549999999999272,23850.0,23950.0,47950890.0,35416550.0,16915210.0,15095080.0,29076905.0,29270865.0,12.415
2026-05-27 14:34:19,23873.1,13.5,4269.5,1.0066705861576395,23900.0,26.900000000001455,23850.0,23950.0,47950890.0,35416550.0,16915210.0,15095080.0,29076905.0,29270865.0,12.415
2026-05-27 14:35:19,23873.35,13.5,4269.5,0.9835282698589277,23900.0,26.650000000001455,23850.0,23950.0,48220055.0,34980530.0,17170075.0,14672840.0,29331770.0,28848625.0,12.44
2026-05-27 14:35:20,23872.7,13.5,4269.5,0.9835282698589277,23900.0,27.299999999999272,23850.0,23950.0,48220055.0,34980530.0,17170075.0,14672840.0,29331770.0,28848625.0,12.44
2026-05-27 14:36:20,23864.8,13.5,4266.1667,0.9600707573535697,23900.0,35.20000000000073,23850.0,23950.0,48588800.0,34710325.0,17491760.0,14293630.0,29653455.0,28469415.0,12.504999999999999
2026-05-27 14:36:21,23866.45,13.5,4266.1667,0.9600707573535697,23900.0,33.54999999999927,23850.0,23950.0,48588800.0,34710325.0,17491760.0,14293630.0,29653455.0,28469415.0,12.5
2026-05-27 14:37:21,23861.2,13.5,4265.6667,0.9508937065475787,23900.0,38.79999999999927,23850.0,23950.0,48763065.0,34380840.0,17559750.0,14086150.0,29721445.0,28261935.0,12.565000000000001
2026-05-27 14:37:22,23861.9,13.5,4265.6667,0.9508937065475787,23900.0,38.099999999998545,23850.0,23950.0,48763065.0,34380840.0,17559750.0,14086150.0,29721445.0,28261935.0,12.52
2026-05-27 14:38:22,23871.5,13.5,4264.6667,0.9423911214269011,23900.0,28.5,23850.0,23950.0,48588020.0,34061625.0,17579120.0,13851695.0,29740815.0,28027480.0,12.46
2026-05-27 14:38:23,23871.25,13.5,4264.6667,0.9423911214269011,23900.0,28.75,23850.0,23950.0,48588020.0,34061625.0,17579120.0,13851695.0,29740815.0,28027480.0,12.46
2026-05-27 14:39:23,23884.15,13.5,4290.3333,0.7656049793204119,23900.0,15.849999999998545,23850.0,23950.0,48952735.0,33975175.0,19438640.0,12419225.0,32060600.0,24545755.0,12.46
2026-05-27 14:39:24,23884.05,13.5,4290.3333,0.7656049793204119,23900.0,15.950000000000728,23850.0,23950.0,48952735.0,33975175.0,19438640.0,12419225.0,32060600.0,24545755.0,12.46
2026-05-27 14:40:23,23879.75,13.5,4290.3333,0.7525672775967216,23900.0,20.25,23850.0,23950.0,49120630.0,33778030.0,19608680.0,12129195.0,32230640.0,24255725.0,12.435
2026-05-27 14:40:25,23879.9,13.5,4290.3333,0.7525672775967216,23900.0,20.099999999998545,23850.0,23950.0,49120630.0,33778030.0,19608680.0,12129195.0,32230640.0,24255725.0,12.435
2026-05-27 14:41:24,23884.6,13.5,4290.3333,0.7588856751900428,23900.0,15.400000000001455,23850.0,23950.0,49155665.0,34122660.0,19537245.0,12278630.0,32159205.0,24405160.0,12.455
2026-05-27 14:41:26,23883.5,13.5,4290.3333,0.7588856751900428,23900.0,16.5,23850.0,23950.0,49155665.0,34122660.0,19537245.0,12278630.0,32159205.0,24405160.0,12.455
2026-05-27 14:42:26,23877.0,13.5,4290.3333,0.7586303494362818,23900.0,23.0,23850.0,23950.0,49055955.0,34143265.0,19398470.0,12165140.0,32020430.0,24291670.0,12.48
2026-05-27 14:42:27,23877.1,13.5,4290.3333,0.7586303494362818,23900.0,22.900000000001455,23850.0,23950.0,49055955.0,34143265.0,19398470.0,12165140.0,32020430.0,24291670.0,12.48
2026-05-27 14:43:26,23875.0,13.5,4290.3333,0.9198849576446867,23900.0,25.0,23850.0,23950.0,48872590.0,34046740.0,17625595.0,13225095.0,29787290.0,27400880.0,12.58
2026-05-27 14:43:28,23875.15,13.5,4290.3333,0.7689504911494621,23900.0,24.849999999998545,23850.0,23950.0,48540895.0,34216585.0,19060860.0,12235990.0,31682820.0,24362520.0,12.510000000000002
2026-05-27 14:44:27,23876.7,13.5,4290.3333,0.771588132922121,23900.0,23.299999999999272,23850.0,23950.0,48480575.0,34422180.0,19012955.0,12282595.0,31634915.0,24409125.0,12.504999999999999
2026-05-27 14:44:29,23875.75,13.5,4290.3333,0.771588132922121,23900.0,24.25,23850.0,23950.0,48480575.0,34422180.0,19012955.0,12282595.0,31634915.0,24409125.0,12.504999999999999
2026-05-27 14:45:28,23877.5,13.5,4290.3333,0.7762663366459989,23900.0,22.5,23850.0,23950.0,48113910.0,34314475.0,18681130.0,12173005.0,31303090.0,24299535.0,12.52
2026-05-27 14:45:30,23877.25,13.5,4290.3333,0.7762663366459989,23900.0,22.75,23850.0,23950.0,48113910.0,34314475.0,18681130.0,12173005.0,31303090.0,24299535.0,12.52
2026-05-27 14:46:29,23870.05,13.5,4290.3333,0.9401119477755167,23900.0,29.950000000000728,23850.0,23950.0,48099805.0,34305310.0,17032275.0,13269815.0,29193970.0,27445600.0,12.645
2026-05-27 14:46:30,23869.6,13.5,4290.3333,0.9418341428635087,23900.0,30.400000000001455,23850.0,23950.0,48136400.0,34264490.0,17011605.0,13300625.0,29173300.0,27476410.0,12.649999999999999
2026-05-27 14:47:29,23868.85,13.5,4290.3333,0.9423869230220446,23900.0,31.150000000001455,23850.0,23950.0,48170915.0,34296730.0,16993665.0,13299845.0,29155360.0,27475630.0,12.705
2026-05-27 14:47:31,23868.95,13.5,4290.3333,0.9423869230220446,23900.0,31.049999999999272,23850.0,23950.0,48170915.0,34296730.0,16993665.0,13299845.0,29155360.0,27475630.0,12.705
2026-05-27 14:48:30,23868.85,13.5,4290.3333,0.9445970634612206,23900.0,31.150000000001455,23850.0,23950.0,48101105.0,34347040.0,16941275.0,13314795.0,29102970.0,27490580.0,12.7
2026-05-27 14:48:32,23868.55,13.5,4290.3333,0.9440574628486473,23900.0,31.450000000000728,23850.0,23950.0,48127495.0,34180120.0,16868540.0,13230425.0,29030235.0,27406210.0,12.719999999999999
2026-05-27 14:49:31,23876.65,13.5,4290.3333,0.7817925679330167,23900.0,23.349999999998545,23850.0,23950.0,48113260.0,34209175.0,18383950.0,12113660.0,31005910.0,24240190.0,12.575
2026-05-27 14:49:33,23876.3,13.5,4290.3333,0.7813744215935609,23900.0,23.700000000000728,23850.0,23950.0,48118590.0,34224060.0,18380245.0,12097800.0,31002205.0,24224330.0,12.57
2026-05-27 14:50:32,23878.65,13.5,4290.3333,0.7725197316744306,23900.0,21.349999999998545,23850.0,23950.0,48231365.0,33852065.0,18327010.0,11782160.0,30948970.0,23908690.0,12.55
2026-05-27 14:50:34,23878.7,13.5,4290.3333,0.7725197316744306,23900.0,21.299999999999272,23850.0,23950.0,48231365.0,33852065.0,18327010.0,11782160.0,30948970.0,23908690.0,12.55
2026-05-27 14:51:33,23883.5,13.5,4290.3333,0.7689054440061523,23900.0,16.5,23850.0,23950.0,48410310.0,33873255.0,18439265.0,11756615.0,31061225.0,23883145.0,12.545
2026-05-27 14:51:36,23882.75,13.5,4290.3333,0.7687847847010085,23900.0,17.25,23850.0,23950.0,48517820.0,33873255.0,18444140.0,11756615.0,31066100.0,23883145.0,12.559999999999999
2026-05-27 14:52:34,23876.05,13.5,4290.3333,0.7678821732672232,23900.0,23.950000000000728,23850.0,23950.0,48918935.0,34034325.0,18447390.0,11731070.0,31069350.0,23857600.0,12.555
2026-05-27 14:52:36,23877.1,13.5,4290.3333,0.7678821732672232,23900.0,22.900000000001455,23850.0,23950.0,48919910.0,33989735.0,18447390.0,11731070.0,31069350.0,23857600.0,12.555
2026-05-27 14:53:35,23880.1,13.5,4290.3333,0.7671646999711986,23900.0,19.900000000001455,23850.0,23950.0,49166325.0,34255325.0,18296655.0,11593140.0,30918615.0,23719670.0,12.535
2026-05-27 14:53:37,23880.35,13.5,4290.3333,0.7671646999711986,23900.0,19.650000000001455,23850.0,23950.0,49166325.0,34255325.0,18296655.0,11593140.0,30918615.0,23719670.0,12.535
2026-05-27 14:54:35,23883.4,13.5,4366.3333,0.7675593595861994,23900.0,16.599999999998545,23850.0,23950.0,49486320.0,34392735.0,18241210.0,11562785.0,30863170.0,23689315.0,12.54
2026-05-27 14:54:37,23884.75,13.5,4366.3333,0.7675593595861994,23900.0,15.25,23850.0,23950.0,49486320.0,34392735.0,18241210.0,11562785.0,30863170.0,23689315.0,12.54
2026-05-27 14:55:36,23886.35,13.5,4369.1667,0.7631825497365922,23900.0,13.650000000001455,23850.0,23950.0,49701860.0,34147360.0,18112705.0,11329630.0,30734665.0,23456160.0,12.47
2026-05-27 14:55:38,23885.95,13.5,4369.1667,0.7631825497365922,23900.0,14.049999999999272,23850.0,23950.0,49700300.0,34155355.0,18112705.0,11329630.0,30734665.0,23456160.0,12.495000000000001
2026-05-27 14:56:37,23885.1,13.5,4366.1667,0.7604487865414691,23900.0,14.900000000001455,23850.0,23950.0,49996050.0,34176025.0,18175755.0,11293555.0,30797715.0,23420085.0,12.559999999999999
2026-05-27 14:56:39,23884.35,13.5,4366.1667,0.7604487865414691,23900.0,15.650000000001455,23850.0,23950.0,49996050.0,34176025.0,18175755.0,11293555.0,30797715.0,23420085.0,12.559999999999999
2026-05-27 14:57:39,23891.2,13.5,4402.1667,0.756401336967229,23900.0,8.799999999999272,23850.0,23950.0,49874175.0,33694960.0,17929275.0,10982465.0,30551235.0,23108995.0,12.455
2026-05-27 14:57:40,23890.35,13.5,4402.1667,0.756401336967229,23900.0,9.650000000001455,23850.0,23950.0,49874175.0,33694960.0,17929275.0,10982465.0,30551235.0,23108995.0,12.455
2026-05-27 14:58:39,23900.1,13.5,4406.5,0.7547692347051901,23900.0,0.09999999999854481,23850.0,23950.0,49914865.0,33654595.0,17866160.0,10884965.0,30488120.0,23011495.0,12.434999999999999
2026-05-27 14:58:41,23900.5,13.5,4406.5,0.7547692347051901,23900.0,0.5,23850.0,23950.0,49913240.0,33643935.0,17866160.0,10884965.0,30488120.0,23011495.0,12.45
2026-05-27 14:59:40,23896.45,13.5,4406.5,0.76104010957604,23900.0,3.5499999999992724,23850.0,23950.0,49660715.0,33511140.0,17512365.0,10806900.0,30134325.0,22933430.0,12.485
2026-05-27 14:59:42,23896.9,13.5,4406.5,0.76104010957604,23900.0,3.099999999998545,23850.0,23950.0,49660715.0,33511140.0,17512365.0,10806900.0,30134325.0,22933430.0,12.485
2026-05-27 15:00:42,23890.0,13.5,4406.0,0.775095126423618,23900.0,10.0,23850.0,23950.0,49121345.0,33651020.0,17118725.0,10925330.0,29740685.0,23051860.0,12.4
2026-05-27 15:00:42,23890.0,13.5,4406.0,0.775095126423618,23900.0,10.0,23850.0,23950.0,49122515.0,33650955.0,17118725.0,10925330.0,29740685.0,23051860.0,12.36
2026-05-27 15:01:43,23888.85,13.5,4418.5,0.7910718799473173,23900.0,11.150000000001455,23850.0,23950.0,48634235.0,33723755.0,16693170.0,11063845.0,29315130.0,23190375.0,12.274999999999999
2026-05-27 15:01:44,23889.35,13.5,4418.5,0.7910718799473173,23900.0,10.650000000001455,23850.0,23950.0,48634235.0,33723755.0,16693170.0,11063845.0,29315130.0,23190375.0,12.274999999999999
2026-05-27 15:02:44,23880.25,13.5,4422.0,0.7857384199193949,23900.0,19.75,23850.0,23950.0,48825855.0,33599475.0,16811665.0,11000600.0,29433625.0,23127130.0,12.355
2026-05-27 15:02:45,23879.95,13.5,4422.0,0.7857384199193949,23900.0,20.049999999999272,23850.0,23950.0,48825855.0,33599475.0,16811665.0,11000600.0,29433625.0,23127130.0,12.355
2026-05-27 15:03:45,23892.05,13.5,4422.0,0.7892859274190874,23900.0,7.950000000000728,23850.0,23950.0,49111595.0,33468500.0,16786185.0,11084905.0,29408145.0,23211435.0,12.395
2026-05-27 15:03:45,23893.05,13.5,4422.0,0.7892859274190874,23900.0,6.950000000000728,23850.0,23950.0,49111595.0,33468500.0,16786185.0,11084905.0,29408145.0,23211435.0,12.395
2026-05-27 15:04:46,23888.35,13.5,4448.1667,0.7839575237174692,23900.0,11.650000000001455,23850.0,23950.0,49470395.0,33308405.0,16832595.0,10964590.0,29454555.0,23091120.0,12.355
2026-05-27 15:04:47,23888.0,13.5,4448.1667,0.7839575237174692,23900.0,12.0,23850.0,23950.0,49470395.0,33308405.0,16832595.0,10964590.0,29454555.0,23091120.0,12.355
2026-05-27 15:05:48,23889.05,13.5,4381.6667,0.7825646570747639,23900.0,10.950000000000728,23850.0,23950.0,49599420.0,33186465.0,16833440.0,10924225.0,29455400.0,23050755.0,12.370000000000001
2026-05-27 15:05:48,23889.05,13.5,4381.6667,0.7825646570747639,23900.0,10.950000000000728,23850.0,23950.0,49599420.0,33186465.0,16833440.0,10924225.0,29455400.0,23050755.0,12.370000000000001
2026-05-27 15:06:49,23884.3,13.5,4390.6667,0.7831694355678749,23900.0,15.700000000000728,23850.0,23950.0,49898680.0,33136870.0,16831360.0,10940410.0,29453320.0,23066940.0,12.405000000000001
2026-05-27 15:06:49,23884.3,13.5,4390.6667,0.7831694355678749,23900.0,15.700000000000728,23850.0,23950.0,49898680.0,33136870.0,16831360.0,10940410.0,29453320.0,23066940.0,12.405000000000001
2026-05-27 15:07:51,23893.3,13.5,4390.6667,0.7833334068464208,23900.0,6.700000000000728,23850.0,23950.0,50280165.0,33152405.0,16851250.0,10960820.0,29473210.0,23087350.0,12.39
2026-05-27 15:07:51,23893.95,13.5,4390.6667,0.7833334068464208,23900.0,6.049999999999272,23850.0,23950.0,50280165.0,33152405.0,16851250.0,10960820.0,29473210.0,23087350.0,12.39
2026-05-27 15:08:52,23891.8,13.5,4240.0,0.7794801406122769,23900.0,8.200000000000728,23850.0,23950.0,50821550.0,33212790.0,16833505.0,10833420.0,29455465.0,22959950.0,12.379999999999999
2026-05-27 15:08:53,23891.3,13.5,4240.0,0.7794801406122769,23900.0,8.700000000000728,23850.0,23950.0,50821550.0,33212790.0,16833505.0,10833420.0,29455465.0,22959950.0,12.379999999999999
2026-05-27 15:09:53,23899.4,13.5,4240.0,0.7850197097314423,23900.0,0.5999999999985448,23850.0,23950.0,50622260.0,33055100.0,16448705.0,10694515.0,29070665.0,22821045.0,12.52
2026-05-27 15:09:53,23899.55,13.5,4240.0,0.7850197097314423,23900.0,0.4500000000007276,23850.0,23950.0,50622260.0,33055100.0,16448705.0,10694515.0,29070665.0,22821045.0,12.52
2026-05-27 15:10:55,23899.05,13.5,4241.6667,0.7894444695157724,23900.0,0.9500000000007276,23850.0,23950.0,50514295.0,32952010.0,16184740.0,10614760.0,28806700.0,22741290.0,12.629999999999999
2026-05-27 15:10:55,23898.75,13.5,4241.6667,0.7894444695157724,23900.0,1.25,23850.0,23950.0,50514295.0,32952010.0,16184740.0,10614760.0,28806700.0,22741290.0,12.629999999999999
2026-05-27 15:11:55,23893.25,13.5,4233.6667,0.7908366263051044,23900.0,6.75,23850.0,23950.0,50444810.0,33105150.0,16065400.0,10560485.0,28687360.0,22687015.0,12.594999999999999
2026-05-27 15:11:56,23895.25,13.5,4233.6667,0.7908366263051044,23900.0,4.75,23850.0,23950.0,50444810.0,33105150.0,16065400.0,10560485.0,28687360.0,22687015.0,12.594999999999999
2026-05-27 15:12:56,23900.2,13.5,4221.6667,0.8027239283613761,23900.0,0.2000000000007276,23850.0,23950.0,50112010.0,33233785.0,15559765.0,10495615.0,28181725.0,22622145.0,12.469999999999999
2026-05-27 15:12:57,23902.65,13.5,4221.6667,0.8027239283613761,23900.0,2.650000000001455,23850.0,23950.0,50112010.0,33233785.0,15559765.0,10495615.0,28181725.0,22622145.0,12.469999999999999
2026-05-27 15:13:57,23901.15,13.5,4246.0,0.8034724993272149,23900.0,1.1500000000014552,23850.0,23950.0,50356280.0,33131670.0,15395900.0,10385050.0,28017860.0,22511580.0,12.44
2026-05-27 15:13:58,23900.45,13.5,4246.0,0.8034724993272149,23900.0,0.4500000000007276,23850.0,23950.0,50356280.0,33131670.0,15395900.0,10385050.0,28017860.0,22511580.0,12.44
2026-05-27 15:14:59,23900.1,13.5,4236.1667,0.8135017067094501,23900.0,0.09999999999854481,23850.0,23950.0,50510200.0,33071610.0,15008695.0,10351055.0,27630655.0,22477585.0,12.440000000000001
2026-05-27 15:14:59,23900.85,13.5,4236.1667,0.8135017067094501,23900.0,0.8499999999985448,23850.0,23950.0,50516635.0,33071285.0,15008695.0,10351055.0,27630655.0,22477585.0,12.43
2026-05-27 15:15:59,23912.05,13.5,4220.0,0.8228726467114958,23900.0,12.049999999999272,23850.0,23950.0,49194145.0,32734325.0,14018420.0,9795110.0,26640380.0,21921640.0,12.565000000000001
2026-05-27 15:16:00,23911.95,13.5,4220.0,0.8228726467114958,23900.0,11.950000000000728,23850.0,23950.0,49194145.0,32734325.0,14018420.0,9795110.0,26640380.0,21921640.0,12.565000000000001
2026-05-27 15:17:00,23919.15,13.5,4230.1667,0.8333172008984525,23900.0,19.150000000001455,23850.0,23950.0,48750130.0,33084155.0,13567515.0,9697610.0,26189475.0,21824140.0,12.530000000000001
2026-05-27 15:17:01,23918.45,13.5,4230.1667,0.8333172008984525,23900.0,18.450000000000728,23850.0,23950.0,48750130.0,33084155.0,13567515.0,9697610.0,26189475.0,21824140.0,12.525
2026-05-27 15:18:01,23915.4,13.5,4199.1667,0.8345578781546696,23900.0,15.400000000001455,23850.0,23950.0,49084360.0,33128160.0,13414245.0,9602190.0,26036205.0,21728720.0,12.47
2026-05-27 15:18:02,23915.35,13.5,4199.1667,0.8345578781546696,23900.0,15.349999999998545,23850.0,23950.0,49084360.0,33128160.0,13414245.0,9602190.0,26036205.0,21728720.0,12.47
2026-05-27 15:19:02,23917.7,13.5,4205.5,0.8514002220796023,23900.0,17.700000000000728,23850.0,23950.0,48454705.0,33072000.0,12900420.0,9603230.0,25522380.0,21729760.0,12.425
2026-05-27 15:19:05,23918.05,13.5,4205.5,0.8514002220796023,23900.0,18.049999999999272,23850.0,23950.0,48454705.0,33072000.0,12900420.0,9603230.0,25522380.0,21729760.0,12.425
2026-05-27 15:20:03,23921.55,13.5,4179.1667,0.8830763914730743,23900.0,21.549999999999272,23850.0,23950.0,47372520.0,32797830.0,11832340.0,9468485.0,24454300.0,21595015.0,12.45
2026-05-27 15:20:06,23920.4,13.5,4179.1667,0.8830763914730743,23900.0,20.400000000001455,23850.0,23950.0,47372520.0,32797830.0,11832340.0,9468485.0,24454300.0,21595015.0,12.45
2026-05-27 15:21:04,23922.3,13.5,4168.1667,0.9046371104623532,23950.0,27.700000000000728,23850.0,23950.0,46903220.0,32895330.0,11312665.0,9525620.0,23934625.0,21652150.0,12.5
2026-05-27 15:21:07,23922.25,13.5,4168.1667,0.9046371104623532,23950.0,27.75,23850.0,23950.0,46903220.0,32895330.0,11312665.0,9525620.0,23934625.0,21652150.0,12.495000000000001
2026-05-27 15:22:06,23923.9,13.5,4180.1667,0.9189508506616257,23950.0,26.099999999998545,23850.0,23950.0,47298550.0,32981715.0,11034920.0,9612980.0,23656880.0,21739510.0,12.465
2026-05-27 15:22:07,23923.55,13.5,4180.1667,0.9189508506616257,23950.0,26.450000000000728,23850.0,23950.0,47298745.0,32987825.0,11034920.0,9612980.0,23656880.0,21739510.0,12.465
2026-05-27 15:23:07,23924.95,13.5,4183.8333,0.9257152104824061,23950.0,25.049999999999272,23850.0,23950.0,46906080.0,32871475.0,10673455.0,9438390.0,23295415.0,21564920.0,12.465
2026-05-27 15:23:09,23925.5,13.5,4183.8333,0.7725643410273066,23950.0,24.5,23950.0,23950.0,46906080.0,32871475.0,12596090.0,8784295.0,27817010.0,21490430.0,12.235
2026-05-27 15:24:09,23920.1,13.5,4182.6667,0.9307711957421844,23950.0,29.900000000001455,23850.0,23950.0,46861685.0,33362420.0,10533575.0,9425975.0,23155535.0,21552505.0,12.48
2026-05-27 15:24:09,23921.15,13.5,4182.6667,0.9307711957421844,23950.0,28.849999999998545,23850.0,23950.0,46861685.0,33362420.0,10533575.0,9425975.0,23155535.0,21552505.0,12.48
2026-05-27 15:25:09,23918.55,13.5,4183.8333,0.9344672051989956,23950.0,31.450000000000728,23850.0,23950.0,46735455.0,33884630.0,10262460.0,9258210.0,22884420.0,21384740.0,12.505
2026-05-27 15:25:10,23917.85,13.5,4183.8333,0.9344672051989956,23950.0,32.150000000001455,23850.0,23950.0,46735455.0,33884630.0,10262460.0,9258210.0,22884420.0,21384740.0,12.505
2026-05-27 15:26:11,23923.2,13.5,4174.5,0.9550840884199395,23950.0,26.799999999999272,23850.0,23950.0,46601425.0,34126170.0,9752405.0,9242870.0,22374365.0,21369400.0,12.495000000000001
2026-05-27 15:26:12,23923.55,13.5,4174.5,0.9550840884199395,23950.0,26.450000000000728,23850.0,23950.0,46601425.0,34126170.0,9752405.0,9242870.0,22374365.0,21369400.0,12.495000000000001
2026-05-27 15:27:13,23919.95,13.5,4181.3333,0.9594249144429748,23950.0,30.049999999999272,23850.0,23950.0,46414160.0,33718100.0,9296170.0,8902270.0,21918130.0,21028800.0,12.434999999999999
2026-05-27 15:27:14,23919.35,13.5,4181.3333,0.9594249144429748,23950.0,30.650000000001455,23850.0,23950.0,46414160.0,33718100.0,9296170.0,8902270.0,21918130.0,21028800.0,12.434999999999999
2026-05-27 15:28:15,23921.85,13.5,4167.5,0.9726994144239813,23950.0,28.150000000001455,23850.0,23950.0,45850610.0,33919015.0,8801390.0,8711950.0,21423350.0,20838480.0,12.475
2026-05-27 15:28:15,23921.55,13.5,4167.5,0.9726994144239813,23950.0,28.450000000000728,23850.0,23950.0,45850610.0,33919015.0,8801390.0,8711950.0,21423350.0,20838480.0,12.475
2026-05-27 15:29:16,23920.55,13.5,4173.3333,0.9820456815939538,23950.0,29.450000000000728,23850.0,23950.0,45190600.0,33771270.0,8328710.0,8447985.0,20950670.0,20574515.0,12.365
2026-05-27 15:29:16,23921.35,13.5,4173.3333,0.9820456815939538,23950.0,28.650000000001455,23850.0,23950.0,45190600.0,33771270.0,8328710.0,8447985.0,20950670.0,20574515.0,12.365
