timestamp,open,high,low,close,volume,open_interest
2026-03-24 09:15:00+05:30,325.0,325.05,234.75,256.6,34385,195975
2026-03-24 09:16:00+05:30,256.6,297.55,254.2,292.55,57200,216320
2026-03-24 09:17:00+05:30,293.65,297.65,283.85,285.85,25545,216320
2026-03-24 09:18:00+05:30,283.9,310.3,280.95,301.65,19630,216320
2026-03-24 09:19:00+05:30,302.65,313.3,300.35,307.7,14820,228215
2026-03-24 09:20:00+05:30,307.55,312.7,298.75,311.2,18655,228215
2026-03-24 09:21:00+05:30,310.0,312.75,307.0,309.1,15600,228215
2026-03-24 09:22:00+05:30,307.85,314.35,304.5,312.1,11960,238550
2026-03-24 09:23:00+05:30,312.5,313.5,304.0,304.0,5590,238550
2026-03-24 09:24:00+05:30,303.2,305.65,283.45,283.5,21190,238550
2026-03-24 09:25:00+05:30,284.0,287.45,273.9,276.9,26130,246350
2026-03-24 09:26:00+05:30,275.5,275.9,264.75,266.25,20085,246350
2026-03-24 09:27:00+05:30,267.0,268.6,260.0,261.1,10530,246350
2026-03-24 09:28:00+05:30,260.95,273.95,260.9,273.45,19630,257465
2026-03-24 09:29:00+05:30,272.95,277.5,266.15,268.35,14170,257465
2026-03-24 09:30:00+05:30,268.2,268.3,261.9,262.25,10075,257465
2026-03-24 09:31:00+05:30,265.55,273.55,261.0,272.55,8060,278850
2026-03-24 09:32:00+05:30,272.75,281.95,271.05,273.75,7995,278850
2026-03-24 09:33:00+05:30,272.9,278.65,272.9,274.1,3900,278850
2026-03-24 09:34:00+05:30,276.05,280.05,274.95,279.2,2015,279370
2026-03-24 09:35:00+05:30,280.4,280.4,273.05,279.55,5655,279370
2026-03-24 09:36:00+05:30,277.55,280.0,276.5,276.9,4160,279370
2026-03-24 09:37:00+05:30,279.35,293.55,279.35,288.55,8385,278850
2026-03-24 09:38:00+05:30,289.25,294.8,289.2,294.8,8060,278850
2026-03-24 09:39:00+05:30,294.25,308.6,293.4,304.35,14170,278850
2026-03-24 09:40:00+05:30,302.45,305.85,294.35,297.35,4290,271765
2026-03-24 09:41:00+05:30,297.9,303.6,297.9,299.2,5330,271765
2026-03-24 09:42:00+05:30,300.0,316.85,300.0,316.8,6110,270595
2026-03-24 09:43:00+05:30,318.8,322.8,314.2,318.2,21775,270595
2026-03-24 09:44:00+05:30,318.65,321.4,310.55,310.9,11115,270595
2026-03-24 09:45:00+05:30,313.7,330.0,312.7,327.2,20475,270595
2026-03-24 09:46:00+05:30,327.05,329.95,322.7,327.6,10595,268840
2026-03-24 09:47:00+05:30,328.45,330.0,321.35,330.0,10660,268840
2026-03-24 09:48:00+05:30,330.05,332.0,327.35,331.75,5460,268840
2026-03-24 09:49:00+05:30,330.35,331.15,322.0,329.95,12935,270270
2026-03-24 09:50:00+05:30,327.85,330.0,319.35,327.35,15340,270270
2026-03-24 09:51:00+05:30,327.85,332.0,325.45,326.4,11895,270270
2026-03-24 09:52:00+05:30,328.05,330.75,324.7,326.0,7540,276185
2026-03-24 09:53:00+05:30,326.2,330.0,323.55,325.15,7085,276185
2026-03-24 09:54:00+05:30,325.4,326.05,318.65,323.45,5850,276185
2026-03-24 09:55:00+05:30,324.95,326.55,305.8,305.9,5850,280150
2026-03-24 09:56:00+05:30,305.0,307.0,298.2,301.8,12545,280150
2026-03-24 09:57:00+05:30,303.35,311.7,299.95,302.2,13845,280150
2026-03-24 09:58:00+05:30,302.7,311.7,296.75,306.5,15340,278395
2026-03-24 09:59:00+05:30,307.3,316.7,301.9,309.1,9425,278395
2026-03-24 10:00:00+05:30,308.0,314.15,307.0,313.0,5330,278395
2026-03-24 10:01:00+05:30,316.1,326.5,315.3,326.5,15795,279565
2026-03-24 10:02:00+05:30,326.75,328.9,318.65,325.0,14885,279565
2026-03-24 10:03:00+05:30,325.15,329.0,322.5,328.45,10010,279565
2026-03-24 10:04:00+05:30,328.85,333.35,323.4,331.15,12285,280085
2026-03-24 10:05:00+05:30,329.2,333.5,326.1,328.4,37960,280085
2026-03-24 10:06:00+05:30,327.6,333.7,325.0,332.6,42835,280085
2026-03-24 10:07:00+05:30,333.35,338.45,333.35,336.35,15860,332670
2026-03-24 10:08:00+05:30,338.0,340.15,335.75,339.4,12285,332670
2026-03-24 10:09:00+05:30,339.55,343.55,333.6,342.0,17680,332670
2026-03-24 10:10:00+05:30,342.1,343.85,334.6,336.6,18460,340080
2026-03-24 10:11:00+05:30,335.8,340.6,334.0,340.45,8775,340080
2026-03-24 10:12:00+05:30,340.9,341.95,338.55,338.55,8970,340080
2026-03-24 10:13:00+05:30,339.45,340.0,327.0,327.0,15405,347685
2026-03-24 10:14:00+05:30,325.0,329.7,323.7,328.45,11765,347685
2026-03-24 10:15:00+05:30,329.65,332.55,324.4,331.9,5330,347685
2026-03-24 10:16:00+05:30,325.65,325.65,316.1,317.0,10205,343460
2026-03-24 10:17:00+05:30,317.45,318.3,309.85,310.3,14300,343460
2026-03-24 10:18:00+05:30,310.0,315.65,307.15,312.55,11505,343460
2026-03-24 10:19:00+05:30,313.95,321.45,313.6,319.55,5720,340665
2026-03-24 10:20:00+05:30,318.0,326.1,316.85,325.2,8580,340665
2026-03-24 10:21:00+05:30,325.3,326.45,315.65,315.65,13390,340665
2026-03-24 10:22:00+05:30,314.6,317.15,308.0,309.45,12285,343460
2026-03-24 10:23:00+05:30,309.25,309.8,297.6,297.6,16640,343460
2026-03-24 10:24:00+05:30,297.0,302.1,295.95,298.85,12285,343460
2026-03-24 10:25:00+05:30,298.25,304.7,298.05,300.65,5265,345150
2026-03-24 10:26:00+05:30,305.0,315.1,302.4,313.8,11115,345150
2026-03-24 10:27:00+05:30,314.1,316.75,312.0,314.6,10660,345150
2026-03-24 10:28:00+05:30,314.65,318.05,312.7,313.8,11050,345605
2026-03-24 10:29:00+05:30,313.2,315.85,311.95,311.95,1365,345605
2026-03-24 10:30:00+05:30,315.4,322.9,315.4,322.9,4095,345605
2026-03-24 10:31:00+05:30,323.75,330.9,322.25,329.05,11635,344630
2026-03-24 10:32:00+05:30,329.05,333.0,326.75,333.0,7280,344630
2026-03-24 10:33:00+05:30,334.45,342.5,330.85,341.6,12935,344630
2026-03-24 10:34:00+05:30,340.05,348.1,339.65,346.3,28210,337480
2026-03-24 10:35:00+05:30,349.0,353.2,346.05,351.35,27105,337480
2026-03-24 10:36:00+05:30,351.6,362.0,347.55,360.0,42250,337480
2026-03-24 10:37:00+05:30,360.05,370.4,359.2,362.15,41535,327535
2026-03-24 10:38:00+05:30,362.65,366.85,355.25,358.85,30875,327535
2026-03-24 10:39:00+05:30,358.4,371.25,358.4,370.6,28015,327535
2026-03-24 10:40:00+05:30,368.95,371.95,366.95,368.4,37245,346840
2026-03-24 10:41:00+05:30,369.1,370.95,355.0,361.6,40365,346840
2026-03-24 10:42:00+05:30,361.9,364.3,348.45,348.9,29835,346840
2026-03-24 10:43:00+05:30,348.0,351.2,339.5,347.0,26845,345865
2026-03-24 10:44:00+05:30,346.8,350.65,340.5,348.05,17095,345865
2026-03-24 10:45:00+05:30,348.05,350.85,345.0,350.8,19760,345865
2026-03-24 10:46:00+05:30,349.85,356.7,346.0,352.9,28535,377520
2026-03-24 10:47:00+05:30,352.3,355.65,345.05,348.4,28535,377520
2026-03-24 10:48:00+05:30,350.2,350.2,319.15,319.15,37570,377520
2026-03-24 10:49:00+05:30,318.65,338.7,318.65,337.5,27300,387725
2026-03-24 10:50:00+05:30,336.75,339.2,329.7,330.0,14560,387725
2026-03-24 10:51:00+05:30,328.55,350.65,328.35,348.8,18460,387725
2026-03-24 10:52:00+05:30,348.7,360.3,343.95,357.35,37115,388115
2026-03-24 10:53:00+05:30,357.1,359.8,350.0,350.0,23725,388115
2026-03-24 10:54:00+05:30,349.45,357.25,349.15,352.05,18265,388115
2026-03-24 10:55:00+05:30,350.8,352.95,347.55,350.0,16705,408525
2026-03-24 10:56:00+05:30,349.25,357.8,348.5,355.6,13520,408525
2026-03-24 10:57:00+05:30,356.55,361.5,354.25,361.4,22295,408525
2026-03-24 10:58:00+05:30,361.15,366.85,359.65,366.0,28730,411775
2026-03-24 10:59:00+05:30,366.1,370.5,360.3,367.7,36920,411775
2026-03-24 11:00:00+05:30,366.7,367.7,354.3,355.15,27235,411775
2026-03-24 11:01:00+05:30,353.55,359.2,350.9,353.8,28600,426530
2026-03-24 11:02:00+05:30,353.2,356.0,351.7,353.15,12740,426530
2026-03-24 11:03:00+05:30,353.7,353.7,347.0,350.05,13195,426530
2026-03-24 11:04:00+05:30,350.45,350.45,341.6,343.05,18850,434330
2026-03-24 11:05:00+05:30,344.2,349.6,344.2,345.9,9815,434330
2026-03-24 11:06:00+05:30,346.1,350.3,343.65,349.35,14755,434330
2026-03-24 11:07:00+05:30,349.55,349.6,344.2,348.35,9945,446355
2026-03-24 11:08:00+05:30,346.05,346.2,335.25,336.15,18525,446355
2026-03-24 11:09:00+05:30,337.35,343.3,336.85,339.65,7670,446355
2026-03-24 11:10:00+05:30,338.1,339.5,328.8,334.65,23855,454350
2026-03-24 11:11:00+05:30,334.2,334.2,323.05,330.9,19630,454350
2026-03-24 11:12:00+05:30,331.65,333.4,328.55,329.85,11310,454350
2026-03-24 11:13:00+05:30,330.0,335.75,327.7,332.7,11700,464555
2026-03-24 11:14:00+05:30,333.3,338.0,328.8,328.8,12350,464555
2026-03-24 11:15:00+05:30,330.15,334.8,328.2,328.8,6240,464555
2026-03-24 11:16:00+05:30,328.2,328.2,322.25,327.05,11375,471380
2026-03-24 11:17:00+05:30,327.15,329.1,319.0,321.0,10140,471380
2026-03-24 11:18:00+05:30,319.0,326.0,318.8,320.1,12285,471380
2026-03-24 11:19:00+05:30,321.0,321.75,318.0,320.05,11830,476645
2026-03-24 11:20:00+05:30,318.0,319.15,310.6,313.7,25545,476645
2026-03-24 11:21:00+05:30,313.95,324.75,312.9,321.35,10270,476645
2026-03-24 11:22:00+05:30,323.15,325.55,315.2,324.95,7085,470535
2026-03-24 11:23:00+05:30,322.0,334.65,321.4,334.2,10985,470535
2026-03-24 11:24:00+05:30,334.15,337.75,330.7,336.8,20475,470535
2026-03-24 11:25:00+05:30,337.15,344.0,330.0,330.0,29315,456365
2026-03-24 11:26:00+05:30,329.7,334.25,325.65,325.85,11765,456365
2026-03-24 11:27:00+05:30,325.9,328.65,323.65,327.85,10140,456365
2026-03-24 11:28:00+05:30,324.7,324.7,316.9,324.1,11375,456365
2026-03-24 11:29:00+05:30,323.95,326.0,321.75,323.65,3965,459290
2026-03-24 11:30:00+05:30,323.0,323.3,314.0,322.85,19630,459290
2026-03-24 11:31:00+05:30,322.4,325.0,322.3,322.8,5785,461565
2026-03-24 11:32:00+05:30,319.75,321.15,316.3,317.5,5980,461565
2026-03-24 11:33:00+05:30,316.85,321.1,316.0,317.5,7150,461565
2026-03-24 11:34:00+05:30,317.5,319.5,300.05,309.55,33150,470145
2026-03-24 11:35:00+05:30,310.0,310.45,299.6,304.0,19825,470145
2026-03-24 11:36:00+05:30,303.05,309.25,302.1,306.85,17940,470145
2026-03-24 11:37:00+05:30,306.05,308.25,302.2,307.4,8645,481195
2026-03-24 11:38:00+05:30,307.3,308.1,304.0,306.4,8710,481195
2026-03-24 11:39:00+05:30,306.4,308.0,299.25,300.0,19825,481195
2026-03-24 11:40:00+05:30,299.9,301.6,290.05,301.55,38155,481195
2026-03-24 11:41:00+05:30,301.55,312.0,300.25,310.85,11960,485875
2026-03-24 11:42:00+05:30,310.75,315.25,308.55,312.0,17225,485875
2026-03-24 11:43:00+05:30,311.5,313.95,309.0,313.3,6565,485875
2026-03-24 11:44:00+05:30,312.0,312.0,307.0,309.0,2730,477685
2026-03-24 11:45:00+05:30,310.35,313.25,309.0,310.55,3380,477685
2026-03-24 11:46:00+05:30,308.0,308.0,290.6,294.0,21255,477685
2026-03-24 11:47:00+05:30,290.55,299.1,288.65,294.15,22035,480740
2026-03-24 11:48:00+05:30,291.8,301.0,291.45,298.05,8320,480740
2026-03-24 11:49:00+05:30,298.0,300.8,295.0,300.0,13065,480740
2026-03-24 11:50:00+05:30,300.0,302.9,297.0,298.2,2860,492765
2026-03-24 11:51:00+05:30,299.45,301.1,296.45,296.45,1690,492765
2026-03-24 11:52:00+05:30,296.0,296.0,289.35,290.85,19630,492765
2026-03-24 11:53:00+05:30,290.0,291.4,286.65,291.3,6240,507455
2026-03-24 11:54:00+05:30,291.3,292.65,288.85,292.65,6825,507455
2026-03-24 11:55:00+05:30,292.5,292.5,286.0,286.4,6825,507455
2026-03-24 11:56:00+05:30,287.25,287.9,266.6,269.5,39195,511680
2026-03-24 11:57:00+05:30,269.8,275.6,268.45,274.35,13390,511680
2026-03-24 11:58:00+05:30,274.8,278.25,273.55,277.35,5785,511680
2026-03-24 11:59:00+05:30,278.2,280.0,277.1,277.95,4615,506740
2026-03-24 12:00:00+05:30,276.0,277.4,273.35,277.4,3055,506740
2026-03-24 12:01:00+05:30,276.55,281.4,276.5,280.35,6240,506740
2026-03-24 12:02:00+05:30,280.35,282.9,280.35,281.0,11635,511225
2026-03-24 12:03:00+05:30,279.3,283.4,279.3,282.0,2210,511225
2026-03-24 12:04:00+05:30,282.0,285.65,282.0,284.75,3185,511225
2026-03-24 12:05:00+05:30,284.2,294.95,284.2,292.7,14560,500175
2026-03-24 12:06:00+05:30,295.0,297.0,292.6,295.15,16120,500175
2026-03-24 12:07:00+05:30,297.0,297.0,287.65,290.55,10075,500175
2026-03-24 12:08:00+05:30,293.55,296.9,292.3,296.55,9815,486980
2026-03-24 12:09:00+05:30,295.05,298.0,294.15,296.45,3315,486980
2026-03-24 12:10:00+05:30,297.5,298.75,293.0,293.3,6370,486980
2026-03-24 12:11:00+05:30,292.65,293.35,288.75,290.3,4095,487240
2026-03-24 12:12:00+05:30,292.2,297.9,292.1,297.85,2925,487240
2026-03-24 12:13:00+05:30,297.45,300.75,296.2,299.4,5850,487240
2026-03-24 12:14:00+05:30,299.4,300.35,297.65,299.15,5005,483340
2026-03-24 12:15:00+05:30,300.0,301.25,294.05,298.45,6500,483340
2026-03-24 12:16:00+05:30,298.6,301.0,294.5,294.9,2990,483340
2026-03-24 12:17:00+05:30,298.1,300.95,297.9,300.95,4225,487890
2026-03-24 12:18:00+05:30,300.3,302.2,299.05,300.25,5980,487890
2026-03-24 12:19:00+05:30,300.35,302.9,299.1,301.75,10725,487890
2026-03-24 12:20:00+05:30,302.85,303.1,298.0,300.9,4030,482755
2026-03-24 12:21:00+05:30,301.75,303.0,296.75,299.1,4355,482755
2026-03-24 12:22:00+05:30,298.3,298.95,272.5,274.7,63960,482755
2026-03-24 12:23:00+05:30,274.55,285.65,263.9,265.75,33735,482625
2026-03-24 12:24:00+05:30,266.15,269.0,247.2,248.2,42575,482625
2026-03-24 12:25:00+05:30,248.35,252.05,233.4,233.4,44265,482625
2026-03-24 12:26:00+05:30,232.25,237.35,228.0,228.0,37700,472290
2026-03-24 12:27:00+05:30,225.85,239.55,223.6,238.6,17290,472290
2026-03-24 12:28:00+05:30,239.8,256.0,233.25,256.0,20800,472290
2026-03-24 12:29:00+05:30,256.5,269.25,255.0,260.85,41015,469365
2026-03-24 12:30:00+05:30,260.05,260.95,249.95,252.35,10400,469365
2026-03-24 12:31:00+05:30,252.2,256.85,251.2,252.25,9555,469365
2026-03-24 12:32:00+05:30,252.0,252.35,240.2,242.1,16705,469560
2026-03-24 12:33:00+05:30,240.15,244.35,235.35,236.35,8190,469560
2026-03-24 12:34:00+05:30,236.0,238.5,231.95,232.15,9360,469560
2026-03-24 12:35:00+05:30,232.2,235.6,224.4,225.5,19695,468520
2026-03-24 12:36:00+05:30,225.95,229.05,222.6,227.4,45565,468520
2026-03-24 12:37:00+05:30,226.7,231.3,225.1,227.1,18785,468520
2026-03-24 12:38:00+05:30,227.15,231.1,226.2,226.9,22685,472875
2026-03-24 12:39:00+05:30,229.65,229.8,224.3,224.65,7085,472875
2026-03-24 12:40:00+05:30,225.45,228.45,223.4,225.95,14690,472875
2026-03-24 12:41:00+05:30,228.25,229.35,222.55,224.25,8450,464555
2026-03-24 12:42:00+05:30,224.25,224.25,212.35,212.9,23335,464555
2026-03-24 12:43:00+05:30,212.45,219.15,208.0,219.15,22620,464555
2026-03-24 12:44:00+05:30,219.5,222.0,215.65,219.6,10335,458900
2026-03-24 12:45:00+05:30,219.1,221.15,215.0,219.5,7475,458900
2026-03-24 12:46:00+05:30,219.1,219.15,215.25,216.0,5980,458900
2026-03-24 12:47:00+05:30,215.0,219.0,214.0,216.9,11570,458445
2026-03-24 12:48:00+05:30,216.95,217.7,211.0,211.0,7150,458445
2026-03-24 12:49:00+05:30,210.0,215.35,207.15,211.45,7865,458445
2026-03-24 12:50:00+05:30,209.9,214.2,209.55,211.75,5525,455715
2026-03-24 12:51:00+05:30,211.25,215.5,209.5,212.85,9685,455715
2026-03-24 12:52:00+05:30,213.1,213.1,201.45,202.8,13455,455715
2026-03-24 12:53:00+05:30,202.7,210.0,202.7,209.35,13650,464880
2026-03-24 12:54:00+05:30,209.5,214.95,209.45,212.7,13195,464880
2026-03-24 12:55:00+05:30,212.95,218.6,211.4,218.6,7150,464880
2026-03-24 12:56:00+05:30,218.6,218.95,213.9,214.2,13390,461890
2026-03-24 12:57:00+05:30,214.25,220.0,213.8,217.5,5395,461890
2026-03-24 12:58:00+05:30,217.0,218.55,213.6,215.0,2665,461890
2026-03-24 12:59:00+05:30,216.45,218.0,214.8,214.9,1885,468650
2026-03-24 13:00:00+05:30,214.0,219.5,213.5,219.5,1885,468650
2026-03-24 13:01:00+05:30,216.0,218.45,214.4,217.6,1950,468650
2026-03-24 13:02:00+05:30,215.45,219.25,215.0,219.25,1625,470145
2026-03-24 13:03:00+05:30,219.0,223.8,217.0,220.55,2600,470145
2026-03-24 13:04:00+05:30,221.15,224.05,220.6,222.4,5265,470145
2026-03-24 13:05:00+05:30,223.1,232.8,222.65,231.0,38350,467090
2026-03-24 13:06:00+05:30,232.15,233.3,227.25,229.95,47905,467090
2026-03-24 13:07:00+05:30,229.3,230.2,225.0,225.0,5850,467090
2026-03-24 13:08:00+05:30,224.35,226.65,221.3,224.0,4615,518440
2026-03-24 13:09:00+05:30,223.6,230.0,223.6,229.0,2990,518440
2026-03-24 13:10:00+05:30,230.0,230.0,226.3,226.6,2015,518440
2026-03-24 13:11:00+05:30,225.4,225.4,214.0,214.3,6370,518115
2026-03-24 13:12:00+05:30,218.25,224.8,217.45,221.35,2405,518115
2026-03-24 13:13:00+05:30,221.4,224.35,217.9,218.05,1755,518115
2026-03-24 13:14:00+05:30,218.0,218.9,210.0,211.55,6695,510640
2026-03-24 13:15:00+05:30,209.7,223.0,209.7,220.85,4225,510640
2026-03-24 13:16:00+05:30,220.95,220.95,215.0,215.9,3965,510640
2026-03-24 13:17:00+05:30,215.95,218.25,213.45,213.45,2990,511225
2026-03-24 13:18:00+05:30,213.35,216.8,212.95,216.8,4095,511225
2026-03-24 13:19:00+05:30,216.0,216.0,212.4,212.9,455,511225
2026-03-24 13:20:00+05:30,218.0,218.0,210.6,210.85,2210,513565
2026-03-24 13:21:00+05:30,210.9,211.55,203.9,205.55,5915,513565
2026-03-24 13:22:00+05:30,206.05,207.0,202.0,202.9,6305,513565
2026-03-24 13:23:00+05:30,202.85,206.0,202.85,205.1,5005,514540
2026-03-24 13:24:00+05:30,205.1,209.45,204.1,207.75,2600,514540
2026-03-24 13:25:00+05:30,207.75,210.3,204.75,204.75,5980,514540
2026-03-24 13:26:00+05:30,204.55,205.25,202.3,204.05,2925,521950
2026-03-24 13:27:00+05:30,202.35,204.2,200.25,202.3,7215,521950
2026-03-24 13:28:00+05:30,202.5,203.0,201.65,202.2,3185,521950
2026-03-24 13:29:00+05:30,202.4,202.5,197.75,199.1,7670,526760
2026-03-24 13:30:00+05:30,200.0,204.5,196.0,196.05,13910,526760
2026-03-24 13:31:00+05:30,196.7,201.05,195.2,200.8,8970,526760
2026-03-24 13:32:00+05:30,201.85,201.85,194.4,195.5,9100,476515
2026-03-24 13:33:00+05:30,195.75,199.0,195.0,197.95,5655,476515
2026-03-24 13:34:00+05:30,198.05,199.45,195.0,196.4,3055,476515
2026-03-24 13:35:00+05:30,195.7,196.0,187.7,188.05,9945,486655
2026-03-24 13:36:00+05:30,188.25,190.45,187.9,188.6,6825,486655
2026-03-24 13:37:00+05:30,188.35,191.9,187.9,191.9,2080,486655
2026-03-24 13:38:00+05:30,191.75,195.0,189.9,194.15,3965,487695
2026-03-24 13:39:00+05:30,193.5,198.75,193.15,196.0,3380,487695
2026-03-24 13:40:00+05:30,196.0,198.8,194.25,196.95,3445,487695
2026-03-24 13:41:00+05:30,196.2,198.45,196.0,196.8,3315,490425
2026-03-24 13:42:00+05:30,195.0,196.95,188.95,188.95,2925,490425
2026-03-24 13:43:00+05:30,189.05,194.8,189.05,194.8,2990,490425
2026-03-24 13:44:00+05:30,195.35,197.8,195.35,196.7,780,491270
2026-03-24 13:45:00+05:30,195.3,198.7,192.45,198.45,2990,491270
2026-03-24 13:46:00+05:30,198.35,199.05,195.0,199.05,3705,491270
2026-03-24 13:47:00+05:30,199.3,202.45,198.35,202.45,2080,492180
2026-03-24 13:48:00+05:30,200.65,203.45,200.4,203.0,8580,492180
2026-03-24 13:49:00+05:30,203.0,212.2,201.85,212.1,10790,492180
2026-03-24 13:50:00+05:30,211.6,213.0,207.6,212.75,16640,499590
2026-03-24 13:51:00+05:30,211.2,217.35,210.35,213.7,9295,499590
2026-03-24 13:52:00+05:30,212.65,215.1,206.65,208.15,7735,499590
2026-03-24 13:53:00+05:30,208.25,211.5,203.1,204.0,3055,495365
2026-03-24 13:54:00+05:30,203.95,211.85,203.95,211.5,4810,495365
2026-03-24 13:55:00+05:30,210.75,213.0,208.6,210.4,2145,495365
2026-03-24 13:56:00+05:30,206.0,208.15,203.75,208.15,3315,495755
2026-03-24 13:57:00+05:30,209.25,209.35,205.0,205.0,1170,495755
2026-03-24 13:58:00+05:30,202.65,209.3,202.6,208.45,715,495755
2026-03-24 13:59:00+05:30,207.75,212.15,206.85,211.0,1820,496080
2026-03-24 14:00:00+05:30,211.55,216.35,206.5,206.5,6305,496080
2026-03-24 14:01:00+05:30,209.65,209.7,204.7,206.85,2470,496080
2026-03-24 14:02:00+05:30,206.05,209.0,204.75,207.35,520,496860
2026-03-24 14:03:00+05:30,207.35,213.6,206.35,211.8,1690,496860
2026-03-24 14:04:00+05:30,212.7,212.75,207.6,210.4,1235,496860
2026-03-24 14:05:00+05:30,210.2,210.85,207.4,208.05,650,496990
2026-03-24 14:06:00+05:30,205.0,207.55,205.0,207.2,1820,496990
2026-03-24 14:07:00+05:30,206.5,209.05,206.5,206.65,650,496990
2026-03-24 14:08:00+05:30,207.05,213.0,204.25,212.45,3445,497510
2026-03-24 14:09:00+05:30,212.05,215.1,208.45,210.65,1885,497510
2026-03-24 14:10:00+05:30,208.0,210.0,200.65,201.25,9490,497510
2026-03-24 14:11:00+05:30,203.0,206.0,200.65,206.0,1625,496535
2026-03-24 14:12:00+05:30,207.4,213.2,207.4,213.2,2470,496535
2026-03-24 14:13:00+05:30,210.5,213.55,210.5,212.3,2405,496535
2026-03-24 14:14:00+05:30,212.55,213.75,205.0,206.0,5200,495495
2026-03-24 14:15:00+05:30,204.45,204.5,199.75,204.05,6500,495495
2026-03-24 14:16:00+05:30,204.95,204.95,190.4,199.85,11115,495495
2026-03-24 14:17:00+05:30,199.8,201.3,195.0,197.15,7670,498485
2026-03-24 14:18:00+05:30,197.05,202.0,196.5,200.1,4420,498485
2026-03-24 14:19:00+05:30,200.5,209.45,200.5,208.0,4745,498485
2026-03-24 14:20:00+05:30,208.7,210.55,202.0,208.65,10400,499915
2026-03-24 14:21:00+05:30,208.4,227.6,207.4,225.95,24570,499915
2026-03-24 14:22:00+05:30,227.4,227.9,213.15,214.7,8125,499915
2026-03-24 14:23:00+05:30,213.3,214.2,208.7,212.1,5590,493285
2026-03-24 14:24:00+05:30,212.05,213.3,207.05,212.75,5460,493285
2026-03-24 14:25:00+05:30,212.65,213.95,209.6,209.6,1820,493285
2026-03-24 14:26:00+05:30,210.95,221.35,209.9,220.8,3770,494845
2026-03-24 14:27:00+05:30,220.7,222.0,214.45,218.45,4225,494845
2026-03-24 14:28:00+05:30,219.1,221.0,213.0,215.25,2405,494845
2026-03-24 14:29:00+05:30,218.65,219.55,214.55,218.2,3315,494715
2026-03-24 14:30:00+05:30,217.75,224.0,217.35,221.65,4550,494715
2026-03-24 14:31:00+05:30,221.1,221.65,218.0,220.4,2470,494715
2026-03-24 14:32:00+05:30,220.0,221.4,212.5,212.5,2600,494195
2026-03-24 14:33:00+05:30,212.95,217.85,212.85,217.5,1365,494195
2026-03-24 14:34:00+05:30,215.7,219.5,215.0,216.15,1495,494195
2026-03-24 14:35:00+05:30,216.35,218.35,214.05,217.2,1755,493740
2026-03-24 14:36:00+05:30,217.4,224.9,217.4,221.85,5395,493740
2026-03-24 14:37:00+05:30,221.85,237.95,220.6,233.35,12545,493740
2026-03-24 14:38:00+05:30,233.75,236.1,229.4,236.0,11830,489710
2026-03-24 14:39:00+05:30,234.55,236.15,231.85,235.35,4095,489710
2026-03-24 14:40:00+05:30,234.75,242.0,231.3,239.4,13715,489710
2026-03-24 14:41:00+05:30,238.1,238.1,231.0,235.0,10725,489450
2026-03-24 14:42:00+05:30,235.75,238.45,228.3,230.45,8385,489450
2026-03-24 14:43:00+05:30,230.95,232.2,218.85,225.95,8450,489450
2026-03-24 14:44:00+05:30,226.85,234.1,226.6,234.1,10855,493805
2026-03-24 14:45:00+05:30,233.65,234.0,224.9,230.6,10335,493805
2026-03-24 14:46:00+05:30,230.0,236.65,230.0,233.6,2730,493805
2026-03-24 14:47:00+05:30,232.8,232.95,228.9,231.3,1300,494260
2026-03-24 14:48:00+05:30,233.0,234.2,230.0,234.2,2535,494260
2026-03-24 14:49:00+05:30,234.4,235.0,229.0,229.0,2470,494260
2026-03-24 14:50:00+05:30,228.0,233.65,227.35,231.25,2340,494260
2026-03-24 14:51:00+05:30,232.55,238.9,232.55,235.05,4550,493805
2026-03-24 14:52:00+05:30,236.05,236.1,231.2,231.2,2015,493805
2026-03-24 14:53:00+05:30,233.4,238.0,232.7,235.85,1755,493935
2026-03-24 14:54:00+05:30,238.0,238.0,233.7,236.0,3055,493935
2026-03-24 14:55:00+05:30,234.65,234.95,225.6,230.45,5980,493935
2026-03-24 14:56:00+05:30,231.05,232.75,223.9,230.15,6565,493090
2026-03-24 14:57:00+05:30,231.4,231.4,222.25,223.15,5460,493090
2026-03-24 14:58:00+05:30,223.45,225.0,214.75,219.75,8905,493090
2026-03-24 14:59:00+05:30,220.05,223.55,216.7,223.3,6435,493285
2026-03-24 15:00:00+05:30,222.95,236.25,221.35,233.2,17420,493285
2026-03-24 15:01:00+05:30,231.1,231.1,225.85,227.9,4160,493285
2026-03-24 15:02:00+05:30,225.0,225.0,216.35,220.95,4745,490555
2026-03-24 15:03:00+05:30,220.9,225.0,217.0,221.9,3315,490555
2026-03-24 15:04:00+05:30,220.85,220.85,217.5,219.65,2795,490555
2026-03-24 15:05:00+05:30,221.2,225.25,220.0,220.9,10010,490555
2026-03-24 15:06:00+05:30,220.6,223.0,219.0,219.75,5590,491400
2026-03-24 15:07:00+05:30,219.3,220.4,216.85,217.25,6305,491400
2026-03-24 15:08:00+05:30,216.35,219.6,212.3,219.25,9425,491400
2026-03-24 15:09:00+05:30,218.9,220.35,217.6,219.35,7020,488410
2026-03-24 15:10:00+05:30,217.9,218.7,215.05,216.35,5785,488410
2026-03-24 15:11:00+05:30,217.1,218.8,216.2,217.8,4095,488410
2026-03-24 15:12:00+05:30,217.4,220.35,216.9,219.3,5265,484640
2026-03-24 15:13:00+05:30,219.8,220.0,217.0,218.55,2015,484640
2026-03-24 15:14:00+05:30,217.45,220.0,217.45,219.65,2470,484640
2026-03-24 15:15:00+05:30,219.4,227.15,219.4,227.15,15405,484510
2026-03-24 15:16:00+05:30,227.35,230.1,225.65,230.1,42185,484510
2026-03-24 15:17:00+05:30,229.3,229.3,220.2,220.25,63830,546845
2026-03-24 15:18:00+05:30,220.55,221.3,218.25,220.7,8320,546845
2026-03-24 15:19:00+05:30,220.6,221.55,217.75,218.1,13585,546845
2026-03-24 15:20:00+05:30,218.75,218.85,212.5,213.2,7735,546845
2026-03-24 15:21:00+05:30,213.35,218.15,213.2,217.95,7475,549900
2026-03-24 15:22:00+05:30,217.9,217.9,216.1,216.65,31980,549900
2026-03-24 15:23:00+05:30,216.65,217.8,214.4,214.95,7345,549900
2026-03-24 15:24:00+05:30,215.0,215.0,211.3,212.75,13260,531895
2026-03-24 15:25:00+05:30,211.7,211.7,204.6,206.4,19630,531895
2026-03-24 15:26:00+05:30,205.55,208.4,203.85,208.0,21125,531895
2026-03-24 15:27:00+05:30,207.5,208.0,202.95,205.65,23075,522210
2026-03-24 15:28:00+05:30,205.35,207.2,203.25,205.0,16380,522210
2026-03-24 15:29:00+05:30,204.8,209.6,203.95,208.45,20930,522210
2026-03-25 09:15:00+05:30,182.0,182.0,129.8,130.9,132925,511095
2026-03-25 09:16:00+05:30,130.8,134.55,128.85,129.6,88790,527150
2026-03-25 09:17:00+05:30,129.85,130.4,125.85,127.0,65845,527150
2026-03-25 09:18:00+05:30,127.1,130.0,125.35,129.95,58305,527150
2026-03-25 09:19:00+05:30,129.9,130.9,123.5,124.2,50180,563030
2026-03-25 09:20:00+05:30,124.2,124.75,120.55,121.45,50180,563030
2026-03-25 09:21:00+05:30,121.0,122.0,118.7,119.5,40950,563030
2026-03-25 09:22:00+05:30,119.45,123.15,119.45,121.35,29835,600665
2026-03-25 09:23:00+05:30,121.8,123.35,120.4,120.7,19565,600665
2026-03-25 09:24:00+05:30,120.75,120.95,116.9,119.75,59865,625625
2026-03-25 09:25:00+05:30,120.05,120.2,118.2,119.9,22295,625625
2026-03-25 09:26:00+05:30,119.75,120.45,118.25,119.4,23920,625625
2026-03-25 09:27:00+05:30,119.05,121.5,117.7,121.0,32890,625625
2026-03-25 09:28:00+05:30,121.0,121.45,119.2,119.35,12675,643695
2026-03-25 09:29:00+05:30,119.8,120.1,116.85,117.9,22165,643695
2026-03-25 09:30:00+05:30,118.05,120.1,116.7,118.25,29640,643695
2026-03-25 09:31:00+05:30,118.2,118.35,116.4,117.4,27820,652470
2026-03-25 09:32:00+05:30,117.4,117.75,114.3,115.6,27690,652470
2026-03-25 09:33:00+05:30,115.9,115.9,113.2,114.05,19175,652470
2026-03-25 09:34:00+05:30,114.25,114.25,110.2,110.9,31720,668200
2026-03-25 09:35:00+05:30,110.95,112.8,110.6,112.25,17940,668200
2026-03-25 09:36:00+05:30,112.0,114.65,112.0,113.8,18980,668200
2026-03-25 09:37:00+05:30,114.0,114.5,112.6,113.25,13065,674830
2026-03-25 09:38:00+05:30,113.3,116.45,112.9,115.3,24440,674830
2026-03-25 09:39:00+05:30,115.4,115.95,113.05,113.1,25350,674830
2026-03-25 09:40:00+05:30,113.55,116.35,113.0,115.85,26390,690755
2026-03-25 09:41:00+05:30,115.95,116.85,114.1,114.75,21580,690755
2026-03-25 09:42:00+05:30,114.55,115.0,112.25,112.35,18915,690755
2026-03-25 09:43:00+05:30,112.5,112.7,104.8,105.2,112515,697840
2026-03-25 09:44:00+05:30,105.4,106.9,104.35,106.35,38740,697840
2026-03-25 09:45:00+05:30,106.45,107.5,105.55,106.85,42380,697840
2026-03-25 09:46:00+05:30,106.95,107.55,104.3,105.1,27365,700830
2026-03-25 09:47:00+05:30,104.65,106.4,104.0,105.65,20475,700830
2026-03-25 09:48:00+05:30,105.55,106.4,104.75,106.05,14495,700830
2026-03-25 09:49:00+05:30,106.5,108.0,106.5,106.7,21970,714610
2026-03-25 09:50:00+05:30,106.9,107.95,106.35,107.6,18005,714610
2026-03-25 09:51:00+05:30,107.8,107.8,106.45,106.45,10140,714610
2026-03-25 09:52:00+05:30,106.75,107.15,104.5,105.35,18850,726765
2026-03-25 09:53:00+05:30,105.5,108.15,105.5,107.35,23010,726765
2026-03-25 09:54:00+05:30,107.4,107.55,103.85,104.4,16575,726765
2026-03-25 09:55:00+05:30,104.45,105.35,103.1,104.95,23465,728520
2026-03-25 09:56:00+05:30,105.45,106.0,104.0,105.0,23725,728520
2026-03-25 09:57:00+05:30,105.15,106.6,105.05,106.1,16445,728520
2026-03-25 09:58:00+05:30,105.95,107.0,105.8,106.25,10530,733460
2026-03-25 09:59:00+05:30,106.35,106.45,105.0,105.0,8580,733460
2026-03-25 10:00:00+05:30,105.05,105.05,101.9,103.7,38350,733460
2026-03-25 10:01:00+05:30,103.7,104.5,102.8,103.85,20865,738790
2026-03-25 10:02:00+05:30,103.5,106.1,102.8,105.8,15080,738790
2026-03-25 10:03:00+05:30,106.1,106.25,104.25,105.4,20605,738790
2026-03-25 10:04:00+05:30,105.4,106.2,105.0,105.9,11115,751985
2026-03-25 10:05:00+05:30,105.8,106.2,104.5,105.9,13000,751985
2026-03-25 10:06:00+05:30,105.9,111.0,105.85,109.1,78325,751985
2026-03-25 10:07:00+05:30,109.0,109.4,107.35,107.7,18265,759135
2026-03-25 10:08:00+05:30,107.85,109.85,106.15,106.6,28795,759135
2026-03-25 10:09:00+05:30,107.0,108.15,105.0,106.05,23140,759135
2026-03-25 10:10:00+05:30,106.05,106.8,104.5,106.0,23595,768300
2026-03-25 10:11:00+05:30,106.45,106.85,102.5,102.6,17160,768300
2026-03-25 10:12:00+05:30,103.15,103.6,101.85,102.05,30160,768300
2026-03-25 10:13:00+05:30,102.45,103.0,100.55,102.4,39845,763035
2026-03-25 10:14:00+05:30,102.25,103.0,100.65,101.35,17810,763035
2026-03-25 10:15:00+05:30,101.3,104.95,101.05,104.65,17095,763035
2026-03-25 10:16:00+05:30,104.75,105.15,102.9,102.9,16250,754065
2026-03-25 10:17:00+05:30,103.2,103.55,100.85,102.0,14950,754065
2026-03-25 10:18:00+05:30,102.35,103.05,101.9,102.2,7085,754065
2026-03-25 10:19:00+05:30,102.1,104.5,102.1,103.8,18200,752765
2026-03-25 10:20:00+05:30,103.7,104.1,103.1,103.35,9555,752765
2026-03-25 10:21:00+05:30,103.0,103.1,101.6,101.75,11115,752765
2026-03-25 10:22:00+05:30,101.9,104.8,101.9,104.8,10660,762840
2026-03-25 10:23:00+05:30,104.7,106.4,103.85,105.85,15600,762840
2026-03-25 10:24:00+05:30,105.95,106.1,104.8,105.15,10530,762840
2026-03-25 10:25:00+05:30,105.15,105.4,103.85,103.85,8385,769795
2026-03-25 10:26:00+05:30,103.85,104.1,101.75,102.8,11310,769795
2026-03-25 10:27:00+05:30,103.0,103.5,102.4,103.3,8060,769795
2026-03-25 10:28:00+05:30,103.75,105.0,102.4,105.0,8905,766740
2026-03-25 10:29:00+05:30,105.0,105.2,102.2,102.6,9360,766740
2026-03-25 10:30:00+05:30,102.5,103.5,101.9,103.0,11310,766740
2026-03-25 10:31:00+05:30,102.95,103.9,102.3,103.25,6110,770315
2026-03-25 10:32:00+05:30,103.45,104.4,103.1,103.35,7995,770315
2026-03-25 10:33:00+05:30,103.45,103.45,101.7,102.0,7930,770315
2026-03-25 10:34:00+05:30,102.25,102.25,101.0,101.95,7150,772850
2026-03-25 10:35:00+05:30,101.75,103.1,101.75,102.3,7020,772850
2026-03-25 10:36:00+05:30,102.55,102.8,99.75,99.95,24570,772850
2026-03-25 10:37:00+05:30,100.3,101.85,100.0,101.15,10985,780000
2026-03-25 10:38:00+05:30,101.35,101.75,100.15,101.2,8710,780000
2026-03-25 10:39:00+05:30,100.95,101.4,100.05,100.05,4355,780000
2026-03-25 10:40:00+05:30,100.55,100.7,99.9,100.0,7280,785200
2026-03-25 10:41:00+05:30,99.95,99.95,97.6,98.5,52390,785200
2026-03-25 10:42:00+05:30,98.25,99.0,96.0,96.0,26130,785200
2026-03-25 10:43:00+05:30,96.1,96.35,93.6,95.5,70265,772460
2026-03-25 10:44:00+05:30,95.5,97.0,95.4,96.7,27820,772460
2026-03-25 10:45:00+05:30,97.0,98.05,96.35,97.2,31590,772460
2026-03-25 10:46:00+05:30,96.9,97.5,96.25,97.35,10530,763490
2026-03-25 10:47:00+05:30,97.0,97.95,96.9,97.2,15795,763490
2026-03-25 10:48:00+05:30,97.2,97.55,96.0,96.0,9750,763490
2026-03-25 10:49:00+05:30,96.0,96.2,95.5,95.5,13845,763035
2026-03-25 10:50:00+05:30,95.3,96.1,95.05,95.75,11895,763035
2026-03-25 10:51:00+05:30,96.0,96.15,95.25,95.95,8320,763035
2026-03-25 10:52:00+05:30,95.75,97.0,95.75,96.75,11115,770770
2026-03-25 10:53:00+05:30,96.95,96.95,94.55,94.95,19565,770770
2026-03-25 10:54:00+05:30,94.85,95.55,94.25,94.8,6500,770770
2026-03-25 10:55:00+05:30,95.0,96.55,94.75,95.8,9165,772005
2026-03-25 10:56:00+05:30,95.85,96.25,95.1,95.2,5135,772005
2026-03-25 10:57:00+05:30,95.75,96.4,95.0,95.85,8905,772005
2026-03-25 10:58:00+05:30,95.9,97.0,95.85,96.4,13195,775320
2026-03-25 10:59:00+05:30,96.0,96.6,95.6,95.65,11050,775320
2026-03-25 11:00:00+05:30,95.75,96.0,94.8,95.1,11895,775320
2026-03-25 11:01:00+05:30,95.05,95.45,94.2,94.3,10140,780260
2026-03-25 11:02:00+05:30,94.4,94.5,93.1,93.6,27040,780260
2026-03-25 11:03:00+05:30,93.7,95.0,93.7,94.75,8840,780260
2026-03-25 11:04:00+05:30,94.85,95.2,94.7,94.8,9100,779220
2026-03-25 11:05:00+05:30,94.6,95.1,93.35,93.7,8970,779220
2026-03-25 11:06:00+05:30,93.75,94.25,92.5,92.8,27170,779220
2026-03-25 11:07:00+05:30,92.55,92.6,89.65,89.7,35165,777790
2026-03-25 11:08:00+05:30,89.85,91.35,89.6,90.5,39000,777790
2026-03-25 11:09:00+05:30,90.5,91.45,90.4,91.35,18590,777790
2026-03-25 11:10:00+05:30,91.3,91.9,90.85,91.25,9620,781950
2026-03-25 11:11:00+05:30,91.05,91.65,90.75,91.3,13260,781950
2026-03-25 11:12:00+05:30,91.15,91.15,90.05,90.35,13325,781950
2026-03-25 11:13:00+05:30,90.35,91.0,90.2,90.5,7085,770510
2026-03-25 11:14:00+05:30,90.4,90.7,89.3,89.3,11895,770510
2026-03-25 11:15:00+05:30,89.5,90.85,89.4,90.5,13715,770510
2026-03-25 11:16:00+05:30,90.5,91.95,89.95,91.65,8255,763555
2026-03-25 11:17:00+05:30,91.6,91.6,90.7,91.0,6695,763555
2026-03-25 11:18:00+05:30,91.05,92.05,90.75,91.2,9685,763555
2026-03-25 11:19:00+05:30,91.0,92.0,90.95,91.45,6240,760110
2026-03-25 11:20:00+05:30,91.3,92.5,91.0,92.25,7410,760110
2026-03-25 11:21:00+05:30,92.5,92.75,91.8,91.85,18200,760110
2026-03-25 11:22:00+05:30,92.0,93.0,92.0,92.8,9555,765505
2026-03-25 11:23:00+05:30,92.8,94.55,92.75,94.25,20930,765505
2026-03-25 11:24:00+05:30,94.6,94.9,93.55,94.05,21125,765505
2026-03-25 11:25:00+05:30,93.9,96.9,93.65,95.5,32045,775775
2026-03-25 11:26:00+05:30,95.6,95.95,95.1,95.45,15340,775775
2026-03-25 11:27:00+05:30,95.5,95.95,94.0,94.75,15795,775775
2026-03-25 11:28:00+05:30,94.85,95.4,94.0,94.15,19045,775775
2026-03-25 11:29:00+05:30,94.1,95.55,93.8,95.05,9490,775775
2026-03-25 11:30:00+05:30,95.05,95.7,94.5,95.1,13390,775775
2026-03-25 11:31:00+05:30,95.2,95.75,94.25,94.65,5525,771550
2026-03-25 11:32:00+05:30,94.35,97.0,94.25,96.35,9685,771550
2026-03-25 11:33:00+05:30,96.3,96.6,95.05,95.7,16380,771550
2026-03-25 11:34:00+05:30,95.6,96.5,95.45,95.75,2600,778245
2026-03-25 11:35:00+05:30,95.5,97.3,95.5,97.0,8515,778245
2026-03-25 11:36:00+05:30,97.2,98.25,96.85,97.3,20605,778245
2026-03-25 11:37:00+05:30,97.15,97.5,96.25,97.1,12870,793910
2026-03-25 11:38:00+05:30,96.95,99.2,96.1,98.35,33475,793910
2026-03-25 11:39:00+05:30,98.4,99.1,96.45,97.4,42510,793910
2026-03-25 11:40:00+05:30,97.45,98.45,96.6,97.65,13520,781495
2026-03-25 11:41:00+05:30,97.45,98.65,95.7,97.0,32630,781495
2026-03-25 11:42:00+05:30,96.8,97.8,96.8,97.45,21840,781495
2026-03-25 11:43:00+05:30,97.35,98.65,97.3,98.15,12740,778830
2026-03-25 11:44:00+05:30,98.15,98.5,97.55,97.9,5980,778830
2026-03-25 11:45:00+05:30,97.9,98.4,97.15,97.2,10725,778830
2026-03-25 11:46:00+05:30,97.4,98.2,96.65,97.5,9035,781170
2026-03-25 11:47:00+05:30,97.15,98.1,96.8,97.15,16315,781170
2026-03-25 11:48:00+05:30,96.9,97.15,92.85,92.85,38545,781170
2026-03-25 11:49:00+05:30,93.0,94.75,92.25,94.6,32500,762710
2026-03-25 11:50:00+05:30,94.9,95.1,93.75,93.8,9750,762710
2026-03-25 11:51:00+05:30,93.85,94.05,92.5,92.75,13845,762710
2026-03-25 11:52:00+05:30,93.0,93.55,92.6,93.5,10530,756925
2026-03-25 11:53:00+05:30,93.75,93.85,91.85,92.1,11830,756925
2026-03-25 11:54:00+05:30,91.85,92.75,91.7,92.2,19500,756925
2026-03-25 11:55:00+05:30,92.3,92.9,91.8,92.45,10985,748410
2026-03-25 11:56:00+05:30,92.55,92.65,91.9,92.35,8125,748410
2026-03-25 11:57:00+05:30,92.25,92.5,91.8,92.1,7475,748410
2026-03-25 11:58:00+05:30,92.2,93.9,92.05,93.25,10075,752115
2026-03-25 11:59:00+05:30,93.4,94.0,92.75,92.75,8905,752115
2026-03-25 12:00:00+05:30,92.15,93.45,91.9,92.2,10140,752115
2026-03-25 12:01:00+05:30,92.35,93.1,91.85,92.35,5005,755430
2026-03-25 12:02:00+05:30,92.9,93.25,92.45,92.75,4160,755430
2026-03-25 12:03:00+05:30,92.6,92.6,91.35,91.8,7800,755430
2026-03-25 12:04:00+05:30,92.0,92.2,90.6,91.35,9815,755040
2026-03-25 12:05:00+05:30,91.25,92.15,91.15,91.2,7085,755040
2026-03-25 12:06:00+05:30,91.55,92.15,90.9,91.0,6045,755040
2026-03-25 12:07:00+05:30,91.05,91.55,90.4,90.8,4615,761020
2026-03-25 12:08:00+05:30,91.0,91.0,89.35,90.0,26715,761020
2026-03-25 12:09:00+05:30,90.0,91.6,89.75,91.6,21775,761020
2026-03-25 12:10:00+05:30,91.5,91.95,90.25,91.1,26455,751270
2026-03-25 12:11:00+05:30,91.05,91.4,90.3,90.55,7930,751270
2026-03-25 12:12:00+05:30,90.7,90.7,89.85,90.3,7020,751270
2026-03-25 12:13:00+05:30,90.2,90.55,88.0,88.15,25480,751335
2026-03-25 12:14:00+05:30,88.2,89.3,87.0,87.25,28080,751335
2026-03-25 12:15:00+05:30,87.3,88.75,86.9,88.1,22165,751335
2026-03-25 12:16:00+05:30,88.15,89.55,88.15,89.4,8645,746980
2026-03-25 12:17:00+05:30,89.2,90.45,88.55,88.55,8255,746980
2026-03-25 12:18:00+05:30,88.7,88.75,87.35,87.55,7345,746980
2026-03-25 12:19:00+05:30,87.6,88.25,87.25,88.1,19695,746655
2026-03-25 12:20:00+05:30,88.1,88.1,87.3,87.75,33800,746655
2026-03-25 12:21:00+05:30,87.65,87.9,86.5,86.9,21385,746655
2026-03-25 12:22:00+05:30,86.95,87.5,86.5,86.85,7930,740675
2026-03-25 12:23:00+05:30,86.95,87.15,85.95,86.25,7865,740675
2026-03-25 12:24:00+05:30,86.1,87.0,85.1,86.4,11180,740675
2026-03-25 12:25:00+05:30,86.5,87.05,85.45,86.75,11635,742755
2026-03-25 12:26:00+05:30,86.9,88.0,86.6,87.8,8255,742755
2026-03-25 12:27:00+05:30,87.25,87.25,86.35,86.5,8645,742755
2026-03-25 12:28:00+05:30,86.5,87.3,86.5,87.15,8970,746980
2026-03-25 12:29:00+05:30,87.3,87.35,85.8,86.0,9555,746980
2026-03-25 12:30:00+05:30,86.15,87.65,86.05,86.2,12155,746980
2026-03-25 12:31:00+05:30,86.25,86.3,84.0,85.25,41405,746980
2026-03-25 12:32:00+05:30,85.55,85.6,82.4,82.45,24050,752050
2026-03-25 12:33:00+05:30,82.7,84.0,82.2,83.5,24895,752050
2026-03-25 12:34:00+05:30,83.6,84.0,82.65,84.0,18980,750230
2026-03-25 12:35:00+05:30,83.75,83.9,83.3,83.35,9945,750230
2026-03-25 12:36:00+05:30,83.0,83.5,82.4,83.0,4940,750230
2026-03-25 12:37:00+05:30,82.8,83.9,82.8,83.6,4550,750230
2026-03-25 12:38:00+05:30,83.95,84.15,83.45,84.15,4680,751335
2026-03-25 12:39:00+05:30,84.25,85.25,83.85,85.25,5005,751335
2026-03-25 12:40:00+05:30,85.0,85.5,84.7,84.85,10855,751335
2026-03-25 12:41:00+05:30,84.8,85.25,83.65,84.95,4745,753545
2026-03-25 12:42:00+05:30,85.1,85.1,84.0,84.0,5200,753545
2026-03-25 12:43:00+05:30,83.95,84.5,83.8,84.0,2730,753545
2026-03-25 12:44:00+05:30,84.35,84.45,83.2,83.3,4810,751855
2026-03-25 12:45:00+05:30,83.4,83.75,82.5,82.7,12805,751855
2026-03-25 12:46:00+05:30,82.5,85.05,82.5,83.3,24375,751855
2026-03-25 12:47:00+05:30,83.45,86.7,83.45,86.2,8580,756535
2026-03-25 12:48:00+05:30,86.5,86.65,85.3,85.3,5980,756535
2026-03-25 12:49:00+05:30,85.5,87.6,85.5,86.85,15795,756535
2026-03-25 12:50:00+05:30,87.0,87.9,86.6,87.6,15665,766025
2026-03-25 12:51:00+05:30,87.6,88.7,86.8,88.5,11245,766025
2026-03-25 12:52:00+05:30,88.4,90.15,88.4,89.1,24440,766025
2026-03-25 12:53:00+05:30,89.2,89.5,88.55,88.75,7020,768690
2026-03-25 12:54:00+05:30,88.8,89.25,88.2,88.4,13780,768690
2026-03-25 12:55:00+05:30,88.45,89.0,86.65,86.9,18850,768690
2026-03-25 12:56:00+05:30,87.2,88.25,86.7,87.25,13195,768950
2026-03-25 12:57:00+05:30,87.3,89.25,87.1,89.2,19435,768950
2026-03-25 12:58:00+05:30,89.2,90.15,88.6,88.9,31655,768950
2026-03-25 12:59:00+05:30,88.7,88.85,87.5,88.5,18200,764075
2026-03-25 13:00:00+05:30,88.8,89.5,86.55,87.3,23725,764075
2026-03-25 13:01:00+05:30,87.25,87.6,86.3,86.5,13845,764075
2026-03-25 13:02:00+05:30,86.45,86.9,85.6,85.7,17355,752960
2026-03-25 13:03:00+05:30,85.55,87.0,85.2,86.3,13585,752960
2026-03-25 13:04:00+05:30,86.45,86.95,85.5,86.0,8580,752960
2026-03-25 13:05:00+05:30,86.15,87.65,86.15,86.65,14950,746525
2026-03-25 13:06:00+05:30,86.7,87.75,84.45,84.6,22750,746525
2026-03-25 13:07:00+05:30,84.55,86.0,84.3,85.95,10985,746525
2026-03-25 13:08:00+05:30,86.05,88.2,86.05,87.6,9880,760045
2026-03-25 13:09:00+05:30,88.0,88.65,86.9,86.95,15210,760045
2026-03-25 13:10:00+05:30,86.9,87.35,85.5,86.1,5785,760045
2026-03-25 13:11:00+05:30,86.55,86.65,85.6,85.6,6565,763880
2026-03-25 13:12:00+05:30,85.5,86.2,85.15,85.8,11310,763880
2026-03-25 13:13:00+05:30,85.75,86.0,84.4,84.55,9035,763880
2026-03-25 13:14:00+05:30,84.7,86.35,83.85,85.75,7020,761280
2026-03-25 13:15:00+05:30,85.95,86.35,84.8,86.1,8580,761280
2026-03-25 13:16:00+05:30,85.95,86.05,82.75,82.9,9230,761280
2026-03-25 13:17:00+05:30,82.9,85.8,82.9,85.8,7670,759655
2026-03-25 13:18:00+05:30,85.55,85.7,84.85,85.25,9165,759655
2026-03-25 13:19:00+05:30,85.45,87.0,85.45,86.75,5590,759655
2026-03-25 13:20:00+05:30,86.65,88.0,86.35,87.0,14690,766675
2026-03-25 13:21:00+05:30,86.7,87.05,84.1,85.0,19695,766675
2026-03-25 13:22:00+05:30,84.55,86.2,84.3,85.6,3900,766675
2026-03-25 13:23:00+05:30,85.65,85.9,83.05,84.4,7540,760240
2026-03-25 13:24:00+05:30,84.85,84.85,82.9,83.75,6760,760240
2026-03-25 13:25:00+05:30,83.55,84.3,82.35,82.6,10010,760240
2026-03-25 13:26:00+05:30,82.4,82.4,80.3,80.3,28990,755365
2026-03-25 13:27:00+05:30,80.6,80.8,78.8,80.3,28405,755365
2026-03-25 13:28:00+05:30,80.45,80.75,79.25,79.3,9295,755365
2026-03-25 13:29:00+05:30,79.7,81.15,79.7,79.85,4745,739180
2026-03-25 13:30:00+05:30,79.6,81.0,79.5,80.05,9555,739180
2026-03-25 13:31:00+05:30,80.25,83.3,80.2,81.9,7605,739180
2026-03-25 13:32:00+05:30,82.0,83.2,80.5,81.9,15340,739115
2026-03-25 13:33:00+05:30,81.7,81.8,78.8,78.9,18525,739115
2026-03-25 13:34:00+05:30,79.15,79.25,77.7,79.05,26910,739115
2026-03-25 13:35:00+05:30,79.1,79.7,78.8,79.4,5005,708630
2026-03-25 13:36:00+05:30,79.3,80.4,78.35,78.85,9490,708630
2026-03-25 13:37:00+05:30,78.65,79.1,77.7,77.9,8255,708630
2026-03-25 13:38:00+05:30,77.8,78.5,77.15,78.5,12480,708110
2026-03-25 13:39:00+05:30,78.45,79.3,78.2,78.2,8255,708110
2026-03-25 13:40:00+05:30,78.1,79.05,77.45,77.55,5720,708110
2026-03-25 13:41:00+05:30,77.7,78.4,77.15,77.15,7345,705965
2026-03-25 13:42:00+05:30,77.4,78.0,77.0,77.35,5005,705965
2026-03-25 13:43:00+05:30,77.35,78.05,76.95,77.95,5395,705965
2026-03-25 13:44:00+05:30,77.45,77.45,76.5,76.95,5265,707005
2026-03-25 13:45:00+05:30,77.05,77.2,75.45,75.6,23920,707005
2026-03-25 13:46:00+05:30,75.7,77.0,75.4,76.55,34645,707005
2026-03-25 13:47:00+05:30,76.85,77.45,76.55,76.95,6890,700440
2026-03-25 13:48:00+05:30,77.7,77.7,76.6,76.75,5265,700440
2026-03-25 13:49:00+05:30,76.65,76.9,76.3,76.4,4420,700440
2026-03-25 13:50:00+05:30,76.2,76.75,74.8,75.6,15015,697060
2026-03-25 13:51:00+05:30,75.6,75.95,74.7,74.75,10725,697060
2026-03-25 13:52:00+05:30,74.9,78.05,74.75,77.75,11375,697060
2026-03-25 13:53:00+05:30,77.9,78.4,77.15,78.3,12155,699530
2026-03-25 13:54:00+05:30,78.1,78.25,77.35,77.6,7735,699530
2026-03-25 13:55:00+05:30,77.6,78.55,77.1,77.5,13910,699530
2026-03-25 13:56:00+05:30,77.4,77.65,76.4,76.4,6370,696475
2026-03-25 13:57:00+05:30,76.75,77.55,76.65,77.0,5655,696475
2026-03-25 13:58:00+05:30,76.55,77.15,76.15,76.55,10335,696475
2026-03-25 13:59:00+05:30,76.65,76.9,76.05,76.25,2860,691600
2026-03-25 14:00:00+05:30,76.05,76.25,74.25,75.25,19240,691600
2026-03-25 14:01:00+05:30,75.45,75.8,73.1,73.35,13195,691600
2026-03-25 14:02:00+05:30,73.55,73.75,71.4,71.4,25220,689715
2026-03-25 14:03:00+05:30,71.3,72.05,70.8,72.0,23465,689715
2026-03-25 14:04:00+05:30,72.15,72.9,71.85,72.1,15860,689715
2026-03-25 14:05:00+05:30,72.2,73.05,72.1,73.0,16250,689845
2026-03-25 14:06:00+05:30,72.7,78.0,72.6,77.35,38090,689845
2026-03-25 14:07:00+05:30,77.35,78.05,76.4,77.3,21255,689845
2026-03-25 14:08:00+05:30,77.1,78.8,76.5,77.1,25480,689130
2026-03-25 14:09:00+05:30,77.15,80.0,77.15,79.55,19110,689130
2026-03-25 14:10:00+05:30,79.2,79.2,77.55,78.3,7475,689130
2026-03-25 14:11:00+05:30,78.05,79.0,77.8,78.35,8385,691340
2026-03-25 14:12:00+05:30,78.2,79.8,77.5,79.0,10985,691340
2026-03-25 14:13:00+05:30,79.15,80.0,78.9,79.35,22425,691340
2026-03-25 14:14:00+05:30,79.35,79.6,77.85,77.85,10335,688220
2026-03-25 14:15:00+05:30,77.9,79.6,76.2,77.1,28925,688220
2026-03-25 14:16:00+05:30,77.0,78.05,76.9,77.15,6500,688220
2026-03-25 14:17:00+05:30,76.9,78.7,76.45,77.8,11245,686985
2026-03-25 14:18:00+05:30,78.15,80.5,77.9,79.65,24635,686985
2026-03-25 14:19:00+05:30,79.75,80.3,78.95,79.6,10855,686985
2026-03-25 14:20:00+05:30,79.45,80.65,79.0,79.0,9685,694720
2026-03-25 14:21:00+05:30,78.95,81.75,78.8,81.75,17160,694720
2026-03-25 14:22:00+05:30,81.35,85.15,81.2,84.55,41600,694720
2026-03-25 14:23:00+05:30,84.0,88.45,84.0,88.0,43160,696150
2026-03-25 14:24:00+05:30,88.0,91.55,87.7,89.75,58370,696150
2026-03-25 14:25:00+05:30,89.8,91.65,86.75,86.75,68315,696150
2026-03-25 14:26:00+05:30,86.7,90.2,85.8,89.6,35100,689520
2026-03-25 14:27:00+05:30,89.3,91.25,88.2,89.6,29835,689520
2026-03-25 14:28:00+05:30,89.0,93.7,89.0,90.35,43355,689520
2026-03-25 14:29:00+05:30,90.1,92.95,89.75,92.0,20280,696670
2026-03-25 14:30:00+05:30,91.95,99.0,91.65,94.25,97500,696670
2026-03-25 14:31:00+05:30,94.0,94.8,89.9,90.8,51740,696670
2026-03-25 14:32:00+05:30,90.95,91.55,88.4,89.0,38675,700635
2026-03-25 14:33:00+05:30,89.35,90.2,85.55,87.75,33995,700635
2026-03-25 14:34:00+05:30,87.5,90.25,87.35,89.25,12870,700635
2026-03-25 14:35:00+05:30,89.7,90.65,86.75,87.45,18655,708175
2026-03-25 14:36:00+05:30,87.5,90.0,87.15,89.95,9295,708175
2026-03-25 14:37:00+05:30,89.8,91.9,89.8,90.0,16250,708175
2026-03-25 14:38:00+05:30,89.5,93.05,89.35,89.95,28405,709215
2026-03-25 14:39:00+05:30,89.85,90.15,88.45,89.4,17225,709215
2026-03-25 14:40:00+05:30,89.3,89.45,84.8,86.0,29055,709215
2026-03-25 14:41:00+05:30,86.15,88.1,84.9,85.85,17030,710710
2026-03-25 14:42:00+05:30,85.7,86.0,82.6,83.45,34905,710710
2026-03-25 14:43:00+05:30,83.45,85.0,83.2,84.25,10465,710710
2026-03-25 14:44:00+05:30,84.45,86.45,84.45,86.2,10270,716625
2026-03-25 14:45:00+05:30,85.3,85.95,83.6,83.9,23400,716625
2026-03-25 14:46:00+05:30,84.05,87.5,83.95,86.55,9035,716625
2026-03-25 14:47:00+05:30,86.65,89.55,86.3,87.75,25415,707980
2026-03-25 14:48:00+05:30,88.3,89.85,87.8,88.1,38415,707980
2026-03-25 14:49:00+05:30,88.45,88.6,85.15,87.55,21125,707980
2026-03-25 14:50:00+05:30,87.45,88.7,86.4,88.7,13910,708240
2026-03-25 14:51:00+05:30,88.15,88.95,87.25,87.4,9620,708240
2026-03-25 14:52:00+05:30,87.5,88.9,87.4,88.6,14430,708240
2026-03-25 14:53:00+05:30,88.7,91.65,87.8,91.65,42965,708500
2026-03-25 14:54:00+05:30,91.3,92.6,90.3,91.35,39975,708500
2026-03-25 14:55:00+05:30,91.5,91.9,90.25,91.7,38285,708500
2026-03-25 14:56:00+05:30,91.4,91.7,89.45,90.55,16900,692445
2026-03-25 14:57:00+05:30,90.6,92.0,88.2,90.65,15990,692445
2026-03-25 14:58:00+05:30,90.65,90.65,88.3,90.15,16445,692445
2026-03-25 14:59:00+05:30,90.55,91.0,88.7,89.6,19110,700895
2026-03-25 15:00:00+05:30,90.0,95.0,89.9,91.25,72345,700895
2026-03-25 15:01:00+05:30,90.8,92.0,88.55,90.25,33605,700895
2026-03-25 15:02:00+05:30,90.3,90.3,83.6,84.5,60450,678405
2026-03-25 15:03:00+05:30,84.55,86.15,82.55,85.25,35620,678405
2026-03-25 15:04:00+05:30,85.3,87.4,85.25,86.75,20540,678405
2026-03-25 15:05:00+05:30,86.9,89.5,86.75,87.45,28340,670540
2026-03-25 15:06:00+05:30,87.45,90.15,87.4,89.35,12740,670540
2026-03-25 15:07:00+05:30,89.4,90.4,88.55,89.85,13715,670540
2026-03-25 15:08:00+05:30,89.1,89.15,87.05,88.1,17030,668265
2026-03-25 15:09:00+05:30,88.05,89.75,86.9,88.45,14560,668265
2026-03-25 15:10:00+05:30,88.45,90.65,88.4,90.4,39780,668265
2026-03-25 15:11:00+05:30,90.55,90.95,89.0,90.35,15795,655785
2026-03-25 15:12:00+05:30,90.35,90.5,88.9,90.5,19435,655785
2026-03-25 15:13:00+05:30,90.5,91.8,90.0,90.65,18135,655785
2026-03-25 15:14:00+05:30,90.75,92.0,90.2,92.0,25350,649155
2026-03-25 15:15:00+05:30,92.0,94.9,91.35,92.75,89570,649155
2026-03-25 15:16:00+05:30,92.6,95.8,92.6,95.35,34970,649155
2026-03-25 15:17:00+05:30,95.2,95.65,92.8,94.85,45305,613795
2026-03-25 15:18:00+05:30,95.0,96.8,94.6,95.5,32110,613795
2026-03-25 15:19:00+05:30,95.5,96.95,95.15,96.5,45500,613795
2026-03-25 15:20:00+05:30,96.45,97.6,95.7,96.1,45435,612820
2026-03-25 15:21:00+05:30,95.8,96.75,94.95,96.45,25025,612820
2026-03-25 15:22:00+05:30,96.45,98.5,93.75,98.25,50245,612820
2026-03-25 15:23:00+05:30,98.5,98.6,96.9,96.9,60125,590395
2026-03-25 15:24:00+05:30,96.85,97.75,96.0,96.9,41990,590395
2026-03-25 15:25:00+05:30,96.5,97.0,95.35,96.6,46735,590395
2026-03-25 15:26:00+05:30,96.35,96.35,93.0,94.8,71435,594035
2026-03-25 15:27:00+05:30,94.8,95.25,92.8,95.25,36010,594035
2026-03-25 15:28:00+05:30,94.8,95.15,92.55,93.3,40950,594035
2026-03-25 15:29:00+05:30,93.3,97.0,93.05,93.9,75855,566930
2026-03-27 09:15:00+05:30,85.0,114.55,82.4,111.85,570115,562575
2026-03-27 09:16:00+05:30,111.9,120.9,104.6,105.0,389740,699725
2026-03-27 09:17:00+05:30,105.45,112.95,104.45,111.9,256230,699725
2026-03-27 09:18:00+05:30,111.9,119.1,111.7,118.95,296400,699725
2026-03-27 09:19:00+05:30,118.7,119.7,112.4,112.85,220740,915460
2026-03-27 09:20:00+05:30,113.05,118.35,111.65,114.75,174915,915460
2026-03-27 09:21:00+05:30,114.6,115.8,107.25,108.3,171015,915460
2026-03-27 09:22:00+05:30,108.3,112.0,106.8,110.75,109525,1008605
2026-03-27 09:23:00+05:30,110.9,113.45,108.55,108.95,92430,1008605
2026-03-27 09:24:00+05:30,109.4,115.4,108.0,114.45,120120,1008605
2026-03-27 09:25:00+05:30,114.5,116.9,112.45,112.5,138840,1047410
2026-03-27 09:26:00+05:30,112.75,116.0,110.45,114.1,87360,1047410
2026-03-27 09:27:00+05:30,114.0,116.3,113.4,115.5,71695,1047410
2026-03-27 09:28:00+05:30,116.0,118.15,113.7,115.55,115115,1094210
2026-03-27 09:29:00+05:30,115.85,118.2,115.15,117.45,93405,1094210
2026-03-27 09:30:00+05:30,117.35,124.9,117.15,123.15,348790,1094210
2026-03-27 09:31:00+05:30,123.2,123.5,119.05,119.15,138255,1085955
2026-03-27 09:32:00+05:30,119.15,119.75,113.95,119.15,167375,1085955
2026-03-27 09:33:00+05:30,118.95,123.25,118.85,123.25,107055,1085955
2026-03-27 09:34:00+05:30,123.05,128.75,122.4,128.05,293150,1115140
2026-03-27 09:35:00+05:30,128.1,131.95,127.4,130.55,320775,1115140
2026-03-27 09:36:00+05:30,130.6,131.15,125.9,127.9,171860,1115140
2026-03-27 09:37:00+05:30,127.75,133.5,126.55,132.4,165815,1135550
2026-03-27 09:38:00+05:30,132.65,134.7,130.25,132.25,112710,1135550
2026-03-27 09:39:00+05:30,132.55,134.45,127.5,127.5,148395,1135550
2026-03-27 09:40:00+05:30,127.4,128.8,122.05,126.75,203190,1122745
2026-03-27 09:41:00+05:30,126.45,127.3,123.0,125.35,76700,1122745
2026-03-27 09:42:00+05:30,125.4,127.0,121.2,121.6,86125,1122745
2026-03-27 09:43:00+05:30,121.55,122.25,116.45,117.55,142220,1151930
2026-03-27 09:44:00+05:30,117.85,119.75,116.2,117.5,117910,1151930
2026-03-27 09:45:00+05:30,117.7,123.05,116.65,122.7,156325,1151930
2026-03-27 09:46:00+05:30,122.85,124.7,121.25,122.8,156520,1228630
2026-03-27 09:47:00+05:30,122.55,125.3,120.65,121.0,108550,1228630
2026-03-27 09:48:00+05:30,121.15,123.75,118.05,120.2,89830,1228630
2026-03-27 09:49:00+05:30,120.8,123.15,118.4,121.75,70785,1238705
2026-03-27 09:50:00+05:30,121.95,124.2,121.65,121.85,80600,1238705
2026-03-27 09:51:00+05:30,122.1,124.65,120.65,121.6,69875,1238705
2026-03-27 09:52:00+05:30,121.5,124.85,119.5,123.35,74165,1277445
2026-03-27 09:53:00+05:30,122.85,127.5,122.05,124.95,88400,1277445
2026-03-27 09:54:00+05:30,124.95,129.3,124.65,129.3,120315,1277445
2026-03-27 09:55:00+05:30,128.85,131.2,127.6,129.75,158860,1268540
2026-03-27 09:56:00+05:30,130.0,131.7,128.25,131.15,112970,1268540
2026-03-27 09:57:00+05:30,131.0,133.55,130.2,133.55,170300,1268540
2026-03-27 09:58:00+05:30,133.35,136.1,132.0,134.15,202475,1292460
2026-03-27 09:59:00+05:30,134.3,135.1,128.9,131.15,158145,1292460
2026-03-27 10:00:00+05:30,131.5,132.95,126.1,127.75,125645,1292460
2026-03-27 10:01:00+05:30,127.2,131.75,126.35,126.9,225680,1353885
2026-03-27 10:02:00+05:30,127.2,127.4,123.05,124.3,104065,1353885
2026-03-27 10:03:00+05:30,124.0,124.55,115.55,120.8,372450,1353885
2026-03-27 10:04:00+05:30,120.8,121.55,115.4,117.95,155155,1214720
2026-03-27 10:05:00+05:30,118.25,122.45,117.4,121.7,117325,1214720
2026-03-27 10:06:00+05:30,121.25,124.65,119.4,123.45,94640,1214720
2026-03-27 10:07:00+05:30,123.55,125.4,121.85,122.4,107120,1258465
2026-03-27 10:08:00+05:30,122.6,125.0,121.2,124.75,51805,1258465
2026-03-27 10:09:00+05:30,124.3,124.6,116.0,118.15,131495,1258465
2026-03-27 10:10:00+05:30,118.3,124.3,118.2,123.9,72345,1265745
2026-03-27 10:11:00+05:30,123.85,127.75,122.25,127.75,91585,1265745
2026-03-27 10:12:00+05:30,127.45,128.25,125.1,126.8,95875,1265745
2026-03-27 10:13:00+05:30,127.05,131.55,126.7,129.8,109265,1274520
2026-03-27 10:14:00+05:30,129.55,132.45,129.05,130.45,94055,1274520
2026-03-27 10:15:00+05:30,130.45,131.55,127.2,129.85,269945,1274520
2026-03-27 10:16:00+05:30,129.65,131.5,126.75,128.35,110110,1373645
2026-03-27 10:17:00+05:30,128.8,130.75,126.8,129.85,50505,1373645
2026-03-27 10:18:00+05:30,130.0,130.65,127.75,130.0,41860,1373645
2026-03-27 10:19:00+05:30,130.1,131.0,126.5,129.8,77220,1355510
2026-03-27 10:20:00+05:30,129.75,130.3,124.55,124.65,110760,1355510
2026-03-27 10:21:00+05:30,124.9,124.9,118.8,122.8,317070,1355510
2026-03-27 10:22:00+05:30,122.8,123.6,119.15,119.45,68770,1215500
2026-03-27 10:23:00+05:30,119.45,121.5,117.8,118.2,55770,1215500
2026-03-27 10:24:00+05:30,118.45,119.05,115.0,116.55,110110,1215500
2026-03-27 10:25:00+05:30,116.7,118.6,115.25,115.85,76830,1241370
2026-03-27 10:26:00+05:30,115.65,120.0,115.25,119.65,74815,1241370
2026-03-27 10:27:00+05:30,119.95,122.5,118.85,120.4,113555,1241370
2026-03-27 10:28:00+05:30,120.05,121.35,117.3,117.4,47385,1287390
2026-03-27 10:29:00+05:30,117.6,120.1,117.05,118.35,46215,1287390
2026-03-27 10:30:00+05:30,118.1,118.5,112.2,113.8,94900,1258140
2026-03-27 10:31:00+05:30,113.55,114.75,108.15,108.5,204815,1258140
2026-03-27 10:32:00+05:30,108.65,112.1,107.6,111.7,193765,1258140
2026-03-27 10:33:00+05:30,111.65,115.7,111.5,114.5,111475,1258140
2026-03-27 10:34:00+05:30,114.8,117.4,114.2,114.65,129480,1201070
2026-03-27 10:35:00+05:30,114.05,116.8,113.05,113.05,86840,1201070
2026-03-27 10:36:00+05:30,113.1,115.2,111.7,114.7,101595,1201070
2026-03-27 10:37:00+05:30,114.85,116.35,113.25,114.3,70850,1262105
2026-03-27 10:38:00+05:30,114.65,115.25,107.1,108.75,134355,1262105
2026-03-27 10:39:00+05:30,108.7,111.7,108.5,109.9,59735,1262105
2026-03-27 10:40:00+05:30,110.25,116.1,110.0,115.4,77025,1259050
2026-03-27 10:41:00+05:30,115.6,116.8,114.3,116.4,75335,1259050
2026-03-27 10:42:00+05:30,116.4,119.7,114.05,115.6,122980,1259050
2026-03-27 10:43:00+05:30,115.35,118.9,113.55,117.25,56940,1290445
2026-03-27 10:44:00+05:30,117.4,119.3,116.7,119.3,66495,1290445
2026-03-27 10:45:00+05:30,119.05,122.8,118.3,121.85,108290,1290445
2026-03-27 10:46:00+05:30,121.8,124.2,120.05,123.8,123500,1299610
2026-03-27 10:47:00+05:30,123.8,124.5,120.85,121.35,112385,1299610
2026-03-27 10:48:00+05:30,121.25,122.5,117.35,117.8,133120,1299610
2026-03-27 10:49:00+05:30,117.55,122.35,117.3,122.0,58305,1327040
2026-03-27 10:50:00+05:30,121.95,123.9,120.9,122.8,89050,1327040
2026-03-27 10:51:00+05:30,122.85,126.0,121.45,124.6,89375,1327040
2026-03-27 10:52:00+05:30,124.3,125.9,122.4,123.9,78325,1313845
2026-03-27 10:53:00+05:30,123.7,127.2,121.7,125.8,102050,1313845
2026-03-27 10:54:00+05:30,125.85,131.15,125.5,129.95,145665,1313845
2026-03-27 10:55:00+05:30,129.7,131.7,125.55,126.3,194805,1256905
2026-03-27 10:56:00+05:30,126.65,126.75,123.0,123.2,110890,1256905
2026-03-27 10:57:00+05:30,123.2,128.8,123.0,126.5,80665,1256905
2026-03-27 10:58:00+05:30,126.15,126.55,121.8,122.55,90025,1270880
2026-03-27 10:59:00+05:30,122.55,124.5,121.0,121.45,72020,1270880
2026-03-27 11:00:00+05:30,121.6,122.6,114.3,115.6,164905,1270880
2026-03-27 11:01:00+05:30,115.7,118.5,112.0,114.35,114010,1250925
2026-03-27 11:02:00+05:30,114.45,115.6,112.45,115.3,50375,1250925
2026-03-27 11:03:00+05:30,115.3,122.25,114.95,120.2,156065,1250925
2026-03-27 11:04:00+05:30,120.15,121.05,115.9,117.65,64675,1255605
2026-03-27 11:05:00+05:30,117.4,119.85,116.65,116.7,46800,1255605
2026-03-27 11:06:00+05:30,116.4,118.65,115.7,116.45,43615,1254500
2026-03-27 11:07:00+05:30,116.6,116.9,113.25,115.4,52130,1254500
2026-03-27 11:08:00+05:30,115.5,116.75,113.65,115.15,33345,1254500
2026-03-27 11:09:00+05:30,115.7,115.8,112.0,112.45,38610,1254500
2026-03-27 11:10:00+05:30,113.0,115.0,111.15,115.0,63700,1247610
2026-03-27 11:11:00+05:30,114.95,115.8,113.0,114.0,37375,1247610
2026-03-27 11:12:00+05:30,114.25,117.85,114.25,115.2,64350,1247610
2026-03-27 11:13:00+05:30,115.1,117.55,113.55,114.25,38155,1272310
2026-03-27 11:14:00+05:30,114.35,116.9,113.8,114.2,37635,1272310
2026-03-27 11:15:00+05:30,114.25,116.35,113.5,115.2,34515,1272310
2026-03-27 11:16:00+05:30,115.15,115.6,111.6,113.9,47710,1278225
2026-03-27 11:17:00+05:30,113.85,116.0,113.45,115.35,45175,1278225
2026-03-27 11:18:00+05:30,115.25,120.0,114.7,119.6,78520,1278225
2026-03-27 11:19:00+05:30,119.65,121.75,118.95,119.0,123305,1319240
2026-03-27 11:20:00+05:30,118.85,121.0,117.95,118.25,69225,1319240
2026-03-27 11:21:00+05:30,118.3,121.4,118.3,120.95,53105,1319240
2026-03-27 11:22:00+05:30,121.0,121.9,118.4,120.05,54925,1345630
2026-03-27 11:23:00+05:30,120.1,123.0,119.1,122.55,78260,1345630
2026-03-27 11:24:00+05:30,122.55,124.3,120.7,123.35,94575,1345630
2026-03-27 11:25:00+05:30,123.25,126.95,122.25,125.45,170105,1282060
2026-03-27 11:26:00+05:30,125.5,127.75,122.95,123.8,132470,1282060
2026-03-27 11:27:00+05:30,123.8,126.0,120.0,126.0,114855,1219075
2026-03-27 11:28:00+05:30,126.0,130.7,125.9,129.5,212030,1219075
2026-03-27 11:29:00+05:30,129.55,132.8,128.35,128.7,153660,1219075
2026-03-27 11:30:00+05:30,128.7,130.95,126.6,128.6,156520,1219075
2026-03-27 11:31:00+05:30,128.75,130.05,127.75,129.6,44135,1213485
2026-03-27 11:32:00+05:30,129.8,133.5,128.75,128.75,154050,1213485
2026-03-27 11:33:00+05:30,128.9,129.4,123.85,125.2,151970,1213485
2026-03-27 11:34:00+05:30,125.6,130.55,125.3,129.15,80015,1151345
2026-03-27 11:35:00+05:30,129.15,129.15,125.0,126.55,52975,1151345
2026-03-27 11:36:00+05:30,126.6,128.4,122.25,125.0,87360,1151345
2026-03-27 11:37:00+05:30,124.65,125.2,118.8,122.3,135395,1183715
2026-03-27 11:38:00+05:30,122.2,124.7,120.4,120.4,70200,1183715
2026-03-27 11:39:00+05:30,120.4,121.1,117.75,120.15,67470,1183715
2026-03-27 11:40:00+05:30,120.2,121.6,116.7,116.75,73320,1164085
2026-03-27 11:41:00+05:30,116.95,122.15,116.65,121.7,46345,1164085
2026-03-27 11:42:00+05:30,121.7,123.9,121.0,123.2,65130,1164085
2026-03-27 11:43:00+05:30,123.4,127.0,123.15,123.15,104195,1187745
2026-03-27 11:44:00+05:30,123.2,123.45,117.5,118.15,98410,1187745
2026-03-27 11:45:00+05:30,118.55,120.9,118.45,120.8,60775,1187745
2026-03-27 11:46:00+05:30,120.75,121.3,116.3,118.4,66430,1213290
2026-03-27 11:47:00+05:30,118.5,121.0,118.25,120.7,43615,1213290
2026-03-27 11:48:00+05:30,120.6,121.6,117.4,117.4,54340,1213290
2026-03-27 11:49:00+05:30,117.55,121.0,117.3,119.6,35815,1245075
2026-03-27 11:50:00+05:30,119.45,120.9,117.65,118.3,36010,1245075
2026-03-27 11:51:00+05:30,118.1,119.7,117.15,119.4,40040,1245075
2026-03-27 11:52:00+05:30,119.55,120.3,117.7,118.65,38220,1248390
2026-03-27 11:53:00+05:30,118.9,119.65,113.95,115.0,99710,1248390
2026-03-27 11:54:00+05:30,115.35,117.0,114.5,116.3,58890,1248390
2026-03-27 11:55:00+05:30,116.1,120.4,116.0,118.75,53625,1248390
2026-03-27 11:56:00+05:30,118.95,123.4,118.2,120.4,97695,1246830
2026-03-27 11:57:00+05:30,120.7,123.0,120.15,121.1,62400,1246830
2026-03-27 11:58:00+05:30,121.35,123.25,120.4,122.65,53560,1246830
2026-03-27 11:59:00+05:30,122.4,122.9,119.45,121.9,52325,1273155
2026-03-27 12:00:00+05:30,122.0,125.5,121.85,125.0,105560,1273155
2026-03-27 12:01:00+05:30,124.85,127.0,123.7,127.0,67275,1238575
2026-03-27 12:02:00+05:30,127.0,131.2,127.0,128.35,217360,1238575
2026-03-27 12:03:00+05:30,128.55,129.1,121.15,123.6,134420,1238575
2026-03-27 12:04:00+05:30,123.2,123.55,119.15,123.05,90675,1238575
2026-03-27 12:05:00+05:30,122.85,124.0,121.35,122.45,57070,1217515
2026-03-27 12:06:00+05:30,122.45,124.35,121.3,121.6,51740,1217515
2026-03-27 12:07:00+05:30,121.6,122.85,118.1,118.2,90350,1217515
2026-03-27 12:08:00+05:30,118.2,120.05,116.25,119.8,139815,1248520
2026-03-27 12:09:00+05:30,119.7,121.25,118.7,121.0,65000,1248520
2026-03-27 12:10:00+05:30,121.2,122.8,120.35,121.6,77090,1248520
2026-03-27 12:11:00+05:30,121.6,124.95,121.6,123.75,108355,1265485
2026-03-27 12:12:00+05:30,123.95,124.0,118.3,119.95,88790,1265485
2026-03-27 12:13:00+05:30,119.8,121.85,119.05,121.7,41275,1265485
2026-03-27 12:14:00+05:30,122.0,122.95,121.25,122.25,38545,1248000
2026-03-27 12:15:00+05:30,122.35,123.95,120.65,121.15,60840,1248000
2026-03-27 12:16:00+05:30,121.85,124.0,121.5,123.8,50050,1248000
2026-03-27 12:17:00+05:30,124.0,127.15,123.75,124.75,100555,1247870
2026-03-27 12:18:00+05:30,124.65,131.0,124.1,127.7,174330,1247870
2026-03-27 12:19:00+05:30,127.8,130.0,126.15,128.3,114075,1217060
2026-03-27 12:20:00+05:30,128.0,130.75,126.85,128.75,128635,1217060
2026-03-27 12:21:00+05:30,128.65,128.95,121.2,121.4,126295,1217060
2026-03-27 12:22:00+05:30,121.25,124.7,121.0,123.75,61620,1217060
2026-03-27 12:23:00+05:30,123.65,124.3,121.0,124.05,42120,1185860
2026-03-27 12:24:00+05:30,124.0,124.2,119.1,119.15,65845,1185860
2026-03-27 12:25:00+05:30,119.15,121.8,117.25,117.3,101985,1185860
2026-03-27 12:26:00+05:30,117.2,117.2,112.3,113.95,187590,1196975
2026-03-27 12:27:00+05:30,114.05,114.9,109.15,109.4,138385,1196975
2026-03-27 12:28:00+05:30,109.5,112.0,109.1,111.6,126880,1196975
2026-03-27 12:29:00+05:30,111.6,112.65,108.1,109.7,116220,1247220
2026-03-27 12:30:00+05:30,109.5,114.4,109.5,114.4,78715,1247220
2026-03-27 12:31:00+05:30,114.1,115.75,113.65,115.3,108810,1247220
2026-03-27 12:32:00+05:30,114.95,119.45,114.85,116.35,122330,1253265
2026-03-27 12:33:00+05:30,116.35,116.9,113.55,114.45,73255,1253265
2026-03-27 12:34:00+05:30,114.4,114.7,111.65,112.45,58955,1253265
2026-03-27 12:35:00+05:30,112.45,114.4,110.45,111.05,54015,1240200
2026-03-27 12:36:00+05:30,110.85,114.1,110.4,112.75,49205,1240200
2026-03-27 12:37:00+05:30,112.55,114.2,112.2,114.2,34775,1240200
2026-03-27 12:38:00+05:30,114.25,116.4,113.8,115.1,74425,1249885
2026-03-27 12:39:00+05:30,115.1,116.0,113.4,114.65,33605,1249885
2026-03-27 12:40:00+05:30,114.9,117.8,114.0,117.15,79755,1249885
2026-03-27 12:41:00+05:30,117.15,119.45,115.7,116.2,91715,1252160
2026-03-27 12:42:00+05:30,115.95,116.7,112.0,112.0,75985,1252160
2026-03-27 12:43:00+05:30,112.0,115.95,111.95,115.7,36920,1252160
2026-03-27 12:44:00+05:30,115.25,116.0,112.6,112.6,43485,1255800
2026-03-27 12:45:00+05:30,112.95,116.6,112.55,114.4,49790,1255800
2026-03-27 12:46:00+05:30,114.2,118.4,113.5,115.75,64285,1255800
2026-03-27 12:47:00+05:30,115.6,117.5,113.95,114.05,49530,1245660
2026-03-27 12:48:00+05:30,114.15,114.8,112.5,113.8,42510,1245660
2026-03-27 12:49:00+05:30,113.85,114.5,112.25,113.65,23790,1245660
2026-03-27 12:50:00+05:30,113.0,113.4,107.65,109.15,151710,1267240
2026-03-27 12:51:00+05:30,109.5,113.75,109.1,113.1,74035,1267240
2026-03-27 12:52:00+05:30,112.8,115.95,112.55,115.95,70785,1240655
2026-03-27 12:53:00+05:30,116.0,117.5,111.75,112.05,129350,1240655
2026-03-27 12:54:00+05:30,112.05,114.1,109.5,112.15,123110,1240655
2026-03-27 12:55:00+05:30,112.1,112.45,110.2,112.05,36075,1240655
2026-03-27 12:56:00+05:30,111.7,111.85,109.35,109.75,41275,1267695
2026-03-27 12:57:00+05:30,109.5,111.0,107.4,110.2,98995,1267695
2026-03-27 12:58:00+05:30,110.55,116.2,110.35,113.85,74425,1267695
2026-03-27 12:59:00+05:30,113.7,116.7,113.1,114.65,61165,1243970
2026-03-27 13:00:00+05:30,114.6,116.35,112.2,115.0,64545,1243970
2026-03-27 13:01:00+05:30,115.05,117.3,114.3,115.85,55640,1243970
2026-03-27 13:02:00+05:30,115.95,117.2,115.45,116.25,41340,1249235
2026-03-27 13:03:00+05:30,116.6,121.3,116.6,119.1,213980,1249235
2026-03-27 13:04:00+05:30,119.3,122.65,118.85,122.3,119145,1249235
2026-03-27 13:05:00+05:30,122.25,122.8,119.7,121.0,98150,1202630
2026-03-27 13:06:00+05:30,120.95,121.7,118.7,120.45,60840,1202630
2026-03-27 13:07:00+05:30,120.2,122.15,117.45,120.55,69225,1202630
2026-03-27 13:08:00+05:30,120.5,122.1,118.8,119.7,54275,1198535
2026-03-27 13:09:00+05:30,119.4,122.8,119.3,121.0,55965,1198535
2026-03-27 13:10:00+05:30,120.8,122.8,118.0,122.6,107835,1198535
2026-03-27 13:11:00+05:30,122.15,123.3,120.2,122.1,74555,1230190
2026-03-27 13:12:00+05:30,121.8,122.2,116.05,117.8,134355,1230190
2026-03-27 13:13:00+05:30,118.0,119.75,115.2,115.85,61165,1230190
2026-03-27 13:14:00+05:30,115.8,115.85,111.45,112.5,119210,1234220
2026-03-27 13:15:00+05:30,112.85,115.7,112.3,112.9,114530,1234220
2026-03-27 13:16:00+05:30,112.85,113.3,105.6,107.05,188760,1234220
2026-03-27 13:17:00+05:30,107.2,107.6,95.1,100.45,439010,1181245
2026-03-27 13:18:00+05:30,100.55,106.7,100.45,105.55,138255,1181245
2026-03-27 13:19:00+05:30,105.7,106.25,102.6,103.8,99515,1181245
2026-03-27 13:20:00+05:30,104.1,108.85,104.1,107.55,89830,1179165
2026-03-27 13:21:00+05:30,107.9,109.3,106.65,108.6,109265,1179165
2026-03-27 13:22:00+05:30,109.1,111.1,107.25,107.25,108875,1179165
2026-03-27 13:23:00+05:30,107.3,108.75,106.1,106.9,57785,1198470
2026-03-27 13:24:00+05:30,106.9,108.75,106.5,108.6,48685,1198470
2026-03-27 13:25:00+05:30,108.05,108.75,105.15,105.15,66885,1198470
2026-03-27 13:26:00+05:30,105.4,106.05,102.3,104.55,85865,1193400
2026-03-27 13:27:00+05:30,104.6,107.6,103.6,107.6,64285,1193400
2026-03-27 13:28:00+05:30,107.75,109.95,106.6,109.55,84890,1193400
2026-03-27 13:29:00+05:30,109.8,113.5,109.55,113.4,125710,1214915
2026-03-27 13:30:00+05:30,112.95,118.0,112.5,114.3,227435,1214915
2026-03-27 13:31:00+05:30,114.05,116.9,111.6,115.0,120185,1214915
2026-03-27 13:32:00+05:30,115.1,120.0,114.55,119.75,152035,1187485
2026-03-27 13:33:00+05:30,119.9,121.05,115.25,115.95,149370,1187485
2026-03-27 13:34:00+05:30,115.95,118.0,113.6,117.55,69680,1187485
2026-03-27 13:35:00+05:30,117.45,121.2,117.3,119.5,122720,1202045
2026-03-27 13:36:00+05:30,119.2,119.4,113.9,114.35,85085,1202045
2026-03-27 13:37:00+05:30,114.35,121.15,113.8,121.15,93340,1202045
2026-03-27 13:38:00+05:30,120.95,123.8,120.7,121.0,143650,1194245
2026-03-27 13:39:00+05:30,121.1,125.0,121.1,124.05,134810,1194245
2026-03-27 13:40:00+05:30,124.5,125.2,117.0,118.05,150995,1194245
2026-03-27 13:41:00+05:30,117.75,120.3,115.5,117.2,66170,1190605
2026-03-27 13:42:00+05:30,117.75,119.45,113.4,113.7,80535,1190605
2026-03-27 13:43:00+05:30,113.7,115.7,110.1,115.7,149110,1190605
2026-03-27 13:44:00+05:30,115.65,118.9,115.1,116.6,101465,1186055
2026-03-27 13:45:00+05:30,116.0,116.8,112.75,115.3,64935,1186055
2026-03-27 13:46:00+05:30,115.05,117.45,114.35,117.45,58305,1186055
2026-03-27 13:47:00+05:30,117.2,118.4,114.6,117.5,75530,1229475
2026-03-27 13:48:00+05:30,117.3,117.55,115.0,115.7,30225,1229475
2026-03-27 13:49:00+05:30,115.95,119.4,114.3,119.0,74555,1229475
2026-03-27 13:50:00+05:30,118.9,119.45,116.75,116.8,51675,1233180
2026-03-27 13:51:00+05:30,116.5,117.3,111.15,112.2,104910,1233180
2026-03-27 13:52:00+05:30,112.2,114.95,112.2,113.4,45370,1233180
2026-03-27 13:53:00+05:30,113.35,116.5,112.9,115.75,53300,1245400
2026-03-27 13:54:00+05:30,115.75,116.9,114.6,116.2,36400,1245400
2026-03-27 13:55:00+05:30,116.2,119.35,113.25,118.2,70330,1245400
2026-03-27 13:56:00+05:30,117.85,118.95,116.1,116.4,48360,1241435
2026-03-27 13:57:00+05:30,116.65,117.45,115.05,116.7,26650,1241435
2026-03-27 13:58:00+05:30,116.0,121.75,114.3,121.15,90870,1241435
2026-03-27 13:59:00+05:30,120.9,122.25,114.7,117.3,97955,1242280
2026-03-27 14:00:00+05:30,117.0,119.75,115.65,118.7,49660,1242280
2026-03-27 14:01:00+05:30,118.9,120.05,117.15,117.7,39195,1242280
2026-03-27 14:02:00+05:30,117.35,117.95,113.4,114.15,91260,1238900
2026-03-27 14:03:00+05:30,114.55,117.05,113.0,115.95,69355,1238900
2026-03-27 14:04:00+05:30,116.0,118.4,114.65,117.0,53885,1238900
2026-03-27 14:05:00+05:30,117.1,121.0,113.55,120.1,80600,1253005
2026-03-27 14:06:00+05:30,119.9,126.0,119.85,122.85,232440,1253005
2026-03-27 14:07:00+05:30,122.8,127.0,121.6,125.35,180050,1253005
2026-03-27 14:08:00+05:30,125.3,128.45,123.8,126.4,131170,1226680
2026-03-27 14:09:00+05:30,126.6,126.85,120.15,120.55,125905,1226680
2026-03-27 14:10:00+05:30,120.55,127.4,120.0,126.65,139620,1226680
2026-03-27 14:11:00+05:30,126.35,131.6,125.5,125.5,260520,1200225
2026-03-27 14:12:00+05:30,125.6,126.0,120.6,122.75,149110,1200225
2026-03-27 14:13:00+05:30,123.0,123.75,118.1,120.2,132665,1200225
2026-03-27 14:14:00+05:30,120.25,120.4,116.4,118.2,89960,1202370
2026-03-27 14:15:00+05:30,118.5,120.25,116.15,116.55,56875,1202370
2026-03-27 14:16:00+05:30,116.9,121.8,116.25,121.65,78455,1202370
2026-03-27 14:17:00+05:30,121.7,122.9,119.35,122.4,67925,1212315
2026-03-27 14:18:00+05:30,122.4,122.6,120.1,121.8,81315,1212315
2026-03-27 14:19:00+05:30,121.4,127.7,121.4,127.0,140465,1205880
2026-03-27 14:20:00+05:30,127.0,127.1,122.6,123.8,100100,1205880
2026-03-27 14:21:00+05:30,123.75,127.25,123.75,127.0,79560,1205880
2026-03-27 14:22:00+05:30,127.05,131.6,126.45,129.75,163475,1205880
2026-03-27 14:23:00+05:30,129.8,133.65,127.35,128.55,208390,1171560
2026-03-27 14:24:00+05:30,128.05,131.85,127.05,130.4,89700,1171560
2026-03-27 14:25:00+05:30,130.15,130.7,125.25,126.0,112905,1171560
2026-03-27 14:26:00+05:30,125.95,134.0,125.85,132.85,140010,1163435
2026-03-27 14:27:00+05:30,132.6,134.45,126.0,128.2,213265,1163435
2026-03-27 14:28:00+05:30,128.1,129.35,125.95,126.45,101790,1163435
2026-03-27 14:29:00+05:30,126.55,128.95,125.15,128.95,62660,1196780
2026-03-27 14:30:00+05:30,128.45,129.95,127.0,128.25,65585,1196780
2026-03-27 14:31:00+05:30,128.1,133.9,126.6,133.75,79755,1196780
2026-03-27 14:32:00+05:30,134.0,136.0,128.8,131.25,199095,1176630
2026-03-27 14:33:00+05:30,131.05,133.95,130.7,132.9,130195,1176630
2026-03-27 14:34:00+05:30,132.45,139.6,132.1,137.2,327730,1176630
2026-03-27 14:35:00+05:30,137.1,141.3,133.1,138.85,288340,1107080
2026-03-27 14:36:00+05:30,138.7,151.75,137.0,147.2,423865,1107080
2026-03-27 14:37:00+05:30,147.1,154.3,145.0,146.55,398645,1107080
2026-03-27 14:38:00+05:30,146.25,150.85,142.0,149.4,251940,1090830
2026-03-27 14:39:00+05:30,149.6,152.5,147.7,149.85,227045,1090830
2026-03-27 14:40:00+05:30,150.25,153.8,146.5,152.4,232570,1090830
2026-03-27 14:41:00+05:30,152.7,153.0,144.0,145.85,257075,1147770
2026-03-27 14:42:00+05:30,145.35,145.95,137.25,137.3,265720,1147770
2026-03-27 14:43:00+05:30,137.3,138.8,134.0,135.0,138515,1147770
2026-03-27 14:44:00+05:30,135.45,143.0,135.0,141.9,190710,1167530
2026-03-27 14:45:00+05:30,141.95,142.6,138.5,138.5,159705,1167530
2026-03-27 14:46:00+05:30,138.65,143.5,138.2,143.3,95810,1167530
2026-03-27 14:47:00+05:30,144.0,146.15,141.8,143.5,197535,1150630
2026-03-27 14:48:00+05:30,143.65,145.45,138.7,141.5,143000,1150630
2026-03-27 14:49:00+05:30,141.75,142.0,139.5,141.4,50050,1150630
2026-03-27 14:50:00+05:30,141.85,143.6,140.4,141.45,47645,1164410
2026-03-27 14:51:00+05:30,141.25,142.5,135.0,136.6,160290,1164410
2026-03-27 14:52:00+05:30,136.0,140.0,135.65,138.8,81705,1179620
2026-03-27 14:53:00+05:30,138.8,142.35,135.85,141.75,99320,1179620
2026-03-27 14:54:00+05:30,141.95,142.55,136.8,137.65,132275,1179620
2026-03-27 14:55:00+05:30,137.4,140.1,135.5,137.9,93860,1179620
2026-03-27 14:56:00+05:30,137.7,139.85,133.0,135.2,138385,1177410
2026-03-27 14:57:00+05:30,135.5,141.95,135.4,138.55,209755,1177410
2026-03-27 14:58:00+05:30,138.15,141.6,137.75,141.55,114660,1177410
2026-03-27 14:59:00+05:30,141.9,142.0,138.0,140.8,83980,1183455
2026-03-27 15:00:00+05:30,140.95,147.4,136.0,140.4,366210,1183455
2026-03-27 15:01:00+05:30,140.05,146.7,138.0,141.5,315185,1183455
2026-03-27 15:02:00+05:30,141.3,142.25,132.0,133.8,233090,1147055
2026-03-27 15:03:00+05:30,134.05,140.6,133.9,139.95,135460,1147055
2026-03-27 15:04:00+05:30,140.05,140.5,134.6,136.5,123045,1147055
2026-03-27 15:05:00+05:30,136.3,141.8,135.35,140.85,109395,1136135
2026-03-27 15:06:00+05:30,141.0,142.05,138.5,139.65,128635,1136135
2026-03-27 15:07:00+05:30,140.15,146.95,138.4,142.5,182780,1136135
2026-03-27 15:08:00+05:30,142.65,143.25,138.15,140.1,106080,1099995
2026-03-27 15:09:00+05:30,139.6,141.95,139.0,140.2,67600,1099995
2026-03-27 15:10:00+05:30,140.2,141.85,136.0,140.0,141375,1099995
2026-03-27 15:11:00+05:30,140.2,142.6,139.1,140.0,87295,1066715
2026-03-27 15:12:00+05:30,140.2,143.6,140.15,142.35,106015,1066715
2026-03-27 15:13:00+05:30,142.55,143.8,138.3,140.4,115050,1062685
2026-03-27 15:14:00+05:30,140.3,142.05,138.6,138.9,83785,1062685
2026-03-27 15:15:00+05:30,138.75,144.25,138.75,141.7,207025,1062685
2026-03-27 15:16:00+05:30,141.75,144.45,140.3,140.75,117585,1062685
2026-03-27 15:17:00+05:30,141.35,141.75,139.2,141.1,142805,1062685
2026-03-27 15:18:00+05:30,141.35,143.0,140.65,141.25,101140,981760
2026-03-27 15:19:00+05:30,141.7,141.8,137.4,138.95,118885,981760
2026-03-27 15:20:00+05:30,139.1,142.0,138.25,139.6,146705,981760
2026-03-27 15:21:00+05:30,139.7,140.85,138.0,139.45,82355,928980
2026-03-27 15:22:00+05:30,139.15,141.55,138.85,140.15,149955,928980
2026-03-27 15:23:00+05:30,140.3,141.15,139.5,139.9,63505,928980
2026-03-27 15:24:00+05:30,139.7,141.0,139.15,140.0,102505,874965
2026-03-27 15:25:00+05:30,140.1,140.55,138.75,139.35,234130,874965
2026-03-27 15:26:00+05:30,139.3,139.9,138.2,139.4,201890,874965
2026-03-27 15:27:00+05:30,139.35,140.45,139.05,139.55,125385,929305
2026-03-27 15:28:00+05:30,139.4,139.95,137.15,139.95,153595,929305
2026-03-27 15:29:00+05:30,139.75,147.5,139.4,143.15,253500,929305
2026-03-30 09:15:00+05:30,180.1,239.8,140.45,226.4,1389245,768365
2026-03-30 09:16:00+05:30,225.6,227.9,195.55,217.05,470340,852670
2026-03-30 09:17:00+05:30,216.15,220.0,198.0,199.85,306865,852670
2026-03-30 09:18:00+05:30,199.7,207.0,188.0,201.65,385580,852670
2026-03-30 09:19:00+05:30,201.35,210.6,195.0,195.75,316810,1029730
2026-03-30 09:20:00+05:30,195.45,212.1,194.5,205.35,313235,1029730
2026-03-30 09:21:00+05:30,205.25,212.0,200.95,201.6,231140,1029730
2026-03-30 09:22:00+05:30,201.55,202.95,178.35,191.45,453895,1229605
2026-03-30 09:23:00+05:30,191.4,191.75,183.0,186.25,209690,1229605
2026-03-30 09:24:00+05:30,186.05,200.2,181.5,192.4,322985,1229605
2026-03-30 09:25:00+05:30,193.65,202.5,186.0,188.55,206765,1407770
2026-03-30 09:26:00+05:30,187.9,188.3,174.95,182.8,296855,1407770
2026-03-30 09:27:00+05:30,183.15,195.0,181.25,192.55,224055,1407770
2026-03-30 09:28:00+05:30,193.65,197.8,176.9,178.05,284960,1529125
2026-03-30 09:29:00+05:30,177.75,178.0,153.7,159.25,748800,1529125
2026-03-30 09:30:00+05:30,159.15,163.0,143.95,160.35,599560,1529125
2026-03-30 09:31:00+05:30,160.4,160.65,136.85,138.8,655655,1755260
2026-03-30 09:32:00+05:30,138.2,139.15,127.0,134.5,1002495,1755260
2026-03-30 09:33:00+05:30,134.2,140.2,131.3,134.1,805480,2571140
2026-03-30 09:34:00+05:30,133.9,135.0,109.8,112.25,1971255,2571140
2026-03-30 09:35:00+05:30,112.55,122.35,111.85,118.25,1672710,2571140
2026-03-30 09:36:00+05:30,118.25,120.8,101.25,102.95,1707095,2571140
2026-03-30 09:37:00+05:30,103.15,112.85,102.65,107.55,1149200,3653195
2026-03-30 09:38:00+05:30,107.55,118.35,104.45,115.05,1109745,3653195
2026-03-30 09:39:00+05:30,115.05,119.2,109.85,115.3,1419275,3653195
2026-03-30 09:40:00+05:30,115.45,124.35,110.75,114.3,1852435,4356365
2026-03-30 09:41:00+05:30,114.0,115.2,102.0,110.35,1285700,4356365
2026-03-30 09:42:00+05:30,109.95,119.4,108.0,118.35,893620,4764435
2026-03-30 09:43:00+05:30,118.4,123.8,112.65,123.0,1126775,4764435
2026-03-30 09:44:00+05:30,122.9,129.4,121.0,123.7,1867125,4764435
2026-03-30 09:45:00+05:30,123.55,124.25,110.3,114.7,1421030,4764435
2026-03-30 09:46:00+05:30,114.6,116.5,107.75,112.45,1026675,5043025
2026-03-30 09:47:00+05:30,112.3,121.3,109.0,118.3,822055,5043025
2026-03-30 09:48:00+05:30,118.5,134.0,118.05,130.4,2442960,5043025
2026-03-30 09:49:00+05:30,130.55,136.7,125.3,131.9,1893905,5465265
2026-03-30 09:50:00+05:30,131.6,140.0,130.0,133.15,1841190,5465265
2026-03-30 09:51:00+05:30,133.2,135.7,112.35,118.7,1954940,5347940
2026-03-30 09:52:00+05:30,118.7,129.5,114.0,126.75,1336725,5347940
2026-03-30 09:53:00+05:30,126.75,132.65,121.25,129.1,1057680,5347940
2026-03-30 09:54:00+05:30,128.95,136.7,125.85,134.7,1171755,5675085
2026-03-30 09:55:00+05:30,134.35,144.5,132.55,142.0,2162420,5675085
2026-03-30 09:56:00+05:30,142.3,142.8,130.75,135.45,1119430,5675085
2026-03-30 09:57:00+05:30,135.8,137.0,125.2,132.65,1134640,5675085
2026-03-30 09:58:00+05:30,132.5,151.0,132.05,144.3,2029690,5342220
2026-03-30 09:59:00+05:30,144.35,145.6,132.3,135.95,1017120,5342220
2026-03-30 10:00:00+05:30,135.95,142.9,134.25,142.0,729885,5342220
2026-03-30 10:01:00+05:30,141.85,142.25,127.65,133.85,833885,5300100
2026-03-30 10:02:00+05:30,133.45,135.4,119.05,121.75,1467180,5300100
2026-03-30 10:03:00+05:30,121.45,123.2,106.4,109.4,1934465,5403775
2026-03-30 10:04:00+05:30,109.45,119.0,108.0,117.45,1311635,5403775
2026-03-30 10:05:00+05:30,117.55,124.35,116.0,121.15,1201915,5403775
2026-03-30 10:06:00+05:30,121.25,130.6,118.4,127.15,1335750,5403775
2026-03-30 10:07:00+05:30,127.05,138.0,127.0,133.8,1167920,5655715
2026-03-30 10:08:00+05:30,133.7,142.65,133.25,137.85,1430390,5655715
2026-03-30 10:09:00+05:30,137.85,146.6,135.6,141.7,1190800,5655715
2026-03-30 10:10:00+05:30,141.55,159.4,140.9,153.0,1940250,5299385
2026-03-30 10:11:00+05:30,153.0,165.9,146.8,164.8,1204060,5299385
2026-03-30 10:12:00+05:30,164.8,165.2,152.4,155.45,1037205,5299385
2026-03-30 10:13:00+05:30,155.45,168.6,153.6,157.05,1302210,4359875
2026-03-30 10:14:00+05:30,156.65,156.65,135.05,138.7,1315795,4359875
2026-03-30 10:15:00+05:30,138.5,151.35,132.2,150.9,1134315,4359875
2026-03-30 10:16:00+05:30,150.7,154.85,144.4,148.9,742430,4140110
2026-03-30 10:17:00+05:30,149.0,158.6,148.4,157.3,728845,4140110
2026-03-30 10:18:00+05:30,157.5,164.15,155.4,161.6,693160,4140110
2026-03-30 10:19:00+05:30,161.95,164.0,156.45,160.1,423020,4054440
2026-03-30 10:20:00+05:30,160.2,164.95,156.3,161.7,439140,4054440
2026-03-30 10:21:00+05:30,161.75,166.5,152.7,158.95,597870,4054440
2026-03-30 10:22:00+05:30,158.65,169.95,154.0,163.95,620815,3904030
2026-03-30 10:23:00+05:30,163.95,176.0,159.25,169.2,873535,3904030
2026-03-30 10:24:00+05:30,169.4,174.25,162.6,168.75,507390,3904030
2026-03-30 10:25:00+05:30,168.65,169.4,156.1,159.35,461500,3629990
2026-03-30 10:26:00+05:30,159.35,164.8,152.1,162.5,467870,3629990
2026-03-30 10:27:00+05:30,162.7,168.6,158.1,165.95,343005,3629990
2026-03-30 10:28:00+05:30,165.95,172.9,161.25,168.8,475930,3519555
2026-03-30 10:29:00+05:30,168.1,174.95,163.25,171.55,292370,3519555
2026-03-30 10:30:00+05:30,171.75,173.95,166.65,168.9,347880,3519555
2026-03-30 10:31:00+05:30,169.2,175.8,166.4,174.8,353275,3391830
2026-03-30 10:32:00+05:30,174.85,179.0,170.25,175.3,526110,3391830
2026-03-30 10:33:00+05:30,175.35,181.0,172.6,180.35,425165,3391830
2026-03-30 10:34:00+05:30,180.45,182.0,170.0,172.05,407810,3099980
2026-03-30 10:35:00+05:30,171.7,172.35,161.15,165.0,460265,3099980
2026-03-30 10:36:00+05:30,165.0,168.2,158.25,167.8,325585,3099980
2026-03-30 10:37:00+05:30,167.6,175.7,162.75,172.15,326495,3020680
2026-03-30 10:38:00+05:30,171.8,173.0,155.2,156.3,374530,3020680
2026-03-30 10:39:00+05:30,156.7,163.2,152.9,161.5,520520,3020680
2026-03-30 10:40:00+05:30,161.45,164.25,151.8,159.25,381615,2996110
2026-03-30 10:41:00+05:30,158.95,174.9,156.8,169.15,516035,2996110
2026-03-30 10:42:00+05:30,169.55,174.0,165.6,170.95,208520,2996110
2026-03-30 10:43:00+05:30,171.15,185.0,169.05,182.25,670735,2868125
2026-03-30 10:44:00+05:30,182.15,184.5,175.4,182.65,305955,2868125
2026-03-30 10:45:00+05:30,182.3,186.55,179.0,179.7,313105,2868125
2026-03-30 10:46:00+05:30,180.0,180.65,167.9,173.25,339105,2736110
2026-03-30 10:47:00+05:30,173.8,182.0,164.25,165.25,364065,2736110
2026-03-30 10:48:00+05:30,165.25,171.65,161.3,170.2,266370,2736110
2026-03-30 10:49:00+05:30,170.0,171.6,163.15,167.35,249405,2799290
2026-03-30 10:50:00+05:30,167.65,170.8,163.9,165.6,196495,2799290
2026-03-30 10:51:00+05:30,165.7,177.75,165.15,173.9,251810,2799290
2026-03-30 10:52:00+05:30,173.7,181.1,169.5,178.05,206895,2785315
2026-03-30 10:53:00+05:30,178.3,200.8,177.4,200.55,673335,2785315
2026-03-30 10:54:00+05:30,200.3,200.3,191.35,194.85,392405,2785315
2026-03-30 10:55:00+05:30,194.25,205.5,193.15,200.7,623675,2321670
2026-03-30 10:56:00+05:30,200.4,204.25,175.15,181.3,568425,2321670
2026-03-30 10:57:00+05:30,181.0,183.8,171.5,177.65,284375,2321670
2026-03-30 10:58:00+05:30,177.65,188.5,177.15,181.3,271700,2294955
2026-03-30 10:59:00+05:30,181.15,198.5,178.2,197.0,229840,2294955
2026-03-30 11:00:00+05:30,197.05,200.0,187.9,194.3,230295,2294955
2026-03-30 11:01:00+05:30,193.75,200.55,193.3,198.6,218335,2240745
2026-03-30 11:02:00+05:30,198.4,199.0,186.15,192.7,250575,2240745
2026-03-30 11:03:00+05:30,192.2,194.8,177.5,178.8,308685,2240745
2026-03-30 11:04:00+05:30,178.8,185.0,176.4,181.95,172835,2269995
2026-03-30 11:05:00+05:30,181.65,186.45,179.45,184.4,110500,2269995
2026-03-30 11:06:00+05:30,184.4,190.6,180.0,182.95,237770,2269995
2026-03-30 11:07:00+05:30,182.9,189.0,181.0,184.75,176800,2264015
2026-03-30 11:08:00+05:30,185.2,197.5,185.0,193.55,225290,2264015
2026-03-30 11:09:00+05:30,193.7,217.0,193.15,213.85,484835,1805830
2026-03-30 11:10:00+05:30,213.45,229.15,206.8,213.1,872170,1805830
2026-03-30 11:11:00+05:30,212.45,223.9,211.3,220.75,257530,1805830
2026-03-30 11:12:00+05:30,221.05,224.05,217.9,222.15,212810,1805830
2026-03-30 11:13:00+05:30,221.6,221.8,201.65,203.45,218530,1725945
2026-03-30 11:14:00+05:30,203.6,214.95,202.6,203.7,152815,1725945
2026-03-30 11:15:00+05:30,203.2,211.85,201.65,211.3,138710,1725945
2026-03-30 11:16:00+05:30,211.0,211.0,197.75,202.15,204815,1759355
2026-03-30 11:17:00+05:30,202.25,209.55,200.4,205.2,78910,1759355
2026-03-30 11:18:00+05:30,204.75,208.0,198.95,200.0,70200,1759355
2026-03-30 11:19:00+05:30,200.2,206.3,193.8,199.1,143195,1783730
2026-03-30 11:20:00+05:30,199.75,207.75,198.1,204.35,108095,1783730
2026-03-30 11:21:00+05:30,204.7,207.15,193.2,196.75,158340,1783730
2026-03-30 11:22:00+05:30,196.8,204.55,196.25,199.55,78650,1810965
2026-03-30 11:23:00+05:30,200.1,205.6,193.2,203.75,130715,1810965
2026-03-30 11:24:00+05:30,203.8,204.15,195.45,198.25,123045,1810965
2026-03-30 11:25:00+05:30,198.0,203.45,196.0,199.25,67080,1826565
2026-03-30 11:26:00+05:30,199.7,211.3,195.85,206.3,172185,1826565
2026-03-30 11:27:00+05:30,205.95,209.5,203.0,208.8,123825,1826565
2026-03-30 11:28:00+05:30,208.2,216.5,206.6,209.85,150930,1808365
2026-03-30 11:29:00+05:30,209.7,214.55,203.3,211.1,95355,1808365
2026-03-30 11:30:00+05:30,211.75,222.0,208.7,211.35,222755,1780740
2026-03-30 11:31:00+05:30,211.5,214.25,193.0,195.15,197925,1780740
2026-03-30 11:32:00+05:30,195.55,196.55,187.7,190.5,234780,1780740
2026-03-30 11:33:00+05:30,190.55,202.05,190.0,195.9,164905,1780740
2026-03-30 11:34:00+05:30,195.8,195.9,176.4,180.85,295555,1780870
2026-03-30 11:35:00+05:30,180.8,181.45,163.35,170.25,358345,1780870
2026-03-30 11:36:00+05:30,169.75,181.5,169.05,169.05,260780,1780870
2026-03-30 11:37:00+05:30,168.8,171.5,156.0,157.4,293345,1859650
2026-03-30 11:38:00+05:30,157.15,164.0,153.4,157.0,243945,1859650
2026-03-30 11:39:00+05:30,157.15,174.65,155.6,169.45,322465,1859650
2026-03-30 11:40:00+05:30,169.5,182.5,166.45,167.5,401765,1917435
2026-03-30 11:41:00+05:30,167.5,180.75,165.1,177.05,183235,1917435
2026-03-30 11:42:00+05:30,176.95,185.2,175.3,184.7,142220,1917435
2026-03-30 11:43:00+05:30,183.85,190.0,180.0,182.25,235300,1917435
2026-03-30 11:44:00+05:30,182.9,192.8,182.45,190.15,167505,1876810
2026-03-30 11:45:00+05:30,190.8,201.9,189.0,200.35,293865,1876810
2026-03-30 11:46:00+05:30,200.6,213.0,194.5,211.45,251615,1876810
2026-03-30 11:47:00+05:30,211.85,216.25,206.85,212.15,270270,1806090
2026-03-30 11:48:00+05:30,211.65,213.45,203.05,208.7,124930,1806090
2026-03-30 11:49:00+05:30,209.25,213.05,205.6,212.2,87880,1806090
2026-03-30 11:50:00+05:30,212.7,217.75,211.1,213.95,176150,1789645
2026-03-30 11:51:00+05:30,213.75,214.75,206.8,212.1,111865,1789645
2026-03-30 11:52:00+05:30,213.0,219.0,208.05,216.05,76375,1789645
2026-03-30 11:53:00+05:30,215.95,217.5,210.5,215.35,93080,1775540
2026-03-30 11:54:00+05:30,216.0,222.3,198.0,199.45,315770,1775540
2026-03-30 11:55:00+05:30,200.4,200.9,185.7,186.15,211770,1775540
2026-03-30 11:56:00+05:30,186.95,204.95,183.7,203.15,224770,1738165
2026-03-30 11:57:00+05:30,203.1,206.0,195.0,198.6,134420,1738165
2026-03-30 11:58:00+05:30,198.7,198.7,188.65,189.1,92950,1771055
2026-03-30 11:59:00+05:30,188.95,195.95,188.75,194.4,117325,1771055
2026-03-30 12:00:00+05:30,194.35,197.35,180.0,181.95,126035,1771055
2026-03-30 12:01:00+05:30,182.75,184.25,169.45,172.65,252525,1771055
2026-03-30 12:02:00+05:30,172.85,175.25,151.45,152.25,333970,1780805
2026-03-30 12:03:00+05:30,152.2,156.55,133.4,142.1,596635,1780805
2026-03-30 12:04:00+05:30,142.1,152.0,140.0,141.55,399880,1780805
2026-03-30 12:05:00+05:30,141.55,144.05,110.45,134.75,1108185,1920100
2026-03-30 12:06:00+05:30,134.65,138.0,116.55,136.15,673205,1920100
2026-03-30 12:07:00+05:30,135.35,140.35,127.7,136.75,413725,1920100
2026-03-30 12:08:00+05:30,136.75,145.0,133.8,143.1,521235,2074865
2026-03-30 12:09:00+05:30,142.85,145.6,133.15,136.3,440635,2074865
2026-03-30 12:10:00+05:30,136.1,140.65,132.4,136.1,245570,2074865
2026-03-30 12:11:00+05:30,135.8,137.45,126.0,134.25,370630,2172950
2026-03-30 12:12:00+05:30,134.45,134.45,121.55,124.3,340470,2172950
2026-03-30 12:13:00+05:30,124.5,135.45,121.8,133.5,346970,2172950
2026-03-30 12:14:00+05:30,133.15,134.45,124.1,130.35,270140,2310230
2026-03-30 12:15:00+05:30,129.95,139.0,121.65,137.05,474175,2310230
2026-03-30 12:16:00+05:30,136.75,139.3,125.4,129.9,387790,2310230
2026-03-30 12:17:00+05:30,129.85,137.8,124.3,135.5,273130,2371525
2026-03-30 12:18:00+05:30,135.55,141.5,130.8,136.45,337025,2371525
2026-03-30 12:19:00+05:30,136.25,138.8,132.85,135.85,260390,2371525
2026-03-30 12:20:00+05:30,135.65,137.45,126.55,131.2,302445,2370095
2026-03-30 12:21:00+05:30,130.8,132.15,110.0,116.95,899210,2370095
2026-03-30 12:22:00+05:30,117.25,132.7,114.1,132.25,496730,2370095
2026-03-30 12:23:00+05:30,132.15,147.05,131.6,145.6,690560,2422615
2026-03-30 12:24:00+05:30,145.9,156.5,140.4,154.45,661570,2422615
2026-03-30 12:25:00+05:30,154.65,161.6,148.65,149.9,512070,2422615
2026-03-30 12:26:00+05:30,149.75,167.2,148.0,165.3,560625,2345720
2026-03-30 12:27:00+05:30,165.45,169.7,154.6,168.9,542880,2345720
2026-03-30 12:28:00+05:30,168.7,173.65,165.3,168.45,338520,2345720
2026-03-30 12:29:00+05:30,168.65,179.0,158.0,158.6,482820,2229240
2026-03-30 12:30:00+05:30,158.7,171.5,158.55,170.9,268905,2229240
2026-03-30 12:31:00+05:30,170.55,173.25,158.1,160.65,205790,2229240
2026-03-30 12:32:00+05:30,160.45,167.0,152.0,164.35,438750,2085265
2026-03-30 12:33:00+05:30,164.05,172.0,162.5,168.0,182325,2085265
2026-03-30 12:34:00+05:30,167.0,168.8,161.0,162.7,168545,2085265
2026-03-30 12:35:00+05:30,162.95,167.65,152.75,157.05,207090,2096380
2026-03-30 12:36:00+05:30,156.85,160.25,148.2,149.6,215410,2096380
2026-03-30 12:37:00+05:30,149.85,150.8,141.2,148.15,364975,2096380
2026-03-30 12:38:00+05:30,147.95,152.8,132.0,132.0,349830,2016820
2026-03-30 12:39:00+05:30,132.0,132.0,116.1,122.8,633945,2016820
2026-03-30 12:40:00+05:30,122.55,127.3,120.25,121.9,321945,2157415
2026-03-30 12:41:00+05:30,121.95,126.2,112.9,119.2,440375,2157415
2026-03-30 12:42:00+05:30,118.85,123.8,114.0,118.95,392145,2157415
2026-03-30 12:43:00+05:30,118.35,128.95,117.2,122.25,415740,2157415
2026-03-30 12:44:00+05:30,122.0,126.85,118.75,126.35,222365,2389010
2026-03-30 12:45:00+05:30,125.9,129.9,122.8,127.05,314275,2389010
2026-03-30 12:46:00+05:30,126.65,138.15,126.35,131.45,573690,2389010
2026-03-30 12:47:00+05:30,131.85,143.0,129.0,137.1,449605,2425150
2026-03-30 12:48:00+05:30,137.5,145.6,134.85,142.55,311025,2425150
2026-03-30 12:49:00+05:30,142.85,148.95,139.6,146.0,382135,2425150
2026-03-30 12:50:00+05:30,146.6,155.6,142.5,148.25,390065,2359305
2026-03-30 12:51:00+05:30,148.6,152.9,143.0,145.0,244075,2359305
2026-03-30 12:52:00+05:30,145.4,167.75,145.25,163.6,528970,2359305
2026-03-30 12:53:00+05:30,163.5,189.9,162.35,183.15,667485,2200770
2026-03-30 12:54:00+05:30,183.1,183.45,167.0,173.4,360490,2200770
2026-03-30 12:55:00+05:30,172.4,178.6,168.9,171.25,242775,2200770
2026-03-30 12:56:00+05:30,170.0,179.6,168.3,177.65,199485,2020265
2026-03-30 12:57:00+05:30,178.35,184.0,167.95,167.95,278005,2020265
2026-03-30 12:58:00+05:30,167.85,176.0,166.0,170.1,154310,2020265
2026-03-30 12:59:00+05:30,169.45,174.85,167.35,169.4,132340,2007850
2026-03-30 13:00:00+05:30,169.55,170.0,163.75,166.9,169910,2007850
2026-03-30 13:01:00+05:30,167.2,178.6,167.15,174.8,245765,2007850
2026-03-30 13:02:00+05:30,174.95,186.6,172.5,183.25,306540,1981785
2026-03-30 13:03:00+05:30,182.8,187.15,176.0,182.4,293475,1981785
2026-03-30 13:04:00+05:30,181.6,183.5,175.7,177.3,151515,1981785
2026-03-30 13:05:00+05:30,177.0,185.7,166.3,170.15,312260,1969955
2026-03-30 13:06:00+05:30,169.5,179.15,167.55,168.7,234325,1969955
2026-03-30 13:07:00+05:30,168.25,179.1,165.0,177.85,209820,1969955
2026-03-30 13:08:00+05:30,177.3,181.55,173.1,175.15,164255,1948570
2026-03-30 13:09:00+05:30,176.4,178.65,170.5,173.55,77155,1948570
2026-03-30 13:10:00+05:30,173.6,178.25,171.6,174.85,95095,1948570
2026-03-30 13:11:00+05:30,175.5,186.2,167.0,172.25,224835,1952210
2026-03-30 13:12:00+05:30,171.35,173.15,159.1,161.4,288730,1952210
2026-03-30 13:13:00+05:30,161.5,185.7,161.1,184.85,325715,1952210
2026-03-30 13:14:00+05:30,185.05,187.55,167.6,171.25,204035,1917565
2026-03-30 13:15:00+05:30,170.9,174.0,163.35,165.7,155480,1917565
2026-03-30 13:16:00+05:30,165.15,169.0,151.0,153.45,299260,1949675
2026-03-30 13:17:00+05:30,153.45,175.85,153.15,174.2,276185,1949675
2026-03-30 13:18:00+05:30,174.8,178.5,165.15,168.45,281450,1949675
2026-03-30 13:19:00+05:30,168.0,179.9,166.95,176.0,142610,1949675
2026-03-30 13:20:00+05:30,174.85,179.4,169.2,173.35,134420,1925430
2026-03-30 13:21:00+05:30,173.15,177.6,164.7,174.3,147875,1925430
2026-03-30 13:22:00+05:30,175.0,177.45,170.5,175.95,84890,1925430
2026-03-30 13:23:00+05:30,175.25,176.5,171.0,173.4,92950,1935115
2026-03-30 13:24:00+05:30,173.6,182.0,170.1,174.9,165880,1935115
2026-03-30 13:25:00+05:30,174.85,193.75,173.2,187.75,352300,1918215
2026-03-30 13:26:00+05:30,188.1,208.6,183.7,201.0,551785,1918215
2026-03-30 13:27:00+05:30,201.25,202.95,185.4,189.05,233025,1918215
2026-03-30 13:28:00+05:30,189.35,200.5,179.0,180.25,340730,1918215
2026-03-30 13:29:00+05:30,180.55,186.2,179.15,182.9,160485,1972880
2026-03-30 13:30:00+05:30,182.55,189.05,180.95,187.55,108030,1972880
2026-03-30 13:31:00+05:30,188.05,199.0,185.55,196.0,164450,1972880
2026-03-30 13:32:00+05:30,195.9,198.35,181.25,195.95,123630,1990430
2026-03-30 13:33:00+05:30,196.0,196.45,186.65,187.9,76310,1990430
2026-03-30 13:34:00+05:30,188.2,190.0,168.25,171.15,188825,1990430
2026-03-30 13:35:00+05:30,171.25,173.8,155.95,164.0,335140,1962350
2026-03-30 13:36:00+05:30,163.25,172.65,162.7,172.1,150410,1962350
2026-03-30 13:37:00+05:30,172.2,182.75,171.7,182.75,225420,1991730
2026-03-30 13:38:00+05:30,183.0,184.6,175.45,179.1,126165,1991730
2026-03-30 13:39:00+05:30,179.1,179.55,159.45,159.9,194155,1991730
2026-03-30 13:40:00+05:30,160.25,164.75,155.7,161.55,208780,1991730
2026-03-30 13:41:00+05:30,162.0,172.05,161.9,171.1,146380,2012205
2026-03-30 13:42:00+05:30,171.8,190.3,171.8,185.4,312065,2012205
2026-03-30 13:43:00+05:30,185.65,202.0,181.1,199.15,300885,1926015
2026-03-30 13:44:00+05:30,198.45,205.25,191.4,193.5,226265,1926015
2026-03-30 13:45:00+05:30,192.75,202.45,187.0,189.8,150215,1926015
2026-03-30 13:46:00+05:30,189.8,192.6,182.25,188.8,131625,1926015
2026-03-30 13:47:00+05:30,188.9,205.5,187.85,194.2,242645,1918150
2026-03-30 13:48:00+05:30,194.3,202.65,193.0,199.2,120705,1918150
2026-03-30 13:49:00+05:30,200.5,213.0,193.35,209.45,188955,1918150
2026-03-30 13:50:00+05:30,208.45,210.65,201.1,203.6,232245,1867580
2026-03-30 13:51:00+05:30,203.1,211.8,197.7,206.9,183625,1867580
2026-03-30 13:52:00+05:30,206.9,226.5,205.3,225.7,186745,1867580
2026-03-30 13:53:00+05:30,226.85,236.0,215.7,229.8,382590,1753180
2026-03-30 13:54:00+05:30,229.15,233.6,223.6,231.5,166400,1753180
2026-03-30 13:55:00+05:30,231.1,233.0,220.0,229.45,173745,1753180
2026-03-30 13:56:00+05:30,229.5,233.0,220.0,226.75,139165,1666990
2026-03-30 13:57:00+05:30,227.1,229.0,206.3,218.2,200070,1666990
2026-03-30 13:58:00+05:30,219.15,224.5,217.25,224.05,96200,1666990
2026-03-30 13:59:00+05:30,224.05,230.9,222.5,223.4,93210,1645215
2026-03-30 14:00:00+05:30,224.95,226.3,211.1,215.25,122850,1645215
2026-03-30 14:01:00+05:30,214.8,215.6,196.0,201.05,180570,1645215
2026-03-30 14:02:00+05:30,200.6,203.8,177.85,179.7,198055,1626105
2026-03-30 14:03:00+05:30,180.85,186.8,161.05,180.0,379860,1626105
2026-03-30 14:04:00+05:30,180.3,190.1,165.55,188.95,316095,1626105
2026-03-30 14:05:00+05:30,188.65,192.55,180.0,181.0,191620,1706120
2026-03-30 14:06:00+05:30,181.5,198.3,180.85,195.6,268710,1706120
2026-03-30 14:07:00+05:30,195.7,197.3,185.05,189.0,128310,1706120
2026-03-30 14:08:00+05:30,188.55,189.0,170.15,185.15,165880,1683435
2026-03-30 14:09:00+05:30,185.4,201.45,181.25,199.25,197405,1683435
2026-03-30 14:10:00+05:30,198.7,211.0,195.15,209.7,232375,1683435
2026-03-30 14:11:00+05:30,209.2,223.0,207.0,217.3,199875,1676415
2026-03-30 14:12:00+05:30,217.0,224.65,206.4,211.65,174655,1676415
2026-03-30 14:13:00+05:30,210.8,232.75,208.0,230.15,201175,1676415
2026-03-30 14:14:00+05:30,229.9,232.9,224.5,228.95,131430,1594775
2026-03-30 14:15:00+05:30,228.95,234.25,220.55,229.2,130910,1594775
2026-03-30 14:16:00+05:30,229.0,234.4,219.45,224.4,99190,1594775
2026-03-30 14:17:00+05:30,224.3,234.9,222.0,227.65,97175,1565265
2026-03-30 14:18:00+05:30,227.6,240.0,226.45,233.85,153985,1565265
2026-03-30 14:19:00+05:30,233.45,234.7,224.4,234.7,109850,1565265
2026-03-30 14:20:00+05:30,233.85,234.05,209.0,220.4,143325,1490970
2026-03-30 14:21:00+05:30,221.25,244.8,217.7,240.3,183430,1490970
2026-03-30 14:22:00+05:30,239.7,251.25,233.6,248.55,156130,1490970
2026-03-30 14:23:00+05:30,248.65,264.0,240.8,241.7,295295,1360775
2026-03-30 14:24:00+05:30,241.65,262.3,237.9,258.4,130975,1360775
2026-03-30 14:25:00+05:30,259.1,260.3,248.65,255.45,77935,1360775
2026-03-30 14:26:00+05:30,255.45,269.0,249.55,260.1,111865,1327040
2026-03-30 14:27:00+05:30,260.85,261.0,249.55,258.2,73450,1327040
2026-03-30 14:28:00+05:30,257.95,263.75,255.5,257.8,70785,1327040
2026-03-30 14:29:00+05:30,257.4,274.65,253.75,266.75,84045,1279980
2026-03-30 14:30:00+05:30,265.0,270.85,255.9,260.1,73775,1279980
2026-03-30 14:31:00+05:30,261.45,263.25,229.75,251.1,181480,1279980
2026-03-30 14:32:00+05:30,249.75,257.45,242.6,256.3,84045,1247415
2026-03-30 14:33:00+05:30,256.5,267.0,253.6,266.2,90610,1247415
2026-03-30 14:34:00+05:30,265.7,285.9,264.0,284.15,176670,1247415
2026-03-30 14:35:00+05:30,285.0,295.75,277.9,289.65,146120,1192295
2026-03-30 14:36:00+05:30,290.6,290.85,272.5,281.9,65520,1192295
2026-03-30 14:37:00+05:30,281.1,288.3,273.0,280.15,59150,1192295
2026-03-30 14:38:00+05:30,280.2,282.75,274.05,281.0,46020,1191515
2026-03-30 14:39:00+05:30,280.85,290.0,280.0,281.25,61360,1191515
2026-03-30 14:40:00+05:30,280.15,281.6,273.4,281.6,44135,1191515
2026-03-30 14:41:00+05:30,280.3,285.0,273.0,284.35,48360,1180660
2026-03-30 14:42:00+05:30,282.55,282.55,254.1,270.1,94510,1180660
2026-03-30 14:43:00+05:30,269.5,283.25,268.65,272.85,35035,1180660
2026-03-30 14:44:00+05:30,272.8,279.25,271.8,278.45,16705,1172730
2026-03-30 14:45:00+05:30,275.5,283.8,254.15,277.65,93665,1172730
2026-03-30 14:46:00+05:30,276.35,282.0,273.75,279.0,41665,1172730
2026-03-30 14:47:00+05:30,276.0,290.0,274.0,285.85,66755,1144975
2026-03-30 14:48:00+05:30,284.85,299.6,282.3,294.15,71955,1144975
2026-03-30 14:49:00+05:30,294.35,299.9,280.35,282.85,64480,1144975
2026-03-30 14:50:00+05:30,282.25,283.0,263.0,270.15,69355,1145495
2026-03-30 14:51:00+05:30,270.5,278.3,268.7,275.65,52845,1145495
2026-03-30 14:52:00+05:30,275.45,285.0,272.0,284.0,75205,1145495
2026-03-30 14:53:00+05:30,283.8,293.75,279.9,287.65,48360,1109030
2026-03-30 14:54:00+05:30,287.25,302.05,278.85,295.7,68445,1109030
2026-03-30 14:55:00+05:30,294.8,300.0,290.0,291.35,32500,1109030
2026-03-30 14:56:00+05:30,290.0,297.45,285.8,294.6,31395,1086345
2026-03-30 14:57:00+05:30,296.0,315.0,287.95,293.8,90155,1086345
2026-03-30 14:58:00+05:30,295.55,300.0,289.3,298.75,33085,1086345
2026-03-30 14:59:00+05:30,298.75,306.95,291.0,296.0,80275,1054950
2026-03-30 15:00:00+05:30,296.05,335.65,296.05,326.8,462345,1054950
2026-03-30 15:01:00+05:30,325.95,327.7,295.7,320.3,216775,1054950
2026-03-30 15:02:00+05:30,320.6,337.5,316.7,334.2,70785,1054950
2026-03-30 15:03:00+05:30,335.25,348.8,327.0,346.35,88985,1024985
2026-03-30 15:04:00+05:30,344.55,358.7,341.75,346.65,96915,1024985
2026-03-30 15:05:00+05:30,346.15,354.15,342.25,353.2,63245,1024985
2026-03-30 15:06:00+05:30,352.0,362.0,346.05,352.35,49465,985140
2026-03-30 15:07:00+05:30,351.6,353.0,344.05,349.3,35945,985140
2026-03-30 15:08:00+05:30,349.25,357.7,347.55,354.9,37830,985140
2026-03-30 15:09:00+05:30,354.65,355.7,347.3,349.1,37180,954655
2026-03-30 15:10:00+05:30,351.5,351.85,344.25,346.5,31330,954655
2026-03-30 15:11:00+05:30,346.0,346.65,330.05,333.6,64675,954655
2026-03-30 15:12:00+05:30,333.0,334.2,318.75,322.45,57330,962975
2026-03-30 15:13:00+05:30,321.0,333.35,321.0,327.55,37375,962975
2026-03-30 15:14:00+05:30,327.9,330.6,324.25,327.15,44330,962975
2026-03-30 15:15:00+05:30,327.0,330.9,322.1,322.1,45305,971035
2026-03-30 15:16:00+05:30,322.6,322.6,315.95,320.0,23205,971035
2026-03-30 15:17:00+05:30,320.0,324.2,318.1,321.05,18265,971035
2026-03-30 15:18:00+05:30,321.0,323.45,316.9,322.4,22490,967850
2026-03-30 15:19:00+05:30,321.2,324.0,321.2,323.0,10335,967850
2026-03-30 15:20:00+05:30,322.35,323.7,320.35,320.35,20475,967850
2026-03-30 15:21:00+05:30,320.35,322.2,318.7,320.1,11375,963560
2026-03-30 15:22:00+05:30,319.15,320.05,315.15,317.15,22685,963560
2026-03-30 15:23:00+05:30,316.95,317.05,314.0,315.8,11635,963560
2026-03-30 15:24:00+05:30,316.25,317.2,314.9,317.2,9880,963495
2026-03-30 15:25:00+05:30,317.35,319.7,316.6,318.95,13195,963495
2026-03-30 15:26:00+05:30,318.35,318.5,317.0,317.3,8645,963495
2026-03-30 15:27:00+05:30,317.75,317.75,314.85,317.05,15015,958360
2026-03-30 15:28:00+05:30,317.75,317.75,316.25,317.2,12350,958360
2026-03-30 15:29:00+05:30,317.35,317.8,316.3,317.15,41340,958360
