ts,spot,atm_frozen_at_1450,ATM-2_K83300_CE_close,ATM-2_K83300_CE_OI,ATM-2_K83300_CE_OI_chg_vs_1430,ATM-2_K83300_PE_close,ATM-2_K83300_PE_OI,ATM-2_K83300_PE_OI_chg_vs_1430,ATM-1_K83400_CE_close,ATM-1_K83400_CE_OI,ATM-1_K83400_CE_OI_chg_vs_1430,ATM-1_K83400_PE_close,ATM-1_K83400_PE_OI,ATM-1_K83400_PE_OI_chg_vs_1430,ATM_K83500_CE_close,ATM_K83500_CE_OI,ATM_K83500_CE_OI_chg_vs_1430,ATM_K83500_PE_close,ATM_K83500_PE_OI,ATM_K83500_PE_OI_chg_vs_1430,ATM+1_K83600_CE_close,ATM+1_K83600_CE_OI,ATM+1_K83600_CE_OI_chg_vs_1430,ATM+1_K83600_PE_close,ATM+1_K83600_PE_OI,ATM+1_K83600_PE_OI_chg_vs_1430,ATM+2_K83700_CE_close,ATM+2_K83700_CE_OI,ATM+2_K83700_CE_OI_chg_vs_1430,ATM+2_K83700_PE_close,ATM+2_K83700_PE_OI,ATM+2_K83700_PE_OI_chg_vs_1430
14:30,83477.79,83500,189.3,2466380,0,16.75,6195020,0,107.1,4488600,0,37.6,4795140,0,55.8,8112220,0,84.95,2401980,0,25.2,5375260,0,153.35,715960,0,11.85,3998440,0,243.9,254440,0
14:31,83481.75,83500,187.7,2466380,0,15.65,6195020,0,107.85,4488600,0,36.85,4795140,0,54.45,8112220,0,82.85,2401980,0,24.65,5375260,0,154.05,715960,0,11.5,3998440,0,241.2,254440,0
14:32,83475.84,83500,192.35,2466380,0,14.4,6195020,0,111.5,4488600,0,33.35,4795140,0,55.95,8112220,0,76.5,2401980,0,24.5,5375260,0,146.65,715960,0,10.35,3998440,0,232.45,254440,0
14:33,83493.59,83500,204.65,2474720,8340,13.35,6399020,204000,121.35,4579140,90540,28.35,5217000,421860,59.2,8391400,279180,66.65,2699940,297960,25.15,5704820,329560,134.15,755480,39520,9.85,4176880,178440,218.25,274460,20020
14:34,83522.63,83500,215.0,2474720,8340,13.4,6399020,204000,126.0,4579140,90540,27.35,5217000,421860,64.15,8391400,279180,63.6,2699940,297960,26.7,5704820,329560,128.55,755480,39520,10.8,4176880,178440,212.2,274460,20020
14:35,83527.02,83500,221.65,2474720,8340,13.4,6399020,204000,134.7,4579140,90540,27.15,5217000,421860,67.1,8391400,279180,60.65,2699940,297960,30.4,5704820,329560,123.35,755480,39520,12.4,4176880,178440,205.0,274460,20020
14:36,83553.02,83500,245.35,1917600,-548780,11.6,6378260,183240,155.55,3255020,-1233580,20.85,6225250,1430110,82.55,7867520,-244700,47.6,4183740,1781760,38.0,6475100,1099840,104.25,1201120,485160,15.5,4684820,686380,183.1,369580,115140
14:37,83564.29,83500,261.15,1917600,-548780,12.05,6378260,183240,167.85,3255020,-1233580,21.25,6225250,1430110,92.9,7867520,-244700,45.7,4183740,1781760,44.95,6475100,1099840,96.55,1201120,485160,19.35,4684820,686380,171.1,369580,115140
14:38,83522.73,83500,252.7,1917600,-548780,13.05,6378260,183240,162.05,3255020,-1233580,22.85,6225250,1430110,88.6,7867520,-244700,48.9,4183740,1781760,42.3,6475100,1099840,103.5,1201120,485160,18.45,4684820,686380,180.05,369580,115140
14:39,83521.48,83500,240.05,1797280,-669100,13.95,5685940,-509080,151.6,2601580,-1887020,24.7,6046520,1251380,80.85,5435240,-2676980,53.7,5240460,2838480,37.25,5586980,211720,111.1,1809440,1093480,16.0,4464310,465870,190.35,477260,222820
14:40,83516.49,83500,249.55,1797280,-669100,13.3,5685940,-509080,157.6,2601580,-1887020,24.15,6046520,1251380,85.35,5435240,-2676980,51.95,5240460,2838480,39.7,5586980,211720,105.0,1809440,1093480,17.2,4464310,465870,182.75,477260,222820
14:41,83524.21,83500,258.15,1797280,-669100,9.8,5685940,-509080,166.05,2601580,-1887020,17.7,6046520,1251380,87.75,5435240,-2676980,41.35,5240460,2838480,40.1,5586980,211720,93.65,1809440,1093480,16.9,4464310,465870,169.85,477260,222820
14:42,83541.04,83500,261.8,1784320,-682060,11.35,5769380,-425640,169.95,2456520,-2032080,19.1,5886540,1091400,92.2,5721500,-2390720,42.65,5795000,3393020,42.15,6417100,1041840,91.55,1779520,1063560,17.75,5100940,1102500,167.3,519700,265260
14:43,83514.78,83500,266.6,1784320,-682060,11.55,5769380,-425640,173.05,2456520,-2032080,19.85,5886540,1091400,94.5,5721500,-2390720,41.35,5795000,3393020,42.85,6417100,1041840,89.95,1779520,1063560,18.1,5100940,1102500,165.4,519700,265260
14:44,83531.44,83500,271.15,1784320,-682060,9.95,5769380,-425640,175.9,2456520,-2032080,16.25,5886540,1091400,96.0,5721500,-2390720,35.8,5795000,3393020,41.55,6417100,1041840,82.65,1779520,1063560,17.45,5100940,1102500,158.6,519700,265260
14:45,83562.76,83500,274.3,1731100,-735280,10.35,5563920,-631100,180.2,2275450,-2213150,16.4,6022440,1227300,97.55,5559900,-2552320,34.15,6528580,4126600,42.9,6702980,1327720,80.1,1957940,1241980,18.15,5520240,1521800,155.5,537080,282640
14:46,83560.04,83500,276.3,1731100,-735280,9.9,5563920,-631100,182.3,2275450,-2213150,14.75,6022440,1227300,97.45,5559900,-2552320,31.0,6528580,4126600,41.9,6702980,1327720,74.7,1957940,1241980,17.35,5520240,1521800,150.65,537080,282640
14:47,83542.93,83500,243.9,1731100,-735280,13.05,5563920,-631100,152.45,2275450,-2213150,21.4,6022440,1227300,77.05,5559900,-2552320,45.35,6528580,4126600,31.6,6702980,1327720,99.5,1957940,1241980,12.55,5520240,1521800,182.3,537080,282640
14:48,83524.67,83500,230.6,1650840,-815540,14.9,5247860,-947160,141.9,2095640,-2392960,26.4,5874940,1079800,70.6,5411950,-2700270,55.4,7496070,5094090,28.8,7353720,1978460,113.2,2135740,1419780,12.2,5858340,1859900,196.4,628720,374280
14:49,83498.09,83500,221.75,1650840,-815540,17.2,5247860,-947160,136.0,2095640,-2392960,32.2,5874940,1079800,67.35,5411950,-2700270,63.55,7496070,5094090,27.65,7353720,1978460,123.45,2135740,1419780,11.9,5858340,1859900,209.05,628720,374280
14:50,83488.29,83500,213.1,1650840,-815540,9.95,5247860,-947160,125.1,2095640,-2392960,20.35,5874940,1079800,54.55,5411950,-2700270,48.6,7496070,5094090,19.65,7353720,1978460,115.6,2135740,1419780,8.0,5858340,1859900,203.3,628720,374280
14:51,83486.42,83500,218.55,1666920,-799460,11.55,5033800,-1161220,128.5,2682080,-1806520,22.1,5920360,1125220,58.85,6421040,-1691180,51.35,6609940,4207960,22.0,7754660,2379400,115.1,1854260,1138300,8.55,5654700,1656260,203.3,540480,286040
14:52,83499.21,83500,220.2,1666920,-799460,11.3,5033800,-1161220,132.2,2682080,-1806520,21.25,5920360,1125220,59.85,6421040,-1691180,49.7,6609940,4207960,22.15,7754660,2379400,114.0,1854260,1138300,8.7,5654700,1656260,198.0,540480,286040
14:53,83544.55,83500,251.15,1666920,-799460,7.05,5033800,-1161220,155.6,2682080,-1806520,12.15,5920360,1125220,74.3,6421040,-1691180,29.8,6609940,4207960,27.4,7754660,2379400,83.3,1854260,1138300,10.1,5654700,1656260,165.95,540480,286040
14:54,83544.35,83500,234.1,1684600,-781780,7.3,5554650,-640370,140.5,2331560,-2157040,12.3,6775840,1980700,69.3,6874620,-1237600,33.2,6006960,3604980,22.65,8197780,2822520,89.25,1742490,1026530,7.55,5720380,1721940,181.45,526060,271620
14:55,83530.48,83500,249.0,1684600,-781780,6.3,5554650,-640370,153.8,2331560,-2157040,11.3,6775840,1980700,71.3,6874620,-1237600,29.3,6006960,3604980,24.95,8197780,2822520,82.95,1742490,1026530,7.95,5720380,1721940,167.05,526060,271620
14:56,83530.57,83500,248.0,1684600,-781780,5.95,5554650,-640370,157.35,2331560,-2157040,11.0,6775840,1980700,73.0,6874620,-1237600,29.05,6006960,3604980,24.55,8197780,2822520,81.15,1742490,1026530,8.2,5720380,1721940,163.6,526060,271620
14:57,83572.04,83500,267.45,1592640,-873740,5.0,5093940,-1101080,171.25,2011080,-2477520,7.9,7214140,2419000,83.3,6468660,-1643560,20.1,7032940,4630960,30.4,8825260,3450000,65.85,2258700,1542740,9.8,6199120,2200680,146.85,723480,469040
14:58,83580.63,83500,286.95,1592640,-873740,5.0,5093940,-1101080,186.05,2011080,-2477520,7.15,7214140,2419000,94.45,6468660,-1643560,14.9,7032940,4630960,33.35,8825260,3450000,53.15,2258700,1542740,10.0,6199120,2200680,128.95,723480,469040
14:59,83609.3,83500,308.8,1592640,-873740,5.5,5093940,-1101080,210.85,2011080,-2477520,7.6,7214140,2419000,115.65,6468660,-1643560,12.2,7032940,4630960,39.4,8825260,3450000,36.5,2258700,1542740,12.3,6199120,2200680,109.6,723480,469040
15:00,83598.62,83500,320.25,1440820,-1025560,4.3,4465380,-1729640,221.1,1676400,-2812200,5.55,6684220,1889080,123.3,5064840,-3047380,9.5,9232640,6830660,41.2,9598260,4223000,28.55,3286500,2570540,11.9,6728060,2729620,99.75,851660,597220
15:01,83551.82,83500,268.05,1440820,-1025560,2.65,4465380,-1729640,167.85,1676400,-2812200,5.3,6684220,1889080,76.25,5064840,-3047380,14.15,9232640,6830660,15.35,9598260,4223000,53.6,3286500,2570540,4.05,6728060,2729620,141.65,851660,597220
15:02,83528.73,83500,253.45,1440820,-1025560,3.4,4465380,-1729640,156.75,1676400,-2812200,6.15,6684220,1889080,67.85,5064840,-3047380,18.05,9232640,6830660,15.2,9598260,4223000,66.6,3286500,2570540,3.95,6728060,2729620,155.55,851660,597220
15:03,83471.56,83500,232.5,1473360,-993020,3.4,4056800,-2138220,135.95,1617860,-2870740,8.0,5723520,928380,52.3,4699730,-3412490,23.65,9566480,7164500,9.3,10422100,5046840,81.65,4635550,3919590,3.9,7319000,3320560,177.55,1001180,746740
15:04,83524.61,83500,225.65,1473360,-993020,2.55,4056800,-2138220,126.25,1617860,-2870740,5.45,5723520,928380,40.2,4699730,-3412490,18.75,9566480,7164500,7.2,10422100,5046840,88.05,4635550,3919590,2.75,7319000,3320560,183.85,1001180,746740
15:05,83447.37,83500,182.3,1473360,-993020,3.2,4056800,-2138220,86.5,1617860,-2870740,8.65,5723520,928380,16.15,4699730,-3412490,36.85,9566480,7164500,2.8,10422100,5046840,124.4,4635550,3919590,2.2,7319000,3320560,223.5,1001180,746740
15:06,83443.23,83500,160.05,1320360,-1146020,3.3,4046370,-2148650,67.5,2197580,-2291020,10.75,6797000,2001860,10.85,7171080,-941140,55.2,9470350,7068370,3.2,10573040,5197780,147.0,3056960,2341000,2.05,6548800,2550360,246.1,746680,492240
15:07,83408.85,83500,168.7,1320360,-1146020,3.55,4046370,-2148650,78.8,2197580,-2291020,12.5,6797000,2001860,14.85,7171080,-941140,49.2,9470350,7068370,1.95,10573040,5197780,137.2,3056960,2341000,1.2,6548800,2550360,236.3,746680,492240
15:08,83468.77,83500,177.65,1320360,-1146020,2.1,4046370,-2148650,83.1,2197580,-2291020,5.75,6797000,2001860,11.35,7171080,-941140,33.95,9470350,7068370,1.8,10573040,5197780,124.9,3056960,2341000,1.0,6548800,2550360,224.95,746680,492240
15:09,83446.55,83500,171.05,1348560,-1117820,1.25,3989240,-2205780,75.0,2843720,-1644880,3.85,7659040,2863900,8.25,10255080,2142860,37.6,7010620,4608640,1.2,9230720,3855460,129.6,2042920,1326960,0.55,4997900,999460,230.0,467950,213510
15:10,83404.31,83500,164.65,1348560,-1117820,2.25,3989240,-2205780,70.7,2843720,-1644880,9.2,7659040,2863900,4.85,10255080,2142860,44.35,7010620,4608640,1.35,9230720,3855460,139.35,2042920,1326960,0.9,4997900,999460,240.0,467950,213510
15:11,83470.98,83500,163.6,1348560,-1117820,1.6,3989240,-2205780,66.0,2843720,-1644880,5.0,7659040,2863900,2.55,10255080,2142860,43.0,7010620,4608640,0.8,9230720,3855460,139.65,2042920,1326960,0.6,4997900,999460,238.8,467950,213510
15:12,83441.75,83500,152.05,1406340,-1060040,1.55,4693480,-1501540,55.95,4069900,-418700,5.35,10852200,6057060,2.45,12722900,4610680,53.35,6918590,4516610,0.75,6157400,782140,153.0,1716300,1000340,0.65,3330420,-668020,252.6,401760,147320
15:13,83423.35,83500,143.2,1406340,-1060040,1.1,4693480,-1501540,45.45,4069900,-418700,3.25,10852200,6057060,2.1,12722900,4610680,59.65,6918590,4516610,0.55,6157400,782140,160.2,1716300,1000340,0.45,3330420,-668020,260.45,401760,147320
15:14,83373.17,83500,157.95,1406340,-1060040,1.45,4693480,-1501540,61.2,4069900,-418700,4.8,10852200,6057060,1.65,12722900,4610680,45.2,6918590,4516610,0.35,6157400,782140,144.6,1716300,1000340,0.25,3330420,-668020,244.4,401760,147320
15:15,83436.27,83500,150.8,1504780,-961600,1.45,4048440,-2146580,53.5,4155640,-332960,3.05,11640300,6845160,0.65,13778320,5666100,50.85,6355900,3953920,0.35,5379420,4160,151.15,1534960,819000,0.35,3361000,-637440,250.45,357340,102900
15:16,83451.19,83500,152.1,1504780,-961600,0.95,4048440,-2146580,52.9,4155640,-332960,1.85,11640300,6845160,1.4,13778320,5666100,50.8,6355900,3953920,0.35,5379420,4160,149.05,1534960,819000,0.35,3361000,-637440,249.55,357340,102900
15:17,83433.24,83500,152.25,1504780,-961600,0.75,4048440,-2146580,52.7,4155640,-332960,1.45,11640300,6845160,0.65,13778320,5666100,49.45,6355900,3953920,0.3,5379420,4160,149.0,1534960,819000,0.3,3361000,-637440,249.75,357340,102900
15:18,83417.63,83500,155.25,1447620,-1018760,0.85,4166000,-2029020,55.6,4254520,-234080,1.8,13172740,8377600,0.5,11331840,3219620,46.65,5604900,3202920,0.15,4532760,-842500,146.5,1348080,632120,0.2,2853640,-1144800,246.75,311480,57040
15:19,83393.24,83500,156.65,1447620,-1018760,0.5,4166000,-2029020,57.1,4254520,-234080,1.05,13172740,8377600,0.25,11331840,3219620,44.0,5604900,3202920,0.1,4532760,-842500,144.05,1348080,632120,0.15,2853640,-1144800,244.1,311480,57040
15:20,83416.79,83500,159.0,1447620,-1018760,0.4,4166000,-2029020,59.35,4254520,-234080,1.1,13172740,8377600,0.2,11331840,3219620,41.6,5604900,3202920,0.15,4532760,-842500,141.7,1348080,632120,0.15,2853640,-1144800,241.95,311480,57040
15:21,83438.76,83500,162.9,1548520,-917860,0.15,3811520,-2383500,63.5,3924840,-563760,0.3,13458100,8662960,0.25,10124640,2012420,37.2,5388200,2986220,0.05,4255000,-1120260,136.9,1177780,461820,0.1,2682120,-1316320,237.05,287960,33520
15:22,83428.26,83500,164.45,1548520,-917860,0.1,3811520,-2383500,64.0,3924840,-563760,0.15,13458100,8662960,0.15,10124640,2012420,36.2,5388200,2986220,0.05,4255000,-1120260,136.25,1177780,461820,0.1,2682120,-1316320,236.95,287960,33520
15:23,83413.9,83500,163.3,1548520,-917860,0.05,3811520,-2383500,63.6,3924840,-563760,0.15,13458100,8662960,0.1,10124640,2012420,36.6,5388200,2986220,0.05,4255000,-1120260,136.95,1177780,461820,0.1,2682120,-1316320,236.7,287960,33520
15:24,83418.36,83500,164.55,1179360,-1287020,0.1,2866260,-3328760,65.0,3313320,-1175280,0.15,9098800,4303660,0.05,7685980,-426240,35.25,4550140,2148160,0.05,3753540,-1621720,135.45,969200,253240,0.1,2388920,-1609520,235.2,234660,-19780
15:25,83396.22,83500,161.35,1179360,-1287020,0.05,2866260,-3328760,61.4,3313320,-1175280,0.1,9098800,4303660,0.05,7685980,-426240,38.5,4550140,2148160,0.05,3753540,-1621720,138.65,969200,253240,0.15,2388920,-1609520,238.45,234660,-19780
15:26,83416.29,83500,166.3,1179360,-1287020,0.1,2866260,-3328760,66.15,3313320,-1175280,0.05,9098800,4303660,0.05,7685980,-426240,33.1,4550140,2148160,0.05,3753540,-1621720,133.65,969200,253240,0.05,2388920,-1609520,233.7,234660,-19780
15:27,83398.7,83500,165.85,1091780,-1374600,0.05,2562640,-3632380,66.25,2741860,-1746740,0.1,7879000,3083860,0.1,6964860,-1147360,33.6,3827860,1425880,0.05,3427550,-1947710,133.3,835360,119400,0.1,2249080,-1749360,233.5,203800,-50640
15:28,83394.91,83500,166.5,1091780,-1374600,0.05,2562640,-3632380,66.75,2741860,-1746740,0.1,7879000,3083860,0.05,6964860,-1147360,32.75,3827860,1425880,0.05,3427550,-1947710,132.9,835360,119400,0.1,2249080,-1749360,232.6,203800,-50640
15:29,83385.4,83500,167.6,1091780,-1374600,0.1,2323660,-3871360,67.6,2386640,-2101960,0.05,7125540,2330400,0.05,6964860,-1147360,32.3,3827860,1425880,0.05,3427550,-1947710,132.1,835360,119400,0.1,2249080,-1749360,232.0,203800,-50640
15:30,,83500,,,,,,,,,,,,,,,,,,,,,,,,,,,,,,
