ts,spot,atm_frozen_at_1450,ATM-2_K85200_CE_close,ATM-2_K85200_CE_OI,ATM-2_K85200_CE_OI_chg_vs_1430,ATM-2_K85200_PE_close,ATM-2_K85200_PE_OI,ATM-2_K85200_PE_OI_chg_vs_1430,ATM-1_K85300_CE_close,ATM-1_K85300_CE_OI,ATM-1_K85300_CE_OI_chg_vs_1430,ATM-1_K85300_PE_close,ATM-1_K85300_PE_OI,ATM-1_K85300_PE_OI_chg_vs_1430,ATM_K85400_CE_close,ATM_K85400_CE_OI,ATM_K85400_CE_OI_chg_vs_1430,ATM_K85400_PE_close,ATM_K85400_PE_OI,ATM_K85400_PE_OI_chg_vs_1430,ATM+1_K85500_CE_close,ATM+1_K85500_CE_OI,ATM+1_K85500_CE_OI_chg_vs_1430,ATM+1_K85500_PE_close,ATM+1_K85500_PE_OI,ATM+1_K85500_PE_OI_chg_vs_1430,ATM+2_K85600_CE_close,ATM+2_K85600_CE_OI,ATM+2_K85600_CE_OI_chg_vs_1430,ATM+2_K85600_PE_close,ATM+2_K85600_PE_OI,ATM+2_K85600_PE_OI_chg_vs_1430
14:30,85422.85,85400,220.95,695180,0,5.09,5516480,0,130.94,2065340,0,15.05,8860300,0,60.1,6286360,0,44.1,7171960,0,20.5,12494100,0,104.9,5213360,0,6.2,10020960,0,190.65,1820890,0
14:31,85399.19,85400,210.3,695180,0,5.7,5516480,0,119.95,2065340,0,17.39,8860300,0,53.1,6286360,0,49.1,7171960,0,17.14,12494100,0,113.2,5213360,0,5.15,10020960,0,200.65,1820890,0
14:32,85400.88,85400,202.4,668860,-26320,6.95,5434100,-82380,114.8,1968300,-97040,20.55,9512180,651880,48.8,6799780,513420,54.65,8271240,1099280,15.3,12921800,427700,121.85,4569140,-644220,4.45,9695540,-325420,209.6,1874220,53330
14:33,85414.94,85400,212.95,668860,-26320,6.1,5434100,-82380,123.4,1968300,-97040,17.3,9512180,651880,54.15,6799780,513420,48.65,8271240,1099280,16.95,12921800,427700,112.05,4569140,-644220,4.65,9695540,-325420,198.65,1874220,53330
14:34,85403.0,85400,210.35,680480,-14700,5.5,5434100,-82380,120.9,1968300,-97040,16.8,10216160,1355860,51.15,7000080,713720,46.95,8271240,1099280,15.0,12921800,427700,111.25,4569140,-644220,3.9,9416980,-603980,199.2,1874220,53330
14:35,85369.5,85400,203.2,680480,-14700,6.35,5434100,-82380,116.0,1968300,-97040,18.85,10216160,1355860,47.85,7000080,713720,51.65,8271240,1099280,13.75,12921800,427700,117.5,4569140,-644220,3.5,9416980,-603980,207.35,1874220,53330
14:36,85378.71,85400,194.25,680480,-14700,6.55,5434100,-82380,106.75,1968300,-97040,20.35,10216160,1355860,41.3,7000080,713720,56.0,8271240,1099280,11.0,12921800,427700,124.45,4569140,-644220,3.05,9416980,-603980,218.05,1874220,53330
14:37,85380.64,85400,195.65,797480,102300,7.35,5860540,344060,109.55,2319080,253740,21.95,10416060,1555760,43.0,8049760,1763400,57.05,7936360,764400,11.4,12664200,170100,124.0,3978800,-1234560,2.9,8683580,-1337380,216.25,1782500,-38390
14:38,85391.56,85400,201.55,797480,102300,5.7,5860540,344060,111.85,2319080,253740,18.85,10416060,1555760,45.1,8049760,1763400,50.4,7936360,764400,11.55,12664200,170100,117.8,3978800,-1234560,2.8,8683580,-1337380,207.1,1782500,-38390
14:39,85388.77,85400,210.15,797480,102300,4.65,5860540,344060,120.0,2319080,253740,15.05,10416060,1555760,49.8,8049760,1763400,44.15,7936360,764400,13.65,12664200,170100,108.75,3978800,-1234560,3.2,8683580,-1337380,197.4,1782500,-38390
14:40,85378.12,85400,205.4,771960,76780,5.25,5813600,297120,116.4,2343980,278640,16.39,10409240,1548940,45.9,8536280,2249920,46.4,8111860,939900,12.55,12955280,461180,112.65,4119180,-1094180,3.1,8598880,-1422080,202.3,1751600,-69290
14:41,85379.14,85400,201.1,771960,76780,5.2,5813600,297120,111.65,2343980,278640,16.85,10409240,1548940,42.6,8536280,2249920,48.3,8111860,939900,10.55,12955280,461180,116.3,4119180,-1094180,2.5,8598880,-1422080,207.4,1751600,-69290
14:42,85389.5,85400,198.8,776720,81540,4.45,6008060,491580,109.65,2412860,347520,15.9,11272060,2411760,41.1,8675540,2389180,47.7,8314260,1142300,9.85,12798300,304200,117.25,4032240,-1181120,2.54,8119880,-1901080,209.2,1762260,-58630
14:43,85402.15,85400,207.8,776720,81540,3.2,6008060,491580,116.45,2412860,347520,12.7,11272060,2411760,45.35,8675540,2389180,42.05,8314260,1142300,11.45,12798300,304200,108.05,4032240,-1181120,2.75,8119880,-1901080,198.9,1762260,-58630
14:44,85416.29,85400,218.9,776720,81540,2.85,6008060,491580,126.55,2412860,347520,9.69,11272060,2411760,51.3,8675540,2389180,35.9,8314260,1142300,13.4,12798300,304200,98.5,4032240,-1181120,3.4,8119880,-1901080,186.9,1762260,-58630
14:45,85434.06,85400,222.7,669240,-25940,2.5,6008060,491580,130.44,2412860,347520,8.75,10663640,1803340,53.8,8227880,1941520,34.15,8314260,1142300,15.65,12798300,304200,95.4,4032240,-1181120,3.9,8014080,-2006880,185.3,1762260,-58630
14:46,85439.05,85400,237.05,669240,-25940,2.5,6008060,491580,146.44,2412860,347520,7.45,10663640,1803340,65.59,8227880,1941520,27.7,8314260,1142300,18.39,12798300,304200,84.7,4032240,-1181120,4.55,8014080,-2006880,169.05,1762260,-58630
14:47,85448.22,85400,242.55,669240,-25940,1.6,6008060,491580,145.0,2412860,347520,5.2,10663640,1803340,64.25,8227880,1941520,24.55,8314260,1142300,19.45,12798300,304200,78.59,4032240,-1181120,4.34,8014080,-2006880,166.3,1762260,-58630
14:48,85409.71,85400,213.9,576980,-118200,2.15,6008060,491580,119.65,1860640,-204700,7.7,9403140,542840,45.8,7146680,860320,33.54,8314260,1142300,11.7,13975340,1481240,98.05,4789100,-424260,2.6,8603280,-1417680,189.15,1774880,-46010
14:49,85395.47,85400,202.0,576980,-118200,1.9,6008060,491580,108.25,1860640,-204700,8.05,9403140,542840,37.25,7146680,860320,38.2,8314260,1142300,8.15,13975340,1481240,109.05,4789100,-424260,2.04,8603280,-1417680,201.6,1774880,-46010
14:50,85377.76,85400,200.0,576980,-118200,2.35,6008060,491580,107.55,1860640,-204700,9.19,9403140,542840,37.1,7146680,860320,39.79,8314260,1142300,7.25,13975340,1481240,108.3,4789100,-424260,1.65,8603280,-1417680,202.65,1774880,-46010
14:51,85360.85,85400,186.0,617640,-77540,3.25,4503480,-1013000,96.05,2170080,104740,12.85,10231240,1370940,30.45,7883700,1597340,47.65,9585660,2413700,5.5,13398060,903960,121.9,4101160,-1112200,1.35,7992120,-2028840,216.75,1703860,-117030
14:52,85366.19,85400,193.35,617640,-77540,3.35,4503480,-1013000,102.1,2170080,104740,12.0,10231240,1370940,32.95,7883700,1597340,43.4,9585660,2413700,5.6,13398060,903960,115.55,4101160,-1112200,1.2,7992120,-2028840,211.15,1703860,-117030
14:53,85345.98,85400,194.0,735540,40360,3.25,4503480,-1013000,105.45,2170080,104740,13.2,11471480,2611180,33.4,9482580,3196220,42.0,9585660,2413700,4.8,13398060,903960,114.0,4101160,-1112200,0.95,7044240,-2976720,211.05,1703860,-117030
14:54,85417.65,85400,214.0,735540,40360,2.0,4503480,-1013000,118.1,2170080,104740,7.2,11471480,2611180,39.75,9482580,3196220,29.7,9585660,2413700,6.75,13398060,903960,96.0,4101160,-1112200,1.35,7044240,-2976720,189.95,1703860,-117030
14:55,85404.17,85400,210.75,735540,40360,1.9,4503480,-1013000,116.05,2170080,104740,6.6,11471480,2611180,38.7,9482580,3196220,29.7,9585660,2413700,6.55,13398060,903960,97.9,4101160,-1112200,1.45,7044240,-2976720,191.6,1703860,-117030
14:56,85396.52,85400,212.8,631620,-63560,1.75,4503480,-1013000,117.35,2170080,104740,6.05,11568260,2707960,41.5,8889260,2602900,29.65,9585660,2413700,7.75,13398060,903960,96.45,4101160,-1112200,1.65,6807780,-3213180,189.5,1703860,-117030
14:57,85403.44,85400,205.7,631620,-63560,1.65,4503480,-1013000,109.6,2170080,104740,5.35,11568260,2707960,33.2,8889260,2602900,29.5,9585660,2413700,4.59,13398060,903960,101.55,4101160,-1112200,1.05,6807780,-3213180,196.3,1703860,-117030
14:58,85418.96,85400,221.45,631620,-63560,1.1,4503480,-1013000,124.25,2170080,104740,3.65,11568260,2707960,45.35,8889260,2602900,24.7,9585660,2413700,7.55,13398060,903960,87.9,4101160,-1112200,1.5,6807780,-3213180,181.65,1703860,-117030
14:59,85437.56,85400,226.7,617000,-78180,1.2,4503480,-1013000,128.55,2170080,104740,3.1,11313980,2453680,46.15,8550570,2264210,20.7,9585660,2413700,8.94,13398060,903960,82.95,4101160,-1112200,1.85,6779340,-3241620,175.8,1703860,-117030
15:00,85428.12,85400,210.15,617000,-78180,0.85,4503480,-1013000,110.95,2170080,104740,1.95,11313980,2453680,30.45,8550570,2264210,22.9,9585660,2413700,3.55,13398060,903960,94.25,4101160,-1112200,0.85,6779340,-3241620,191.55,1703860,-117030
15:01,85403.72,85400,193.15,589380,-105800,0.8,4503480,-1013000,95.15,2170080,104740,2.6,10590720,1730420,20.3,9103580,2817220,27.05,9585660,2413700,1.7,13398060,903960,108.85,4101160,-1112200,0.7,6237580,-3783380,207.65,1703860,-117030
15:02,85359.62,85400,193.7,589380,-105800,0.9,4503480,-1013000,96.8,2170080,104740,2.5,10590720,1730420,17.25,9103580,2817220,24.5,9585660,2413700,0.8,13398060,903960,109.2,4101160,-1112200,0.45,6237580,-3783380,207.95,1703860,-117030
15:03,85384.59,85400,201.4,589380,-105800,0.3,4503480,-1013000,101.45,2170080,104740,0.5,10590720,1730420,15.5,9103580,2817220,14.4,9585660,2413700,0.65,13398060,903960,98.95,4101160,-1112200,0.4,6237580,-3783380,198.6,1703860,-117030
15:04,85448.06,85400,211.2,583440,-111740,0.25,3157880,-2358600,112.5,2559240,493900,0.3,9053180,192880,21.35,10658460,4372100,10.7,12104700,4932740,0.65,11001500,-1492600,88.5,3806680,-1406680,0.35,5628460,-4392500,189.4,1550540,-270350
15:05,85454.22,85400,232.0,583440,-111740,0.2,3157880,-2358600,129.85,2559240,493900,0.3,9053180,192880,33.9,10658460,4372100,5.0,12104700,4932740,1.05,11001500,-1492600,70.2,3806680,-1406680,0.3,5628460,-4392500,171.5,1550540,-270350
15:06,85465.3,85400,234.95,583440,-111740,0.2,3157880,-2358600,135.1,2559240,493900,0.25,9053180,192880,39.9,10658460,4372100,2.8,12104700,4932740,1.95,11001500,-1492600,67.2,3806680,-1406680,0.4,5628460,-4392500,165.1,1550540,-270350
15:07,85416.13,85400,223.15,491800,-203380,0.2,2780680,-2735800,123.4,1733270,-332070,0.35,5686000,-3174300,28.1,8468100,2181740,5.3,13705250,6533290,0.6,13244940,750840,78.05,5874440,661080,0.3,5008940,-5012020,178.1,1594680,-226210
15:08,85442.99,85400,228.15,491800,-203380,0.15,2780680,-2735800,128.15,1733270,-332070,0.25,5686000,-3174300,30.15,8468100,2181740,2.9,13705250,6533290,0.5,13244940,750840,73.25,5874440,661080,0.3,5008940,-5012020,172.35,1594680,-226210
15:09,85395.02,85400,221.7,461700,-233480,0.2,2780680,-2735800,120.8,1733270,-332070,0.3,5411700,-3448600,25.8,8102480,1816120,4.4,13705250,6533290,0.45,13244940,750840,80.15,5874440,661080,0.25,4906500,-5114460,179.1,1594680,-226210
15:10,85364.67,85400,223.1,461700,-233480,0.2,2780680,-2735800,123.25,1733270,-332070,0.35,5411700,-3448600,27.1,8102480,1816120,4.09,13705250,6533290,0.5,13244940,750840,77.84,5874440,661080,0.2,4906500,-5114460,177.3,1594680,-226210
15:11,85376.2,85400,225.05,461700,-233480,0.15,2780680,-2735800,126.2,1733270,-332070,0.35,5411700,-3448600,27.85,8102480,1816120,2.4,13705250,6533290,0.25,13244940,750840,74.2,5874440,661080,0.15,4906500,-5114460,174.45,1594680,-226210
15:12,85418.14,85400,225.8,437000,-258180,0.25,2780680,-2735800,126.55,1733270,-332070,0.3,4598000,-4262300,27.7,8472040,2185680,1.9,13705250,6533290,0.3,13244940,750840,74.8,5874440,661080,0.2,4676340,-5344620,173.8,1594680,-226210
15:13,85436.39,85400,226.4,437000,-258180,0.2,2780680,-2735800,126.6,1733270,-332070,0.25,4598000,-4262300,27.4,8472040,2185680,0.85,13705250,6533290,0.25,13244940,750840,74.2,5874440,661080,0.1,4676340,-5344620,173.1,1594680,-226210
15:14,85464.88,85400,227.9,437000,-258180,0.2,2780680,-2735800,128.19,1733270,-332070,0.2,4598000,-4262300,28.1,8472040,2185680,0.35,13705250,6533290,0.25,13244940,750840,72.59,5874440,661080,0.1,4676340,-5344620,172.2,1594680,-226210
15:15,85434.19,85400,225.95,408680,-286500,0.15,2780680,-2735800,126.3,1733270,-332070,0.15,4350320,-4509980,26.2,7348500,1062140,0.4,13705250,6533290,0.15,13244940,750840,74.3,5874440,661080,0.2,4380860,-5640100,174.05,1594680,-226210
15:16,85406.01,85400,224.0,408680,-286500,0.15,2780680,-2735800,124.05,1733270,-332070,0.15,4350320,-4509980,24.0,7348500,1062140,0.2,13705250,6533290,0.2,13244940,750840,76.2,5874440,661080,0.15,4380860,-5640100,175.75,1594680,-226210
15:17,85403.24,85400,216.1,408680,-286500,0.05,2780680,-2735800,116.4,1733270,-332070,0.1,4350320,-4509980,16.7,7348500,1062140,0.15,13705250,6533290,0.15,13244940,750840,83.15,5874440,661080,0.15,4380860,-5640100,183.3,1594680,-226210
15:18,85431.96,85400,218.0,324000,-371180,0.1,2197700,-3318780,117.65,1282780,-782560,0.1,4015780,-4844520,17.7,7057600,771240,0.1,11549120,4377160,0.1,8610380,-3883720,82.6,3487660,-1725700,0.15,4163020,-5857940,182.5,1368560,-452330
15:19,85375.23,85400,212.1,324000,-371180,0.1,2197700,-3318780,112.25,1282780,-782560,0.1,4015780,-4844520,12.65,7057600,771240,0.15,11549120,4377160,0.05,8610380,-3883720,88.2,3487660,-1725700,0.1,4163020,-5857940,188.15,1368560,-452330
15:20,85393.57,85400,212.45,292700,-402480,0.05,2197700,-3318780,112.6,1282780,-782560,0.1,3904280,-4956020,12.4,6896760,610400,0.15,11549120,4377160,0.1,8610380,-3883720,87.9,3487660,-1725700,0.1,3929380,-6091580,187.4,1368560,-452330
15:21,85382.13,85400,208.5,292700,-402480,0.1,2197700,-3318780,108.9,1282780,-782560,0.1,3904280,-4956020,9.3,6896760,610400,0.2,11549120,4377160,0.1,8610380,-3883720,91.6,3487660,-1725700,0.1,3929380,-6091580,191.0,1368560,-452330
15:22,85390.37,85400,209.4,292700,-402480,0.1,2197700,-3318780,109.65,1282780,-782560,0.1,3904280,-4956020,9.35,6896760,610400,0.15,11549120,4377160,0.1,8610380,-3883720,91.15,3487660,-1725700,0.1,3929380,-6091580,190.4,1368560,-452330
15:23,85392.05,85400,207.55,287930,-407250,0.1,2197700,-3318780,106.55,1282780,-782560,0.1,3374760,-5485540,7.3,6236640,-49720,0.15,11549120,4377160,0.1,8610380,-3883720,93.3,3487660,-1725700,0.05,3731700,-6289260,192.9,1368560,-452330
15:24,85373.27,85400,208.05,287930,-407250,0.05,2197700,-3318780,108.0,1282780,-782560,0.1,3374760,-5485540,7.85,6236640,-49720,0.15,11549120,4377160,0.1,8610380,-3883720,92.65,3487660,-1725700,0.05,3731700,-6289260,191.9,1368560,-452330
15:25,85389.89,85400,206.45,287930,-407250,0.05,2197700,-3318780,107.0,1282780,-782560,0.1,3374760,-5485540,7.2,6236640,-49720,0.15,11549120,4377160,0.1,8610380,-3883720,93.3,3487660,-1725700,0.1,3731700,-6289260,193.25,1368560,-452330
15:26,85394.0,85400,205.75,250160,-445020,0.05,2197700,-3318780,105.2,1282780,-782560,0.05,3103640,-5756660,5.65,5352300,-934060,0.15,11549120,4377160,0.05,8610380,-3883720,94.4,3487660,-1725700,0.05,3531880,-6489080,194.4,1368560,-452330
15:27,85389.69,85400,204.65,250160,-445020,0.05,2197700,-3318780,104.5,1282780,-782560,0.05,3103640,-5756660,4.75,5352300,-934060,0.05,11549120,4377160,0.05,8610380,-3883720,95.6,3487660,-1725700,0.1,3531880,-6489080,195.0,1368560,-452330
15:28,85372.97,85400,203.9,200220,-494960,0.05,1522380,-3994100,103.85,639900,-1425440,0.05,2807440,-6052860,4.09,3921120,-2365240,0.05,7477440,305480,0.05,5421920,-7072180,95.85,2337700,-2875660,0.05,3063760,-6957200,195.4,1113460,-707430
15:29,85387.68,85400,207.3,200220,-494960,0.05,1522380,-3994100,107.75,639900,-1425440,0.05,2807440,-6052860,7.3,3921120,-2365240,0.05,7477440,305480,0.05,5421920,-7072180,92.0,2337700,-2875660,0.05,3063760,-6957200,192.0,1113460,-707430
15:30,,85400,,,,,,,,,,,,,,,,,,,,,,,,,,,,,,
